2025-11-05 16:22:59 INFO  Version - HV000001: Hibernate Validator 8.0.0.Final
2025-11-05 16:22:59 INFO  SpringappApplication - Starting SpringappApplication using Java 17.0.15 with PID 20927 (/home/coder/project/workspace/springapp/target/classes started by coder in /home/coder/project/workspace/springapp)
2025-11-05 16:22:59 INFO  SpringappApplication - No active profile set, falling back to 1 default profile: "default"
2025-11-05 16:22:59 INFO  ChangeableUrls - The Class-Path manifest attribute in /home/coder/.m2/repository/com/sun/xml/bind/jaxb-impl/4.0.1/jaxb-impl-4.0.1.jar referenced one or more files that do not exist: file:/home/coder/.m2/repository/com/sun/xml/bind/jaxb-impl/4.0.1/jaxb-core.jar,file:/home/coder/.m2/repository/com/sun/xml/bind/jaxb-impl/4.0.1/angus-activation.jar
2025-11-05 16:22:59 INFO  ChangeableUrls - The Class-Path manifest attribute in /home/coder/.m2/repository/com/sun/xml/bind/jaxb-core/4.0.1/jaxb-core-4.0.1.jar referenced one or more files that do not exist: file:/home/coder/.m2/repository/com/sun/xml/bind/jaxb-core/4.0.1/jakarta.activation-api.jar,file:/home/coder/.m2/repository/com/sun/xml/bind/jaxb-core/4.0.1/jakarta.xml.bind-api.jar
2025-11-05 16:22:59 INFO  DevToolsPropertyDefaultsPostProcessor - Devtools property defaults active! Set 'spring.devtools.add-properties' to 'false' to disable
2025-11-05 16:22:59 INFO  DevToolsPropertyDefaultsPostProcessor - For additional web related logging consider setting the 'logging.level.web' property to 'DEBUG'
2025-11-05 16:22:59 INFO  RepositoryConfigurationDelegate - Bootstrapping Spring Data JPA repositories in DEFAULT mode.
2025-11-05 16:22:59 INFO  RepositoryConfigurationDelegate - Finished Spring Data repository scanning in 43 ms. Found 4 JPA repository interfaces.
2025-11-05 16:23:00 INFO  PostProcessorRegistrationDelegate$BeanPostProcessorChecker - Bean 'org.springframework.ws.config.annotation.DelegatingWsConfiguration' of type [org.springframework.ws.config.annotation.DelegatingWsConfiguration$$SpringCGLIB$$0] is not eligible for getting processed by all BeanPostProcessors (for example: not eligible for auto-proxying)
2025-11-05 16:23:00 INFO  AnnotationActionEndpointMapping - Supporting [WS-Addressing August 2004, WS-Addressing 1.0]
2025-11-05 16:23:00 INFO  TomcatWebServer - Tomcat initialized with port(s): 8080 (http)
2025-11-05 16:23:00 INFO  Http11NioProtocol - Initializing ProtocolHandler ["http-nio-8080"]
2025-11-05 16:23:00 INFO  StandardService - Starting service [Tomcat]
2025-11-05 16:23:00 INFO  StandardEngine - Starting Servlet engine: [Apache Tomcat/10.1.4]
2025-11-05 16:23:00 INFO  [/] - Initializing Spring embedded WebApplicationContext
2025-11-05 16:23:00 INFO  ServletWebServerApplicationContext - Root WebApplicationContext: initialization completed in 1071 ms
2025-11-05 16:23:00 INFO  LogHelper - HHH000204: Processing PersistenceUnitInfo [name: default]
2025-11-05 16:23:00 INFO  Version - HHH000412: Hibernate ORM core version 6.1.6.Final
2025-11-05 16:23:00 WARN  deprecation - HHH90000021: Encountered deprecated setting [javax.persistence.sharedCache.mode], use [jakarta.persistence.sharedCache.mode] instead
2025-11-05 16:23:00 INFO  HikariDataSource - HikariPool-1 - Starting...
2025-11-05 16:23:00 INFO  HikariPool - HikariPool-1 - Added connection com.mysql.cj.jdbc.ConnectionImpl@1558fe41
2025-11-05 16:23:00 INFO  HikariDataSource - HikariPool-1 - Start completed.
2025-11-05 16:23:00 INFO  SQL dialect - HHH000400: Using dialect: org.hibernate.dialect.MySQL8Dialect
2025-11-05 16:23:00 WARN  deprecation - HHH90000026: MySQL8Dialect has been deprecated; use org.hibernate.dialect.MySQLDialect instead
2025-11-05 16:23:01 INFO  JtaPlatformInitiator - HHH000490: Using JtaPlatform implementation: [org.hibernate.engine.transaction.jta.platform.internal.NoJtaPlatform]
2025-11-05 16:23:01 INFO  LocalContainerEntityManagerFactoryBean - Initialized JPA EntityManagerFactory for persistence unit 'default'
2025-11-05 16:23:01 WARN  JpaBaseConfiguration$JpaWebConfiguration - spring.jpa.open-in-view is enabled by default. Therefore, database queries may be performed during view rendering. Explicitly configure spring.jpa.open-in-view to disable this warning
2025-11-05 16:23:02 INFO  DefaultSecurityFilterChain - Will secure any request with [org.springframework.security.web.session.DisableEncodeUrlFilter@3df92c69, org.springframework.security.web.context.request.async.WebAsyncManagerIntegrationFilter@11373717, org.springframework.security.web.context.SecurityContextHolderFilter@120f121a, org.springframework.security.web.header.HeaderWriterFilter@1dc8b318, org.springframework.web.filter.CorsFilter@7f2ab0a, org.springframework.security.web.authentication.logout.LogoutFilter@43895f40, com.examly.springapp.config.JwtAuthenticationFilter@4c287a5b, org.springframework.security.web.authentication.www.BasicAuthenticationFilter@14d716af, org.springframework.security.web.savedrequest.RequestCacheAwareFilter@5c5d0c2a, org.springframework.security.web.servletapi.SecurityContextHolderAwareRequestFilter@4063f44d, org.springframework.security.web.authentication.AnonymousAuthenticationFilter@681a73de, org.springframework.security.web.session.SessionManagementFilter@43a116ba, org.springframework.security.web.access.ExceptionTranslationFilter@572ab7ed, org.springframework.security.web.access.intercept.AuthorizationFilter@2f5f9736]
2025-11-05 16:23:02 INFO  OptionalLiveReloadServer - LiveReload server is running on port 35729
2025-11-05 16:23:02 INFO  Http11NioProtocol - Starting ProtocolHandler ["http-nio-8080"]
2025-11-05 16:23:02 INFO  TomcatWebServer - Tomcat started on port(s): 8080 (http) with context path ''
2025-11-05 16:23:02 INFO  SpringappApplication - Started SpringappApplication in 3.402 seconds (process running for 3.903)
2025-11-05 16:23:02 INFO  SpringappApplication - Application started successfully!
2025-11-05 16:23:28 INFO  [/] - Initializing Spring DispatcherServlet 'dispatcherServlet'
2025-11-05 16:23:28 INFO  DispatcherServlet - Initializing Servlet 'dispatcherServlet'
2025-11-05 16:23:28 INFO  DispatcherServlet - Completed initialization in 1 ms
2025-11-05 16:23:29 DEBUG SQL - 
    select
        u1_0.user_id,
        u1_0.email,
        u1_0.mobile_number,
        u1_0.password,
        u1_0.user_role,
        u1_0.username 
    from
        user u1_0 
    where
        u1_0.username=?
2025-11-05 16:23:29 ERROR [dispatcherServlet] - Servlet.service() for servlet [dispatcherServlet] in context with path [] threw exception
org.springframework.security.core.userdetails.UsernameNotFoundException: Username does not exist
	at com.examly.springapp.config.MyUserDetailsService.loadUserByUsername(MyUserDetailsService.java:28) ~[classes/:?]
	at com.examly.springapp.config.JwtAuthenticationFilter.doFilterInternal(JwtAuthenticationFilter.java:49) ~[classes/:?]
	at org.springframework.web.filter.OncePerRequestFilter.doFilter(OncePerRequestFilter.java:116) ~[spring-web-6.0.3.jar:6.0.3]
	at org.springframework.security.web.FilterChainProxy$VirtualFilterChain.doFilter(FilterChainProxy.java:374) ~[spring-security-web-6.0.1.jar:6.0.1]
	at org.springframework.security.web.authentication.logout.LogoutFilter.doFilter(LogoutFilter.java:107) ~[spring-security-web-6.0.1.jar:6.0.1]
	at org.springframework.security.web.authentication.logout.LogoutFilter.doFilter(LogoutFilter.java:93) ~[spring-security-web-6.0.1.jar:6.0.1]
	at org.springframework.security.web.FilterChainProxy$VirtualFilterChain.doFilter(FilterChainProxy.java:374) ~[spring-security-web-6.0.1.jar:6.0.1]
	at org.springframework.web.filter.CorsFilter.doFilterInternal(CorsFilter.java:91) ~[spring-web-6.0.3.jar:6.0.3]
	at org.springframework.web.filter.OncePerRequestFilter.doFilter(OncePerRequestFilter.java:116) ~[spring-web-6.0.3.jar:6.0.3]
	at org.springframework.security.web.FilterChainProxy$VirtualFilterChain.doFilter(FilterChainProxy.java:374) ~[spring-security-web-6.0.1.jar:6.0.1]
	at org.springframework.security.web.header.HeaderWriterFilter.doHeadersAfter(HeaderWriterFilter.java:90) ~[spring-security-web-6.0.1.jar:6.0.1]
	at org.springframework.security.web.header.HeaderWriterFilter.doFilterInternal(HeaderWriterFilter.java:75) ~[spring-security-web-6.0.1.jar:6.0.1]
	at org.springframework.web.filter.OncePerRequestFilter.doFilter(OncePerRequestFilter.java:116) ~[spring-web-6.0.3.jar:6.0.3]
	at org.springframework.security.web.FilterChainProxy$VirtualFilterChain.doFilter(FilterChainProxy.java:374) ~[spring-security-web-6.0.1.jar:6.0.1]
	at org.springframework.security.web.context.SecurityContextHolderFilter.doFilter(SecurityContextHolderFilter.java:82) ~[spring-security-web-6.0.1.jar:6.0.1]
	at org.springframework.security.web.context.SecurityContextHolderFilter.doFilter(SecurityContextHolderFilter.java:69) ~[spring-security-web-6.0.1.jar:6.0.1]
	at org.springframework.security.web.FilterChainProxy$VirtualFilterChain.doFilter(FilterChainProxy.java:374) ~[spring-security-web-6.0.1.jar:6.0.1]
	at org.springframework.security.web.context.request.async.WebAsyncManagerIntegrationFilter.doFilterInternal(WebAsyncManagerIntegrationFilter.java:62) ~[spring-security-web-6.0.1.jar:6.0.1]
	at org.springframework.web.filter.OncePerRequestFilter.doFilter(OncePerRequestFilter.java:116) ~[spring-web-6.0.3.jar:6.0.3]
	at org.springframework.security.web.FilterChainProxy$VirtualFilterChain.doFilter(FilterChainProxy.java:374) ~[spring-security-web-6.0.1.jar:6.0.1]
	at org.springframework.security.web.session.DisableEncodeUrlFilter.doFilterInternal(DisableEncodeUrlFilter.java:42) ~[spring-security-web-6.0.1.jar:6.0.1]
	at org.springframework.web.filter.OncePerRequestFilter.doFilter(OncePerRequestFilter.java:116) ~[spring-web-6.0.3.jar:6.0.3]
	at org.springframework.security.web.FilterChainProxy$VirtualFilterChain.doFilter(FilterChainProxy.java:374) ~[spring-security-web-6.0.1.jar:6.0.1]
	at org.springframework.security.web.FilterChainProxy.doFilterInternal(FilterChainProxy.java:233) ~[spring-security-web-6.0.1.jar:6.0.1]
	at org.springframework.security.web.FilterChainProxy.doFilter(FilterChainProxy.java:191) ~[spring-security-web-6.0.1.jar:6.0.1]
	at org.springframework.web.filter.DelegatingFilterProxy.invokeDelegate(DelegatingFilterProxy.java:351) ~[spring-web-6.0.3.jar:6.0.3]
	at org.springframework.web.filter.DelegatingFilterProxy.doFilter(DelegatingFilterProxy.java:267) ~[spring-web-6.0.3.jar:6.0.3]
	at org.apache.catalina.core.ApplicationFilterChain.internalDoFilter(ApplicationFilterChain.java:185) ~[tomcat-embed-core-10.1.4.jar:10.1.4]
	at org.apache.catalina.core.ApplicationFilterChain.doFilter(ApplicationFilterChain.java:158) ~[tomcat-embed-core-10.1.4.jar:10.1.4]
	at org.springframework.web.filter.RequestContextFilter.doFilterInternal(RequestContextFilter.java:100) ~[spring-web-6.0.3.jar:6.0.3]
	at org.springframework.web.filter.OncePerRequestFilter.doFilter(OncePerRequestFilter.java:116) ~[spring-web-6.0.3.jar:6.0.3]
	at org.apache.catalina.core.ApplicationFilterChain.internalDoFilter(ApplicationFilterChain.java:185) ~[tomcat-embed-core-10.1.4.jar:10.1.4]
	at org.apache.catalina.core.ApplicationFilterChain.doFilter(ApplicationFilterChain.java:158) ~[tomcat-embed-core-10.1.4.jar:10.1.4]
	at org.springframework.web.filter.FormContentFilter.doFilterInternal(FormContentFilter.java:93) ~[spring-web-6.0.3.jar:6.0.3]
	at org.springframework.web.filter.OncePerRequestFilter.doFilter(OncePerRequestFilter.java:116) ~[spring-web-6.0.3.jar:6.0.3]
	at org.apache.catalina.core.ApplicationFilterChain.internalDoFilter(ApplicationFilterChain.java:185) ~[tomcat-embed-core-10.1.4.jar:10.1.4]
	at org.apache.catalina.core.ApplicationFilterChain.doFilter(ApplicationFilterChain.java:158) ~[tomcat-embed-core-10.1.4.jar:10.1.4]
	at org.springframework.web.filter.CharacterEncodingFilter.doFilterInternal(CharacterEncodingFilter.java:201) ~[spring-web-6.0.3.jar:6.0.3]
	at org.springframework.web.filter.OncePerRequestFilter.doFilter(OncePerRequestFilter.java:116) ~[spring-web-6.0.3.jar:6.0.3]
	at org.apache.catalina.core.ApplicationFilterChain.internalDoFilter(ApplicationFilterChain.java:185) ~[tomcat-embed-core-10.1.4.jar:10.1.4]
	at org.apache.catalina.core.ApplicationFilterChain.doFilter(ApplicationFilterChain.java:158) ~[tomcat-embed-core-10.1.4.jar:10.1.4]
	at org.apache.catalina.core.StandardWrapperValve.invoke(StandardWrapperValve.java:177) ~[tomcat-embed-core-10.1.4.jar:10.1.4]
	at org.apache.catalina.core.StandardContextValve.invoke(StandardContextValve.java:97) ~[tomcat-embed-core-10.1.4.jar:10.1.4]
	at org.apache.catalina.authenticator.AuthenticatorBase.invoke(AuthenticatorBase.java:542) ~[tomcat-embed-core-10.1.4.jar:10.1.4]
	at org.apache.catalina.core.StandardHostValve.invoke(StandardHostValve.java:119) ~[tomcat-embed-core-10.1.4.jar:10.1.4]
	at org.apache.catalina.valves.ErrorReportValve.invoke(ErrorReportValve.java:92) ~[tomcat-embed-core-10.1.4.jar:10.1.4]
	at org.apache.catalina.core.StandardEngineValve.invoke(StandardEngineValve.java:78) ~[tomcat-embed-core-10.1.4.jar:10.1.4]
	at org.apache.catalina.valves.RemoteIpValve.invoke(RemoteIpValve.java:741) ~[tomcat-embed-core-10.1.4.jar:10.1.4]
	at org.apache.catalina.connector.CoyoteAdapter.service(CoyoteAdapter.java:357) ~[tomcat-embed-core-10.1.4.jar:10.1.4]
	at org.apache.coyote.http11.Http11Processor.service(Http11Processor.java:400) ~[tomcat-embed-core-10.1.4.jar:10.1.4]
	at org.apache.coyote.AbstractProcessorLight.process(AbstractProcessorLight.java:65) ~[tomcat-embed-core-10.1.4.jar:10.1.4]
	at org.apache.coyote.AbstractProtocol$ConnectionHandler.process(AbstractProtocol.java:859) ~[tomcat-embed-core-10.1.4.jar:10.1.4]
	at org.apache.tomcat.util.net.NioEndpoint$SocketProcessor.doRun(NioEndpoint.java:1734) ~[tomcat-embed-core-10.1.4.jar:10.1.4]
	at org.apache.tomcat.util.net.SocketProcessorBase.run(SocketProcessorBase.java:52) ~[tomcat-embed-core-10.1.4.jar:10.1.4]
	at org.apache.tomcat.util.threads.ThreadPoolExecutor.runWorker(ThreadPoolExecutor.java:1191) ~[tomcat-embed-core-10.1.4.jar:10.1.4]
	at org.apache.tomcat.util.threads.ThreadPoolExecutor$Worker.run(ThreadPoolExecutor.java:659) ~[tomcat-embed-core-10.1.4.jar:10.1.4]
	at org.apache.tomcat.util.threads.TaskThread$WrappingRunnable.run(TaskThread.java:61) ~[tomcat-embed-core-10.1.4.jar:10.1.4]
	at java.lang.Thread.run(Thread.java:840) ~[?:?]
2025-11-05 16:23:30 DEBUG SQL - 
    select
        u1_0.user_id,
        u1_0.email,
        u1_0.mobile_number,
        u1_0.password,
        u1_0.user_role,
        u1_0.username 
    from
        user u1_0 
    where
        u1_0.username=?
2025-11-05 16:23:30 ERROR [dispatcherServlet] - Servlet.service() for servlet [dispatcherServlet] in context with path [] threw exception
org.springframework.security.core.userdetails.UsernameNotFoundException: Username does not exist
	at com.examly.springapp.config.MyUserDetailsService.loadUserByUsername(MyUserDetailsService.java:28) ~[classes/:?]
	at com.examly.springapp.config.JwtAuthenticationFilter.doFilterInternal(JwtAuthenticationFilter.java:49) ~[classes/:?]
	at org.springframework.web.filter.OncePerRequestFilter.doFilter(OncePerRequestFilter.java:116) ~[spring-web-6.0.3.jar:6.0.3]
	at org.springframework.security.web.FilterChainProxy$VirtualFilterChain.doFilter(FilterChainProxy.java:374) ~[spring-security-web-6.0.1.jar:6.0.1]
	at org.springframework.security.web.authentication.logout.LogoutFilter.doFilter(LogoutFilter.java:107) ~[spring-security-web-6.0.1.jar:6.0.1]
	at org.springframework.security.web.authentication.logout.LogoutFilter.doFilter(LogoutFilter.java:93) ~[spring-security-web-6.0.1.jar:6.0.1]
	at org.springframework.security.web.FilterChainProxy$VirtualFilterChain.doFilter(FilterChainProxy.java:374) ~[spring-security-web-6.0.1.jar:6.0.1]
	at org.springframework.web.filter.CorsFilter.doFilterInternal(CorsFilter.java:91) ~[spring-web-6.0.3.jar:6.0.3]
	at org.springframework.web.filter.OncePerRequestFilter.doFilter(OncePerRequestFilter.java:116) ~[spring-web-6.0.3.jar:6.0.3]
	at org.springframework.security.web.FilterChainProxy$VirtualFilterChain.doFilter(FilterChainProxy.java:374) ~[spring-security-web-6.0.1.jar:6.0.1]
	at org.springframework.security.web.header.HeaderWriterFilter.doHeadersAfter(HeaderWriterFilter.java:90) ~[spring-security-web-6.0.1.jar:6.0.1]
	at org.springframework.security.web.header.HeaderWriterFilter.doFilterInternal(HeaderWriterFilter.java:75) ~[spring-security-web-6.0.1.jar:6.0.1]
	at org.springframework.web.filter.OncePerRequestFilter.doFilter(OncePerRequestFilter.java:116) ~[spring-web-6.0.3.jar:6.0.3]
	at org.springframework.security.web.FilterChainProxy$VirtualFilterChain.doFilter(FilterChainProxy.java:374) ~[spring-security-web-6.0.1.jar:6.0.1]
	at org.springframework.security.web.context.SecurityContextHolderFilter.doFilter(SecurityContextHolderFilter.java:82) ~[spring-security-web-6.0.1.jar:6.0.1]
	at org.springframework.security.web.context.SecurityContextHolderFilter.doFilter(SecurityContextHolderFilter.java:69) ~[spring-security-web-6.0.1.jar:6.0.1]
	at org.springframework.security.web.FilterChainProxy$VirtualFilterChain.doFilter(FilterChainProxy.java:374) ~[spring-security-web-6.0.1.jar:6.0.1]
	at org.springframework.security.web.context.request.async.WebAsyncManagerIntegrationFilter.doFilterInternal(WebAsyncManagerIntegrationFilter.java:62) ~[spring-security-web-6.0.1.jar:6.0.1]
	at org.springframework.web.filter.OncePerRequestFilter.doFilter(OncePerRequestFilter.java:116) ~[spring-web-6.0.3.jar:6.0.3]
	at org.springframework.security.web.FilterChainProxy$VirtualFilterChain.doFilter(FilterChainProxy.java:374) ~[spring-security-web-6.0.1.jar:6.0.1]
	at org.springframework.security.web.session.DisableEncodeUrlFilter.doFilterInternal(DisableEncodeUrlFilter.java:42) ~[spring-security-web-6.0.1.jar:6.0.1]
	at org.springframework.web.filter.OncePerRequestFilter.doFilter(OncePerRequestFilter.java:116) ~[spring-web-6.0.3.jar:6.0.3]
	at org.springframework.security.web.FilterChainProxy$VirtualFilterChain.doFilter(FilterChainProxy.java:374) ~[spring-security-web-6.0.1.jar:6.0.1]
	at org.springframework.security.web.FilterChainProxy.doFilterInternal(FilterChainProxy.java:233) ~[spring-security-web-6.0.1.jar:6.0.1]
	at org.springframework.security.web.FilterChainProxy.doFilter(FilterChainProxy.java:191) ~[spring-security-web-6.0.1.jar:6.0.1]
	at org.springframework.web.filter.DelegatingFilterProxy.invokeDelegate(DelegatingFilterProxy.java:351) ~[spring-web-6.0.3.jar:6.0.3]
	at org.springframework.web.filter.DelegatingFilterProxy.doFilter(DelegatingFilterProxy.java:267) ~[spring-web-6.0.3.jar:6.0.3]
	at org.apache.catalina.core.ApplicationFilterChain.internalDoFilter(ApplicationFilterChain.java:185) ~[tomcat-embed-core-10.1.4.jar:10.1.4]
	at org.apache.catalina.core.ApplicationFilterChain.doFilter(ApplicationFilterChain.java:158) ~[tomcat-embed-core-10.1.4.jar:10.1.4]
	at org.springframework.web.filter.RequestContextFilter.doFilterInternal(RequestContextFilter.java:100) ~[spring-web-6.0.3.jar:6.0.3]
	at org.springframework.web.filter.OncePerRequestFilter.doFilter(OncePerRequestFilter.java:116) ~[spring-web-6.0.3.jar:6.0.3]
	at org.apache.catalina.core.ApplicationFilterChain.internalDoFilter(ApplicationFilterChain.java:185) ~[tomcat-embed-core-10.1.4.jar:10.1.4]
	at org.apache.catalina.core.ApplicationFilterChain.doFilter(ApplicationFilterChain.java:158) ~[tomcat-embed-core-10.1.4.jar:10.1.4]
	at org.springframework.web.filter.FormContentFilter.doFilterInternal(FormContentFilter.java:93) ~[spring-web-6.0.3.jar:6.0.3]
	at org.springframework.web.filter.OncePerRequestFilter.doFilter(OncePerRequestFilter.java:116) ~[spring-web-6.0.3.jar:6.0.3]
	at org.apache.catalina.core.ApplicationFilterChain.internalDoFilter(ApplicationFilterChain.java:185) ~[tomcat-embed-core-10.1.4.jar:10.1.4]
	at org.apache.catalina.core.ApplicationFilterChain.doFilter(ApplicationFilterChain.java:158) ~[tomcat-embed-core-10.1.4.jar:10.1.4]
	at org.springframework.web.filter.CharacterEncodingFilter.doFilterInternal(CharacterEncodingFilter.java:201) ~[spring-web-6.0.3.jar:6.0.3]
	at org.springframework.web.filter.OncePerRequestFilter.doFilter(OncePerRequestFilter.java:116) ~[spring-web-6.0.3.jar:6.0.3]
	at org.apache.catalina.core.ApplicationFilterChain.internalDoFilter(ApplicationFilterChain.java:185) ~[tomcat-embed-core-10.1.4.jar:10.1.4]
	at org.apache.catalina.core.ApplicationFilterChain.doFilter(ApplicationFilterChain.java:158) ~[tomcat-embed-core-10.1.4.jar:10.1.4]
	at org.apache.catalina.core.StandardWrapperValve.invoke(StandardWrapperValve.java:177) ~[tomcat-embed-core-10.1.4.jar:10.1.4]
	at org.apache.catalina.core.StandardContextValve.invoke(StandardContextValve.java:97) ~[tomcat-embed-core-10.1.4.jar:10.1.4]
	at org.apache.catalina.authenticator.AuthenticatorBase.invoke(AuthenticatorBase.java:542) ~[tomcat-embed-core-10.1.4.jar:10.1.4]
	at org.apache.catalina.core.StandardHostValve.invoke(StandardHostValve.java:119) ~[tomcat-embed-core-10.1.4.jar:10.1.4]
	at org.apache.catalina.valves.ErrorReportValve.invoke(ErrorReportValve.java:92) ~[tomcat-embed-core-10.1.4.jar:10.1.4]
	at org.apache.catalina.core.StandardEngineValve.invoke(StandardEngineValve.java:78) ~[tomcat-embed-core-10.1.4.jar:10.1.4]
	at org.apache.catalina.valves.RemoteIpValve.invoke(RemoteIpValve.java:741) ~[tomcat-embed-core-10.1.4.jar:10.1.4]
	at org.apache.catalina.connector.CoyoteAdapter.service(CoyoteAdapter.java:357) ~[tomcat-embed-core-10.1.4.jar:10.1.4]
	at org.apache.coyote.http11.Http11Processor.service(Http11Processor.java:400) ~[tomcat-embed-core-10.1.4.jar:10.1.4]
	at org.apache.coyote.AbstractProcessorLight.process(AbstractProcessorLight.java:65) ~[tomcat-embed-core-10.1.4.jar:10.1.4]
	at org.apache.coyote.AbstractProtocol$ConnectionHandler.process(AbstractProtocol.java:859) ~[tomcat-embed-core-10.1.4.jar:10.1.4]
	at org.apache.tomcat.util.net.NioEndpoint$SocketProcessor.doRun(NioEndpoint.java:1734) ~[tomcat-embed-core-10.1.4.jar:10.1.4]
	at org.apache.tomcat.util.net.SocketProcessorBase.run(SocketProcessorBase.java:52) ~[tomcat-embed-core-10.1.4.jar:10.1.4]
	at org.apache.tomcat.util.threads.ThreadPoolExecutor.runWorker(ThreadPoolExecutor.java:1191) ~[tomcat-embed-core-10.1.4.jar:10.1.4]
	at org.apache.tomcat.util.threads.ThreadPoolExecutor$Worker.run(ThreadPoolExecutor.java:659) ~[tomcat-embed-core-10.1.4.jar:10.1.4]
	at org.apache.tomcat.util.threads.TaskThread$WrappingRunnable.run(TaskThread.java:61) ~[tomcat-embed-core-10.1.4.jar:10.1.4]
	at java.lang.Thread.run(Thread.java:840) ~[?:?]
2025-11-05 16:25:40 DEBUG SQL - 
    select
        u1_0.user_id,
        u1_0.email,
        u1_0.mobile_number,
        u1_0.password,
        u1_0.user_role,
        u1_0.username 
    from
        user u1_0 
    where
        u1_0.username=?
2025-11-05 16:25:41 DEBUG SQL - 
    select
        next_val as id_val 
    from
        user_seq for update
2025-11-05 16:25:41 DEBUG SQL - 
    update
        user_seq 
    set
        next_val= ? 
    where
        next_val=?
2025-11-05 16:25:41 DEBUG SQL - 
    insert 
    into
        user
        (email, mobile_number, password, user_role, username, user_id) 
    values
        (?, ?, ?, ?, ?, ?)
2025-11-05 16:25:43 DEBUG SQL - 
    select
        u1_0.user_id,
        u1_0.email,
        u1_0.mobile_number,
        u1_0.password,
        u1_0.user_role,
        u1_0.username 
    from
        user u1_0 
    where
        u1_0.username=?
2025-11-05 16:25:43 DEBUG SQL - 
    select
        u1_0.user_id,
        u1_0.email,
        u1_0.mobile_number,
        u1_0.password,
        u1_0.user_role,
        u1_0.username 
    from
        user u1_0 
    where
        u1_0.username=?
2025-11-05 16:26:40 DEBUG SQL - 
    select
        u1_0.user_id,
        u1_0.email,
        u1_0.mobile_number,
        u1_0.password,
        u1_0.user_role,
        u1_0.username 
    from
        user u1_0 
    where
        u1_0.username=?
2025-11-05 16:26:40 DEBUG SQL - 
    select
        u1_0.user_id,
        u1_0.email,
        u1_0.mobile_number,
        u1_0.password,
        u1_0.user_role,
        u1_0.username 
    from
        user u1_0 
    where
        u1_0.user_id=?
2025-11-05 16:26:40 DEBUG SQL - 
    select
        o1_0.order_id,
        o1_0.created_at,
        o1_0.quantity,
        o1_0.shipping_address,
        o1_0.status,
        o1_0.total_amount,
        o1_0.updated_at,
        o1_0.user_id 
    from
        orders o1_0 
    where
        o1_0.user_id=?
2025-11-05 16:26:51 DEBUG SQL - 
    select
        u1_0.user_id,
        u1_0.email,
        u1_0.mobile_number,
        u1_0.password,
        u1_0.user_role,
        u1_0.username 
    from
        user u1_0 
    where
        u1_0.username=?
2025-11-05 16:26:51 DEBUG SQL - 
    select
        p1_0.product_id,
        p1_0.category,
        p1_0.created_at,
        p1_0.description,
        p1_0.name,
        p1_0.photo_image,
        p1_0.price,
        p1_0.stock,
        p1_0.updated_at,
        p1_0.user_id 
    from
        product p1_0
2025-11-05 16:26:51 DEBUG SQL - 
    select
        u1_0.user_id,
        u1_0.email,
        u1_0.mobile_number,
        u1_0.password,
        u1_0.user_role,
        u1_0.username 
    from
        user u1_0 
    where
        u1_0.user_id=?
2025-11-05 16:26:51 DEBUG SQL - 
    select
        u1_0.user_id,
        u1_0.email,
        u1_0.mobile_number,
        u1_0.password,
        u1_0.user_role,
        u1_0.username 
    from
        user u1_0 
    where
        u1_0.user_id=?
2025-11-05 16:26:51 DEBUG SQL - 
    select
        u1_0.user_id,
        u1_0.email,
        u1_0.mobile_number,
        u1_0.password,
        u1_0.user_role,
        u1_0.username 
    from
        user u1_0 
    where
        u1_0.user_id=?
2025-11-05 16:27:05 DEBUG SQL - 
    select
        u1_0.user_id,
        u1_0.email,
        u1_0.mobile_number,
        u1_0.password,
        u1_0.user_role,
        u1_0.username 
    from
        user u1_0 
    where
        u1_0.username=?
2025-11-05 16:27:05 DEBUG SQL - 
    select
        p1_0.product_id,
        p1_0.category,
        p1_0.created_at,
        p1_0.description,
        p1_0.name,
        p1_0.photo_image,
        p1_0.price,
        p1_0.stock,
        p1_0.updated_at,
        p1_0.user_id 
    from
        product p1_0
2025-11-05 16:27:05 DEBUG SQL - 
    select
        u1_0.user_id,
        u1_0.email,
        u1_0.mobile_number,
        u1_0.password,
        u1_0.user_role,
        u1_0.username 
    from
        user u1_0 
    where
        u1_0.user_id=?
2025-11-05 16:27:05 DEBUG SQL - 
    select
        u1_0.user_id,
        u1_0.email,
        u1_0.mobile_number,
        u1_0.password,
        u1_0.user_role,
        u1_0.username 
    from
        user u1_0 
    where
        u1_0.user_id=?
2025-11-05 16:27:05 DEBUG SQL - 
    select
        u1_0.user_id,
        u1_0.email,
        u1_0.mobile_number,
        u1_0.password,
        u1_0.user_role,
        u1_0.username 
    from
        user u1_0 
    where
        u1_0.user_id=?
2025-11-05 16:28:23 DEBUG SQL - 
    select
        u1_0.user_id,
        u1_0.email,
        u1_0.mobile_number,
        u1_0.password,
        u1_0.user_role,
        u1_0.username 
    from
        user u1_0 
    where
        u1_0.username=?
2025-11-05 16:28:23 INFO  OrderController - Added order Method Called
2025-11-05 16:28:23 DEBUG SQL - 
    select
        u1_0.user_id,
        u1_0.email,
        u1_0.mobile_number,
        u1_0.password,
        u1_0.user_role,
        u1_0.username 
    from
        user u1_0 
    where
        u1_0.user_id=?
2025-11-05 16:28:23 DEBUG SQL - 
    select
        p1_0.product_id,
        p1_0.category,
        p1_0.created_at,
        p1_0.description,
        p1_0.name,
        p1_0.photo_image,
        p1_0.price,
        p1_0.stock,
        p1_0.updated_at,
        u1_0.user_id,
        u1_0.email,
        u1_0.mobile_number,
        u1_0.password,
        u1_0.user_role,
        u1_0.username 
    from
        product p1_0 
    left join
        user u1_0 
            on u1_0.user_id=p1_0.user_id 
    where
        p1_0.product_id=?
2025-11-05 16:28:23 DEBUG SQL - 
    update
        product 
    set
        category=?,
        created_at=?,
        description=?,
        name=?,
        photo_image=?,
        price=?,
        stock=?,
        updated_at=?,
        user_id=? 
    where
        product_id=?
2025-11-05 16:28:23 DEBUG SQL - 
    select
        next_val as id_val 
    from
        orders_seq for update
2025-11-05 16:28:23 DEBUG SQL - 
    update
        orders_seq 
    set
        next_val= ? 
    where
        next_val=?
2025-11-05 16:28:23 DEBUG SQL - 
    insert 
    into
        orders
        (created_at, quantity, shipping_address, status, total_amount, updated_at, user_id, order_id) 
    values
        (?, ?, ?, ?, ?, ?, ?, ?)
2025-11-05 16:28:23 DEBUG SQL - 
    insert 
    into
        order_products
        (order_id, product_id) 
    values
        (?, ?)
2025-11-05 16:28:25 DEBUG SQL - 
    select
        u1_0.user_id,
        u1_0.email,
        u1_0.mobile_number,
        u1_0.password,
        u1_0.user_role,
        u1_0.username 
    from
        user u1_0 
    where
        u1_0.username=?
2025-11-05 16:28:25 DEBUG SQL - 
    select
        u1_0.user_id,
        u1_0.email,
        u1_0.mobile_number,
        u1_0.password,
        u1_0.user_role,
        u1_0.username 
    from
        user u1_0 
    where
        u1_0.user_id=?
2025-11-05 16:28:25 DEBUG SQL - 
    select
        o1_0.order_id,
        o1_0.created_at,
        o1_0.quantity,
        o1_0.shipping_address,
        o1_0.status,
        o1_0.total_amount,
        o1_0.updated_at,
        o1_0.user_id 
    from
        orders o1_0 
    where
        o1_0.user_id=?
2025-11-05 16:28:25 DEBUG SQL - 
    select
        p1_0.order_id,
        p1_1.product_id,
        p1_1.category,
        p1_1.created_at,
        p1_1.description,
        p1_1.name,
        p1_1.photo_image,
        p1_1.price,
        p1_1.stock,
        p1_1.updated_at,
        u1_0.user_id,
        u1_0.email,
        u1_0.mobile_number,
        u1_0.password,
        u1_0.user_role,
        u1_0.username 
    from
        order_products p1_0 
    join
        product p1_1 
            on p1_1.product_id=p1_0.product_id 
    left join
        user u1_0 
            on u1_0.user_id=p1_1.user_id 
    where
        p1_0.order_id=?
2025-11-05 16:28:26 DEBUG SQL - 
    select
        u1_0.user_id,
        u1_0.email,
        u1_0.mobile_number,
        u1_0.password,
        u1_0.user_role,
        u1_0.username 
    from
        user u1_0 
    where
        u1_0.username=?
2025-11-05 16:28:26 DEBUG SQL - 
    select
        p1_0.product_id,
        p1_0.category,
        p1_0.created_at,
        p1_0.description,
        p1_0.name,
        p1_0.photo_image,
        p1_0.price,
        p1_0.stock,
        p1_0.updated_at,
        u1_0.user_id,
        u1_0.email,
        u1_0.mobile_number,
        u1_0.password,
        u1_0.user_role,
        u1_0.username 
    from
        product p1_0 
    left join
        user u1_0 
            on u1_0.user_id=p1_0.user_id 
    where
        p1_0.product_id=?
2025-11-05 16:29:01 DEBUG SQL - 
    select
        u1_0.user_id,
        u1_0.email,
        u1_0.mobile_number,
        u1_0.password,
        u1_0.user_role,
        u1_0.username 
    from
        user u1_0 
    where
        u1_0.username=?
2025-11-05 16:29:01 DEBUG SQL - 
    select
        u1_0.user_id,
        u1_0.email,
        u1_0.mobile_number,
        u1_0.password,
        u1_0.user_role,
        u1_0.username 
    from
        user u1_0 
    where
        u1_0.username=?
2025-11-05 16:29:18 DEBUG SQL - 
    select
        u1_0.user_id,
        u1_0.email,
        u1_0.mobile_number,
        u1_0.password,
        u1_0.user_role,
        u1_0.username 
    from
        user u1_0 
    where
        u1_0.username=?
2025-11-05 16:29:18 DEBUG SQL - 
    select
        u1_0.user_id,
        u1_0.email,
        u1_0.mobile_number,
        u1_0.password,
        u1_0.user_role,
        u1_0.username 
    from
        user u1_0 
    where
        u1_0.username=?
2025-11-05 16:29:22 DEBUG SQL - 
    select
        u1_0.user_id,
        u1_0.email,
        u1_0.mobile_number,
        u1_0.password,
        u1_0.user_role,
        u1_0.username 
    from
        user u1_0 
    where
        u1_0.username=?
2025-11-05 16:29:22 DEBUG SQL - 
    select
        u1_0.user_id,
        u1_0.email,
        u1_0.mobile_number,
        u1_0.password,
        u1_0.user_role,
        u1_0.username 
    from
        user u1_0 
    where
        u1_0.user_id=?
2025-11-05 16:29:22 DEBUG SQL - 
    select
        o1_0.order_id,
        o1_0.created_at,
        o1_0.quantity,
        o1_0.shipping_address,
        o1_0.status,
        o1_0.total_amount,
        o1_0.updated_at,
        o1_0.user_id 
    from
        orders o1_0 
    where
        o1_0.user_id=?
2025-11-05 16:29:22 DEBUG SQL - 
    select
        p1_0.order_id,
        p1_1.product_id,
        p1_1.category,
        p1_1.created_at,
        p1_1.description,
        p1_1.name,
        p1_1.photo_image,
        p1_1.price,
        p1_1.stock,
        p1_1.updated_at,
        u1_0.user_id,
        u1_0.email,
        u1_0.mobile_number,
        u1_0.password,
        u1_0.user_role,
        u1_0.username 
    from
        order_products p1_0 
    join
        product p1_1 
            on p1_1.product_id=p1_0.product_id 
    left join
        user u1_0 
            on u1_0.user_id=p1_1.user_id 
    where
        p1_0.order_id=?
2025-11-05 16:29:23 DEBUG SQL - 
    select
        u1_0.user_id,
        u1_0.email,
        u1_0.mobile_number,
        u1_0.password,
        u1_0.user_role,
        u1_0.username 
    from
        user u1_0 
    where
        u1_0.username=?
2025-11-05 16:29:23 DEBUG SQL - 
    select
        p1_0.product_id,
        p1_0.category,
        p1_0.created_at,
        p1_0.description,
        p1_0.name,
        p1_0.photo_image,
        p1_0.price,
        p1_0.stock,
        p1_0.updated_at,
        u1_0.user_id,
        u1_0.email,
        u1_0.mobile_number,
        u1_0.password,
        u1_0.user_role,
        u1_0.username 
    from
        product p1_0 
    left join
        user u1_0 
            on u1_0.user_id=p1_0.user_id 
    where
        p1_0.product_id=?
2025-11-05 16:29:52 DEBUG SQL - 
    select
        u1_0.user_id,
        u1_0.email,
        u1_0.mobile_number,
        u1_0.password,
        u1_0.user_role,
        u1_0.username 
    from
        user u1_0 
    where
        u1_0.username=?
2025-11-05 16:29:52 DEBUG SQL - 
    select
        u1_0.user_id,
        u1_0.email,
        u1_0.mobile_number,
        u1_0.password,
        u1_0.user_role,
        u1_0.username 
    from
        user u1_0 
    where
        u1_0.username=?
2025-11-05 16:30:03 DEBUG SQL - 
    select
        u1_0.user_id,
        u1_0.email,
        u1_0.mobile_number,
        u1_0.password,
        u1_0.user_role,
        u1_0.username 
    from
        user u1_0 
    where
        u1_0.username=?
2025-11-05 16:30:03 DEBUG SQL - 
    select
        o1_0.order_id,
        o1_0.created_at,
        o1_0.quantity,
        o1_0.shipping_address,
        o1_0.status,
        o1_0.total_amount,
        o1_0.updated_at,
        o1_0.user_id 
    from
        orders o1_0
2025-11-05 16:30:03 DEBUG SQL - 
    select
        u1_0.user_id,
        u1_0.email,
        u1_0.mobile_number,
        u1_0.password,
        u1_0.user_role,
        u1_0.username 
    from
        user u1_0 
    where
        u1_0.user_id=?
2025-11-05 16:30:03 DEBUG SQL - 
    select
        u1_0.user_id,
        u1_0.email,
        u1_0.mobile_number,
        u1_0.password,
        u1_0.user_role,
        u1_0.username 
    from
        user u1_0 
    where
        u1_0.user_id=?
2025-11-05 16:30:03 DEBUG SQL - 
    select
        u1_0.user_id,
        u1_0.email,
        u1_0.mobile_number,
        u1_0.password,
        u1_0.user_role,
        u1_0.username 
    from
        user u1_0 
    where
        u1_0.user_id=?
2025-11-05 16:30:03 DEBUG SQL - 
    select
        p1_0.order_id,
        p1_1.product_id,
        p1_1.category,
        p1_1.created_at,
        p1_1.description,
        p1_1.name,
        p1_1.photo_image,
        p1_1.price,
        p1_1.stock,
        p1_1.updated_at,
        u1_0.user_id,
        u1_0.email,
        u1_0.mobile_number,
        u1_0.password,
        u1_0.user_role,
        u1_0.username 
    from
        order_products p1_0 
    join
        product p1_1 
            on p1_1.product_id=p1_0.product_id 
    left join
        user u1_0 
            on u1_0.user_id=p1_1.user_id 
    where
        p1_0.order_id=?
2025-11-05 16:30:03 DEBUG SQL - 
    select
        p1_0.order_id,
        p1_1.product_id,
        p1_1.category,
        p1_1.created_at,
        p1_1.description,
        p1_1.name,
        p1_1.photo_image,
        p1_1.price,
        p1_1.stock,
        p1_1.updated_at,
        u1_0.user_id,
        u1_0.email,
        u1_0.mobile_number,
        u1_0.password,
        u1_0.user_role,
        u1_0.username 
    from
        order_products p1_0 
    join
        product p1_1 
            on p1_1.product_id=p1_0.product_id 
    left join
        user u1_0 
            on u1_0.user_id=p1_1.user_id 
    where
        p1_0.order_id=?
2025-11-05 16:30:03 DEBUG SQL - 
    select
        p1_0.order_id,
        p1_1.product_id,
        p1_1.category,
        p1_1.created_at,
        p1_1.description,
        p1_1.name,
        p1_1.photo_image,
        p1_1.price,
        p1_1.stock,
        p1_1.updated_at,
        u1_0.user_id,
        u1_0.email,
        u1_0.mobile_number,
        u1_0.password,
        u1_0.user_role,
        u1_0.username 
    from
        order_products p1_0 
    join
        product p1_1 
            on p1_1.product_id=p1_0.product_id 
    left join
        user u1_0 
            on u1_0.user_id=p1_1.user_id 
    where
        p1_0.order_id=?
2025-11-05 16:30:51 DEBUG SQL - 
    select
        u1_0.user_id,
        u1_0.email,
        u1_0.mobile_number,
        u1_0.password,
        u1_0.user_role,
        u1_0.username 
    from
        user u1_0 
    where
        u1_0.username=?
2025-11-05 16:30:51 INFO  OrderController - Update  order Method Called
2025-11-05 16:30:51 DEBUG SQL - 
    select
        o1_0.order_id,
        o1_0.created_at,
        o1_0.quantity,
        o1_0.shipping_address,
        o1_0.status,
        o1_0.total_amount,
        o1_0.updated_at,
        u1_0.user_id,
        u1_0.email,
        u1_0.mobile_number,
        u1_0.password,
        u1_0.user_role,
        u1_0.username 
    from
        orders o1_0 
    join
        user u1_0 
            on u1_0.user_id=o1_0.user_id 
    where
        o1_0.order_id=?
2025-11-05 16:30:51 DEBUG SQL - 
    select
        p1_0.order_id,
        p1_1.product_id,
        p1_1.category,
        p1_1.created_at,
        p1_1.description,
        p1_1.name,
        p1_1.photo_image,
        p1_1.price,
        p1_1.stock,
        p1_1.updated_at,
        u1_0.user_id,
        u1_0.email,
        u1_0.mobile_number,
        u1_0.password,
        u1_0.user_role,
        u1_0.username 
    from
        order_products p1_0 
    join
        product p1_1 
            on p1_1.product_id=p1_0.product_id 
    left join
        user u1_0 
            on u1_0.user_id=p1_1.user_id 
    where
        p1_0.order_id=?
2025-11-05 16:30:51 DEBUG SQL - 
    update
        orders 
    set
        created_at=?,
        quantity=?,
        shipping_address=?,
        status=?,
        total_amount=?,
        updated_at=?,
        user_id=? 
    where
        order_id=?
2025-11-05 16:30:51 DEBUG SQL - 
    delete 
    from
        order_products 
    where
        order_id=?
2025-11-05 16:30:51 DEBUG SQL - 
    insert 
    into
        order_products
        (order_id, product_id) 
    values
        (?, ?)
2025-11-05 16:33:38 DEBUG SQL - 
    select
        u1_0.user_id,
        u1_0.email,
        u1_0.mobile_number,
        u1_0.password,
        u1_0.user_role,
        u1_0.username 
    from
        user u1_0 
    where
        u1_0.username=?
2025-11-05 16:33:38 DEBUG SQL - 
    select
        o1_0.order_id,
        o1_0.created_at,
        o1_0.quantity,
        o1_0.shipping_address,
        o1_0.status,
        o1_0.total_amount,
        o1_0.updated_at,
        o1_0.user_id 
    from
        orders o1_0
2025-11-05 16:33:38 DEBUG SQL - 
    select
        u1_0.user_id,
        u1_0.email,
        u1_0.mobile_number,
        u1_0.password,
        u1_0.user_role,
        u1_0.username 
    from
        user u1_0 
    where
        u1_0.user_id=?
2025-11-05 16:33:38 DEBUG SQL - 
    select
        u1_0.user_id,
        u1_0.email,
        u1_0.mobile_number,
        u1_0.password,
        u1_0.user_role,
        u1_0.username 
    from
        user u1_0 
    where
        u1_0.user_id=?
2025-11-05 16:33:38 DEBUG SQL - 
    select
        u1_0.user_id,
        u1_0.email,
        u1_0.mobile_number,
        u1_0.password,
        u1_0.user_role,
        u1_0.username 
    from
        user u1_0 
    where
        u1_0.user_id=?
2025-11-05 16:33:38 DEBUG SQL - 
    select
        p1_0.order_id,
        p1_1.product_id,
        p1_1.category,
        p1_1.created_at,
        p1_1.description,
        p1_1.name,
        p1_1.photo_image,
        p1_1.price,
        p1_1.stock,
        p1_1.updated_at,
        u1_0.user_id,
        u1_0.email,
        u1_0.mobile_number,
        u1_0.password,
        u1_0.user_role,
        u1_0.username 
    from
        order_products p1_0 
    join
        product p1_1 
            on p1_1.product_id=p1_0.product_id 
    left join
        user u1_0 
            on u1_0.user_id=p1_1.user_id 
    where
        p1_0.order_id=?
2025-11-05 16:33:38 DEBUG SQL - 
    select
        p1_0.order_id,
        p1_1.product_id,
        p1_1.category,
        p1_1.created_at,
        p1_1.description,
        p1_1.name,
        p1_1.photo_image,
        p1_1.price,
        p1_1.stock,
        p1_1.updated_at,
        u1_0.user_id,
        u1_0.email,
        u1_0.mobile_number,
        u1_0.password,
        u1_0.user_role,
        u1_0.username 
    from
        order_products p1_0 
    join
        product p1_1 
            on p1_1.product_id=p1_0.product_id 
    left join
        user u1_0 
            on u1_0.user_id=p1_1.user_id 
    where
        p1_0.order_id=?
2025-11-05 16:33:38 DEBUG SQL - 
    select
        p1_0.order_id,
        p1_1.product_id,
        p1_1.category,
        p1_1.created_at,
        p1_1.description,
        p1_1.name,
        p1_1.photo_image,
        p1_1.price,
        p1_1.stock,
        p1_1.updated_at,
        u1_0.user_id,
        u1_0.email,
        u1_0.mobile_number,
        u1_0.password,
        u1_0.user_role,
        u1_0.username 
    from
        order_products p1_0 
    join
        product p1_1 
            on p1_1.product_id=p1_0.product_id 
    left join
        user u1_0 
            on u1_0.user_id=p1_1.user_id 
    where
        p1_0.order_id=?
2025-11-05 16:36:59 ERROR [dispatcherServlet] - Servlet.service() for servlet [dispatcherServlet] in context with path [] threw exception
io.jsonwebtoken.ExpiredJwtException: JWT expired at 2025-11-05T14:50:26Z. Current time: 2025-11-05T16:36:59Z, a difference of 6393613 milliseconds.  Allowed clock skew: 0 milliseconds.
	at io.jsonwebtoken.impl.DefaultJwtParser.parse(DefaultJwtParser.java:427) ~[jjwt-impl-0.11.5.jar:0.11.5]
	at io.jsonwebtoken.impl.DefaultJwtParser.parse(DefaultJwtParser.java:529) ~[jjwt-impl-0.11.5.jar:0.11.5]
	at io.jsonwebtoken.impl.DefaultJwtParser.parseClaimsJws(DefaultJwtParser.java:589) ~[jjwt-impl-0.11.5.jar:0.11.5]
	at io.jsonwebtoken.impl.ImmutableJwtParser.parseClaimsJws(ImmutableJwtParser.java:173) ~[jjwt-impl-0.11.5.jar:0.11.5]
	at com.examly.springapp.config.JwtUtils.extractAllClaims(JwtUtils.java:28) ~[classes/:?]
	at com.examly.springapp.config.JwtUtils.extractClaim(JwtUtils.java:33) ~[classes/:?]
	at com.examly.springapp.config.JwtUtils.extractUsername(JwtUtils.java:38) ~[classes/:?]
	at com.examly.springapp.config.JwtAuthenticationFilter.doFilterInternal(JwtAuthenticationFilter.java:45) ~[classes/:?]
	at org.springframework.web.filter.OncePerRequestFilter.doFilter(OncePerRequestFilter.java:116) ~[spring-web-6.0.3.jar:6.0.3]
	at org.springframework.security.web.FilterChainProxy$VirtualFilterChain.doFilter(FilterChainProxy.java:374) ~[spring-security-web-6.0.1.jar:6.0.1]
	at org.springframework.security.web.authentication.logout.LogoutFilter.doFilter(LogoutFilter.java:107) ~[spring-security-web-6.0.1.jar:6.0.1]
	at org.springframework.security.web.authentication.logout.LogoutFilter.doFilter(LogoutFilter.java:93) ~[spring-security-web-6.0.1.jar:6.0.1]
	at org.springframework.security.web.FilterChainProxy$VirtualFilterChain.doFilter(FilterChainProxy.java:374) ~[spring-security-web-6.0.1.jar:6.0.1]
	at org.springframework.web.filter.CorsFilter.doFilterInternal(CorsFilter.java:91) ~[spring-web-6.0.3.jar:6.0.3]
	at org.springframework.web.filter.OncePerRequestFilter.doFilter(OncePerRequestFilter.java:116) ~[spring-web-6.0.3.jar:6.0.3]
	at org.springframework.security.web.FilterChainProxy$VirtualFilterChain.doFilter(FilterChainProxy.java:374) ~[spring-security-web-6.0.1.jar:6.0.1]
	at org.springframework.security.web.header.HeaderWriterFilter.doHeadersAfter(HeaderWriterFilter.java:90) ~[spring-security-web-6.0.1.jar:6.0.1]
	at org.springframework.security.web.header.HeaderWriterFilter.doFilterInternal(HeaderWriterFilter.java:75) ~[spring-security-web-6.0.1.jar:6.0.1]
	at org.springframework.web.filter.OncePerRequestFilter.doFilter(OncePerRequestFilter.java:116) ~[spring-web-6.0.3.jar:6.0.3]
	at org.springframework.security.web.FilterChainProxy$VirtualFilterChain.doFilter(FilterChainProxy.java:374) ~[spring-security-web-6.0.1.jar:6.0.1]
	at org.springframework.security.web.context.SecurityContextHolderFilter.doFilter(SecurityContextHolderFilter.java:82) ~[spring-security-web-6.0.1.jar:6.0.1]
	at org.springframework.security.web.context.SecurityContextHolderFilter.doFilter(SecurityContextHolderFilter.java:69) ~[spring-security-web-6.0.1.jar:6.0.1]
	at org.springframework.security.web.FilterChainProxy$VirtualFilterChain.doFilter(FilterChainProxy.java:374) ~[spring-security-web-6.0.1.jar:6.0.1]
	at org.springframework.security.web.context.request.async.WebAsyncManagerIntegrationFilter.doFilterInternal(WebAsyncManagerIntegrationFilter.java:62) ~[spring-security-web-6.0.1.jar:6.0.1]
	at org.springframework.web.filter.OncePerRequestFilter.doFilter(OncePerRequestFilter.java:116) ~[spring-web-6.0.3.jar:6.0.3]
	at org.springframework.security.web.FilterChainProxy$VirtualFilterChain.doFilter(FilterChainProxy.java:374) ~[spring-security-web-6.0.1.jar:6.0.1]
	at org.springframework.security.web.session.DisableEncodeUrlFilter.doFilterInternal(DisableEncodeUrlFilter.java:42) ~[spring-security-web-6.0.1.jar:6.0.1]
	at org.springframework.web.filter.OncePerRequestFilter.doFilter(OncePerRequestFilter.java:116) ~[spring-web-6.0.3.jar:6.0.3]
	at org.springframework.security.web.FilterChainProxy$VirtualFilterChain.doFilter(FilterChainProxy.java:374) ~[spring-security-web-6.0.1.jar:6.0.1]
	at org.springframework.security.web.FilterChainProxy.doFilterInternal(FilterChainProxy.java:233) ~[spring-security-web-6.0.1.jar:6.0.1]
	at org.springframework.security.web.FilterChainProxy.doFilter(FilterChainProxy.java:191) ~[spring-security-web-6.0.1.jar:6.0.1]
	at org.springframework.web.filter.DelegatingFilterProxy.invokeDelegate(DelegatingFilterProxy.java:351) ~[spring-web-6.0.3.jar:6.0.3]
	at org.springframework.web.filter.DelegatingFilterProxy.doFilter(DelegatingFilterProxy.java:267) ~[spring-web-6.0.3.jar:6.0.3]
	at org.apache.catalina.core.ApplicationFilterChain.internalDoFilter(ApplicationFilterChain.java:185) ~[tomcat-embed-core-10.1.4.jar:10.1.4]
	at org.apache.catalina.core.ApplicationFilterChain.doFilter(ApplicationFilterChain.java:158) ~[tomcat-embed-core-10.1.4.jar:10.1.4]
	at org.springframework.web.filter.RequestContextFilter.doFilterInternal(RequestContextFilter.java:100) ~[spring-web-6.0.3.jar:6.0.3]
	at org.springframework.web.filter.OncePerRequestFilter.doFilter(OncePerRequestFilter.java:116) ~[spring-web-6.0.3.jar:6.0.3]
	at org.apache.catalina.core.ApplicationFilterChain.internalDoFilter(ApplicationFilterChain.java:185) ~[tomcat-embed-core-10.1.4.jar:10.1.4]
	at org.apache.catalina.core.ApplicationFilterChain.doFilter(ApplicationFilterChain.java:158) ~[tomcat-embed-core-10.1.4.jar:10.1.4]
	at org.springframework.web.filter.FormContentFilter.doFilterInternal(FormContentFilter.java:93) ~[spring-web-6.0.3.jar:6.0.3]
	at org.springframework.web.filter.OncePerRequestFilter.doFilter(OncePerRequestFilter.java:116) ~[spring-web-6.0.3.jar:6.0.3]
	at org.apache.catalina.core.ApplicationFilterChain.internalDoFilter(ApplicationFilterChain.java:185) ~[tomcat-embed-core-10.1.4.jar:10.1.4]
	at org.apache.catalina.core.ApplicationFilterChain.doFilter(ApplicationFilterChain.java:158) ~[tomcat-embed-core-10.1.4.jar:10.1.4]
	at org.springframework.web.filter.CharacterEncodingFilter.doFilterInternal(CharacterEncodingFilter.java:201) ~[spring-web-6.0.3.jar:6.0.3]
	at org.springframework.web.filter.OncePerRequestFilter.doFilter(OncePerRequestFilter.java:116) ~[spring-web-6.0.3.jar:6.0.3]
	at org.apache.catalina.core.ApplicationFilterChain.internalDoFilter(ApplicationFilterChain.java:185) ~[tomcat-embed-core-10.1.4.jar:10.1.4]
	at org.apache.catalina.core.ApplicationFilterChain.doFilter(ApplicationFilterChain.java:158) ~[tomcat-embed-core-10.1.4.jar:10.1.4]
	at org.apache.catalina.core.StandardWrapperValve.invoke(StandardWrapperValve.java:177) ~[tomcat-embed-core-10.1.4.jar:10.1.4]
	at org.apache.catalina.core.StandardContextValve.invoke(StandardContextValve.java:97) ~[tomcat-embed-core-10.1.4.jar:10.1.4]
	at org.apache.catalina.authenticator.AuthenticatorBase.invoke(AuthenticatorBase.java:542) ~[tomcat-embed-core-10.1.4.jar:10.1.4]
	at org.apache.catalina.core.StandardHostValve.invoke(StandardHostValve.java:119) ~[tomcat-embed-core-10.1.4.jar:10.1.4]
	at org.apache.catalina.valves.ErrorReportValve.invoke(ErrorReportValve.java:92) ~[tomcat-embed-core-10.1.4.jar:10.1.4]
	at org.apache.catalina.core.StandardEngineValve.invoke(StandardEngineValve.java:78) ~[tomcat-embed-core-10.1.4.jar:10.1.4]
	at org.apache.catalina.valves.RemoteIpValve.invoke(RemoteIpValve.java:741) ~[tomcat-embed-core-10.1.4.jar:10.1.4]
	at org.apache.catalina.connector.CoyoteAdapter.service(CoyoteAdapter.java:357) ~[tomcat-embed-core-10.1.4.jar:10.1.4]
	at org.apache.coyote.http11.Http11Processor.service(Http11Processor.java:400) ~[tomcat-embed-core-10.1.4.jar:10.1.4]
	at org.apache.coyote.AbstractProcessorLight.process(AbstractProcessorLight.java:65) ~[tomcat-embed-core-10.1.4.jar:10.1.4]
	at org.apache.coyote.AbstractProtocol$ConnectionHandler.process(AbstractProtocol.java:859) ~[tomcat-embed-core-10.1.4.jar:10.1.4]
	at org.apache.tomcat.util.net.NioEndpoint$SocketProcessor.doRun(NioEndpoint.java:1734) ~[tomcat-embed-core-10.1.4.jar:10.1.4]
	at org.apache.tomcat.util.net.SocketProcessorBase.run(SocketProcessorBase.java:52) ~[tomcat-embed-core-10.1.4.jar:10.1.4]
	at org.apache.tomcat.util.threads.ThreadPoolExecutor.runWorker(ThreadPoolExecutor.java:1191) ~[tomcat-embed-core-10.1.4.jar:10.1.4]
	at org.apache.tomcat.util.threads.ThreadPoolExecutor$Worker.run(ThreadPoolExecutor.java:659) ~[tomcat-embed-core-10.1.4.jar:10.1.4]
	at org.apache.tomcat.util.threads.TaskThread$WrappingRunnable.run(TaskThread.java:61) ~[tomcat-embed-core-10.1.4.jar:10.1.4]
	at java.lang.Thread.run(Thread.java:840) ~[?:?]
2025-11-05 16:37:17 DEBUG SQL - 
    select
        u1_0.user_id,
        u1_0.email,
        u1_0.mobile_number,
        u1_0.password,
        u1_0.user_role,
        u1_0.username 
    from
        user u1_0 
    where
        u1_0.username=?
2025-11-05 16:37:17 DEBUG SQL - 
    select
        u1_0.user_id,
        u1_0.email,
        u1_0.mobile_number,
        u1_0.password,
        u1_0.user_role,
        u1_0.username 
    from
        user u1_0 
    where
        u1_0.username=?
2025-11-05 16:37:25 DEBUG SQL - 
    select
        u1_0.user_id,
        u1_0.email,
        u1_0.mobile_number,
        u1_0.password,
        u1_0.user_role,
        u1_0.username 
    from
        user u1_0 
    where
        u1_0.username=?
2025-11-05 16:37:25 DEBUG SQL - 
    select
        o1_0.order_id,
        o1_0.created_at,
        o1_0.quantity,
        o1_0.shipping_address,
        o1_0.status,
        o1_0.total_amount,
        o1_0.updated_at,
        o1_0.user_id 
    from
        orders o1_0
2025-11-05 16:37:25 DEBUG SQL - 
    select
        u1_0.user_id,
        u1_0.email,
        u1_0.mobile_number,
        u1_0.password,
        u1_0.user_role,
        u1_0.username 
    from
        user u1_0 
    where
        u1_0.user_id=?
2025-11-05 16:37:25 DEBUG SQL - 
    select
        u1_0.user_id,
        u1_0.email,
        u1_0.mobile_number,
        u1_0.password,
        u1_0.user_role,
        u1_0.username 
    from
        user u1_0 
    where
        u1_0.user_id=?
2025-11-05 16:37:25 DEBUG SQL - 
    select
        u1_0.user_id,
        u1_0.email,
        u1_0.mobile_number,
        u1_0.password,
        u1_0.user_role,
        u1_0.username 
    from
        user u1_0 
    where
        u1_0.user_id=?
2025-11-05 16:37:25 DEBUG SQL - 
    select
        p1_0.order_id,
        p1_1.product_id,
        p1_1.category,
        p1_1.created_at,
        p1_1.description,
        p1_1.name,
        p1_1.photo_image,
        p1_1.price,
        p1_1.stock,
        p1_1.updated_at,
        u1_0.user_id,
        u1_0.email,
        u1_0.mobile_number,
        u1_0.password,
        u1_0.user_role,
        u1_0.username 
    from
        order_products p1_0 
    join
        product p1_1 
            on p1_1.product_id=p1_0.product_id 
    left join
        user u1_0 
            on u1_0.user_id=p1_1.user_id 
    where
        p1_0.order_id=?
2025-11-05 16:37:25 DEBUG SQL - 
    select
        p1_0.order_id,
        p1_1.product_id,
        p1_1.category,
        p1_1.created_at,
        p1_1.description,
        p1_1.name,
        p1_1.photo_image,
        p1_1.price,
        p1_1.stock,
        p1_1.updated_at,
        u1_0.user_id,
        u1_0.email,
        u1_0.mobile_number,
        u1_0.password,
        u1_0.user_role,
        u1_0.username 
    from
        order_products p1_0 
    join
        product p1_1 
            on p1_1.product_id=p1_0.product_id 
    left join
        user u1_0 
            on u1_0.user_id=p1_1.user_id 
    where
        p1_0.order_id=?
2025-11-05 16:37:25 DEBUG SQL - 
    select
        p1_0.order_id,
        p1_1.product_id,
        p1_1.category,
        p1_1.created_at,
        p1_1.description,
        p1_1.name,
        p1_1.photo_image,
        p1_1.price,
        p1_1.stock,
        p1_1.updated_at,
        u1_0.user_id,
        u1_0.email,
        u1_0.mobile_number,
        u1_0.password,
        u1_0.user_role,
        u1_0.username 
    from
        order_products p1_0 
    join
        product p1_1 
            on p1_1.product_id=p1_0.product_id 
    left join
        user u1_0 
            on u1_0.user_id=p1_1.user_id 
    where
        p1_0.order_id=?
2025-11-05 16:37:54 DEBUG SQL - 
    select
        u1_0.user_id,
        u1_0.email,
        u1_0.mobile_number,
        u1_0.password,
        u1_0.user_role,
        u1_0.username 
    from
        user u1_0 
    where
        u1_0.username=?
2025-11-05 16:37:54 DEBUG SQL - 
    select
        o1_0.order_id,
        o1_0.created_at,
        o1_0.quantity,
        o1_0.shipping_address,
        o1_0.status,
        o1_0.total_amount,
        o1_0.updated_at,
        o1_0.user_id 
    from
        orders o1_0
2025-11-05 16:37:54 DEBUG SQL - 
    select
        u1_0.user_id,
        u1_0.email,
        u1_0.mobile_number,
        u1_0.password,
        u1_0.user_role,
        u1_0.username 
    from
        user u1_0 
    where
        u1_0.user_id=?
2025-11-05 16:37:54 DEBUG SQL - 
    select
        u1_0.user_id,
        u1_0.email,
        u1_0.mobile_number,
        u1_0.password,
        u1_0.user_role,
        u1_0.username 
    from
        user u1_0 
    where
        u1_0.user_id=?
2025-11-05 16:37:54 DEBUG SQL - 
    select
        u1_0.user_id,
        u1_0.email,
        u1_0.mobile_number,
        u1_0.password,
        u1_0.user_role,
        u1_0.username 
    from
        user u1_0 
    where
        u1_0.user_id=?
2025-11-05 16:37:54 DEBUG SQL - 
    select
        p1_0.order_id,
        p1_1.product_id,
        p1_1.category,
        p1_1.created_at,
        p1_1.description,
        p1_1.name,
        p1_1.photo_image,
        p1_1.price,
        p1_1.stock,
        p1_1.updated_at,
        u1_0.user_id,
        u1_0.email,
        u1_0.mobile_number,
        u1_0.password,
        u1_0.user_role,
        u1_0.username 
    from
        order_products p1_0 
    join
        product p1_1 
            on p1_1.product_id=p1_0.product_id 
    left join
        user u1_0 
            on u1_0.user_id=p1_1.user_id 
    where
        p1_0.order_id=?
2025-11-05 16:37:54 DEBUG SQL - 
    select
        p1_0.order_id,
        p1_1.product_id,
        p1_1.category,
        p1_1.created_at,
        p1_1.description,
        p1_1.name,
        p1_1.photo_image,
        p1_1.price,
        p1_1.stock,
        p1_1.updated_at,
        u1_0.user_id,
        u1_0.email,
        u1_0.mobile_number,
        u1_0.password,
        u1_0.user_role,
        u1_0.username 
    from
        order_products p1_0 
    join
        product p1_1 
            on p1_1.product_id=p1_0.product_id 
    left join
        user u1_0 
            on u1_0.user_id=p1_1.user_id 
    where
        p1_0.order_id=?
2025-11-05 16:37:54 DEBUG SQL - 
    select
        p1_0.order_id,
        p1_1.product_id,
        p1_1.category,
        p1_1.created_at,
        p1_1.description,
        p1_1.name,
        p1_1.photo_image,
        p1_1.price,
        p1_1.stock,
        p1_1.updated_at,
        u1_0.user_id,
        u1_0.email,
        u1_0.mobile_number,
        u1_0.password,
        u1_0.user_role,
        u1_0.username 
    from
        order_products p1_0 
    join
        product p1_1 
            on p1_1.product_id=p1_0.product_id 
    left join
        user u1_0 
            on u1_0.user_id=p1_1.user_id 
    where
        p1_0.order_id=?
2025-11-05 16:40:16 DEBUG SQL - 
    select
        u1_0.user_id,
        u1_0.email,
        u1_0.mobile_number,
        u1_0.password,
        u1_0.user_role,
        u1_0.username 
    from
        user u1_0 
    where
        u1_0.username=?
2025-11-05 16:40:16 DEBUG SQL - 
    insert 
    into
        user
        (email, mobile_number, password, user_role, username, user_id) 
    values
        (?, ?, ?, ?, ?, ?)
2025-11-05 16:41:19 DEBUG SQL - 
    select
        u1_0.user_id,
        u1_0.email,
        u1_0.mobile_number,
        u1_0.password,
        u1_0.user_role,
        u1_0.username 
    from
        user u1_0 
    where
        u1_0.username=?
2025-11-05 16:41:19 DEBUG SQL - 
    select
        o1_0.order_id,
        o1_0.created_at,
        o1_0.quantity,
        o1_0.shipping_address,
        o1_0.status,
        o1_0.total_amount,
        o1_0.updated_at,
        o1_0.user_id 
    from
        orders o1_0
2025-11-05 16:41:19 DEBUG SQL - 
    select
        u1_0.user_id,
        u1_0.email,
        u1_0.mobile_number,
        u1_0.password,
        u1_0.user_role,
        u1_0.username 
    from
        user u1_0 
    where
        u1_0.user_id=?
2025-11-05 16:41:19 DEBUG SQL - 
    select
        u1_0.user_id,
        u1_0.email,
        u1_0.mobile_number,
        u1_0.password,
        u1_0.user_role,
        u1_0.username 
    from
        user u1_0 
    where
        u1_0.user_id=?
2025-11-05 16:41:19 DEBUG SQL - 
    select
        u1_0.user_id,
        u1_0.email,
        u1_0.mobile_number,
        u1_0.password,
        u1_0.user_role,
        u1_0.username 
    from
        user u1_0 
    where
        u1_0.user_id=?
2025-11-05 16:41:19 DEBUG SQL - 
    select
        p1_0.order_id,
        p1_1.product_id,
        p1_1.category,
        p1_1.created_at,
        p1_1.description,
        p1_1.name,
        p1_1.photo_image,
        p1_1.price,
        p1_1.stock,
        p1_1.updated_at,
        u1_0.user_id,
        u1_0.email,
        u1_0.mobile_number,
        u1_0.password,
        u1_0.user_role,
        u1_0.username 
    from
        order_products p1_0 
    join
        product p1_1 
            on p1_1.product_id=p1_0.product_id 
    left join
        user u1_0 
            on u1_0.user_id=p1_1.user_id 
    where
        p1_0.order_id=?
2025-11-05 16:41:19 DEBUG SQL - 
    select
        p1_0.order_id,
        p1_1.product_id,
        p1_1.category,
        p1_1.created_at,
        p1_1.description,
        p1_1.name,
        p1_1.photo_image,
        p1_1.price,
        p1_1.stock,
        p1_1.updated_at,
        u1_0.user_id,
        u1_0.email,
        u1_0.mobile_number,
        u1_0.password,
        u1_0.user_role,
        u1_0.username 
    from
        order_products p1_0 
    join
        product p1_1 
            on p1_1.product_id=p1_0.product_id 
    left join
        user u1_0 
            on u1_0.user_id=p1_1.user_id 
    where
        p1_0.order_id=?
2025-11-05 16:41:19 DEBUG SQL - 
    select
        p1_0.order_id,
        p1_1.product_id,
        p1_1.category,
        p1_1.created_at,
        p1_1.description,
        p1_1.name,
        p1_1.photo_image,
        p1_1.price,
        p1_1.stock,
        p1_1.updated_at,
        u1_0.user_id,
        u1_0.email,
        u1_0.mobile_number,
        u1_0.password,
        u1_0.user_role,
        u1_0.username 
    from
        order_products p1_0 
    join
        product p1_1 
            on p1_1.product_id=p1_0.product_id 
    left join
        user u1_0 
            on u1_0.user_id=p1_1.user_id 
    where
        p1_0.order_id=?
2025-11-05 16:42:07 DEBUG SQL - 
    select
        u1_0.user_id,
        u1_0.email,
        u1_0.mobile_number,
        u1_0.password,
        u1_0.user_role,
        u1_0.username 
    from
        user u1_0 
    where
        u1_0.username=?
2025-11-05 16:42:07 DEBUG SQL - 
    select
        o1_0.order_id,
        o1_0.created_at,
        o1_0.quantity,
        o1_0.shipping_address,
        o1_0.status,
        o1_0.total_amount,
        o1_0.updated_at,
        o1_0.user_id 
    from
        orders o1_0
2025-11-05 16:42:07 DEBUG SQL - 
    select
        u1_0.user_id,
        u1_0.email,
        u1_0.mobile_number,
        u1_0.password,
        u1_0.user_role,
        u1_0.username 
    from
        user u1_0 
    where
        u1_0.user_id=?
2025-11-05 16:42:07 DEBUG SQL - 
    select
        u1_0.user_id,
        u1_0.email,
        u1_0.mobile_number,
        u1_0.password,
        u1_0.user_role,
        u1_0.username 
    from
        user u1_0 
    where
        u1_0.user_id=?
2025-11-05 16:42:07 DEBUG SQL - 
    select
        u1_0.user_id,
        u1_0.email,
        u1_0.mobile_number,
        u1_0.password,
        u1_0.user_role,
        u1_0.username 
    from
        user u1_0 
    where
        u1_0.user_id=?
2025-11-05 16:42:07 DEBUG SQL - 
    select
        p1_0.order_id,
        p1_1.product_id,
        p1_1.category,
        p1_1.created_at,
        p1_1.description,
        p1_1.name,
        p1_1.photo_image,
        p1_1.price,
        p1_1.stock,
        p1_1.updated_at,
        u1_0.user_id,
        u1_0.email,
        u1_0.mobile_number,
        u1_0.password,
        u1_0.user_role,
        u1_0.username 
    from
        order_products p1_0 
    join
        product p1_1 
            on p1_1.product_id=p1_0.product_id 
    left join
        user u1_0 
            on u1_0.user_id=p1_1.user_id 
    where
        p1_0.order_id=?
2025-11-05 16:42:07 DEBUG SQL - 
    select
        p1_0.order_id,
        p1_1.product_id,
        p1_1.category,
        p1_1.created_at,
        p1_1.description,
        p1_1.name,
        p1_1.photo_image,
        p1_1.price,
        p1_1.stock,
        p1_1.updated_at,
        u1_0.user_id,
        u1_0.email,
        u1_0.mobile_number,
        u1_0.password,
        u1_0.user_role,
        u1_0.username 
    from
        order_products p1_0 
    join
        product p1_1 
            on p1_1.product_id=p1_0.product_id 
    left join
        user u1_0 
            on u1_0.user_id=p1_1.user_id 
    where
        p1_0.order_id=?
2025-11-05 16:42:07 DEBUG SQL - 
    select
        p1_0.order_id,
        p1_1.product_id,
        p1_1.category,
        p1_1.created_at,
        p1_1.description,
        p1_1.name,
        p1_1.photo_image,
        p1_1.price,
        p1_1.stock,
        p1_1.updated_at,
        u1_0.user_id,
        u1_0.email,
        u1_0.mobile_number,
        u1_0.password,
        u1_0.user_role,
        u1_0.username 
    from
        order_products p1_0 
    join
        product p1_1 
            on p1_1.product_id=p1_0.product_id 
    left join
        user u1_0 
            on u1_0.user_id=p1_1.user_id 
    where
        p1_0.order_id=?
2025-11-05 16:42:08 DEBUG SQL - 
    select
        u1_0.user_id,
        u1_0.email,
        u1_0.mobile_number,
        u1_0.password,
        u1_0.user_role,
        u1_0.username 
    from
        user u1_0 
    where
        u1_0.username=?
2025-11-05 16:42:08 DEBUG SQL - 
    insert 
    into
        user
        (email, mobile_number, password, user_role, username, user_id) 
    values
        (?, ?, ?, ?, ?, ?)
2025-11-05 16:45:28 DEBUG SQL - 
    select
        u1_0.user_id,
        u1_0.email,
        u1_0.mobile_number,
        u1_0.password,
        u1_0.user_role,
        u1_0.username 
    from
        user u1_0 
    where
        u1_0.username=?
2025-11-05 16:45:28 DEBUG SQL - 
    select
        o1_0.order_id,
        o1_0.created_at,
        o1_0.quantity,
        o1_0.shipping_address,
        o1_0.status,
        o1_0.total_amount,
        o1_0.updated_at,
        o1_0.user_id 
    from
        orders o1_0
2025-11-05 16:45:28 DEBUG SQL - 
    select
        u1_0.user_id,
        u1_0.email,
        u1_0.mobile_number,
        u1_0.password,
        u1_0.user_role,
        u1_0.username 
    from
        user u1_0 
    where
        u1_0.user_id=?
2025-11-05 16:45:28 DEBUG SQL - 
    select
        u1_0.user_id,
        u1_0.email,
        u1_0.mobile_number,
        u1_0.password,
        u1_0.user_role,
        u1_0.username 
    from
        user u1_0 
    where
        u1_0.user_id=?
2025-11-05 16:45:28 DEBUG SQL - 
    select
        u1_0.user_id,
        u1_0.email,
        u1_0.mobile_number,
        u1_0.password,
        u1_0.user_role,
        u1_0.username 
    from
        user u1_0 
    where
        u1_0.user_id=?
2025-11-05 16:45:28 DEBUG SQL - 
    select
        p1_0.order_id,
        p1_1.product_id,
        p1_1.category,
        p1_1.created_at,
        p1_1.description,
        p1_1.name,
        p1_1.photo_image,
        p1_1.price,
        p1_1.stock,
        p1_1.updated_at,
        u1_0.user_id,
        u1_0.email,
        u1_0.mobile_number,
        u1_0.password,
        u1_0.user_role,
        u1_0.username 
    from
        order_products p1_0 
    join
        product p1_1 
            on p1_1.product_id=p1_0.product_id 
    left join
        user u1_0 
            on u1_0.user_id=p1_1.user_id 
    where
        p1_0.order_id=?
2025-11-05 16:45:28 DEBUG SQL - 
    select
        p1_0.order_id,
        p1_1.product_id,
        p1_1.category,
        p1_1.created_at,
        p1_1.description,
        p1_1.name,
        p1_1.photo_image,
        p1_1.price,
        p1_1.stock,
        p1_1.updated_at,
        u1_0.user_id,
        u1_0.email,
        u1_0.mobile_number,
        u1_0.password,
        u1_0.user_role,
        u1_0.username 
    from
        order_products p1_0 
    join
        product p1_1 
            on p1_1.product_id=p1_0.product_id 
    left join
        user u1_0 
            on u1_0.user_id=p1_1.user_id 
    where
        p1_0.order_id=?
2025-11-05 16:45:28 DEBUG SQL - 
    select
        p1_0.order_id,
        p1_1.product_id,
        p1_1.category,
        p1_1.created_at,
        p1_1.description,
        p1_1.name,
        p1_1.photo_image,
        p1_1.price,
        p1_1.stock,
        p1_1.updated_at,
        u1_0.user_id,
        u1_0.email,
        u1_0.mobile_number,
        u1_0.password,
        u1_0.user_role,
        u1_0.username 
    from
        order_products p1_0 
    join
        product p1_1 
            on p1_1.product_id=p1_0.product_id 
    left join
        user u1_0 
            on u1_0.user_id=p1_1.user_id 
    where
        p1_0.order_id=?
2025-11-05 16:46:48 DEBUG SQL - 
    select
        u1_0.user_id,
        u1_0.email,
        u1_0.mobile_number,
        u1_0.password,
        u1_0.user_role,
        u1_0.username 
    from
        user u1_0 
    where
        u1_0.username=?
2025-11-05 16:46:48 DEBUG SQL - 
    select
        o1_0.order_id,
        o1_0.created_at,
        o1_0.quantity,
        o1_0.shipping_address,
        o1_0.status,
        o1_0.total_amount,
        o1_0.updated_at,
        o1_0.user_id 
    from
        orders o1_0
2025-11-05 16:46:48 DEBUG SQL - 
    select
        u1_0.user_id,
        u1_0.email,
        u1_0.mobile_number,
        u1_0.password,
        u1_0.user_role,
        u1_0.username 
    from
        user u1_0 
    where
        u1_0.user_id=?
2025-11-05 16:46:48 DEBUG SQL - 
    select
        u1_0.user_id,
        u1_0.email,
        u1_0.mobile_number,
        u1_0.password,
        u1_0.user_role,
        u1_0.username 
    from
        user u1_0 
    where
        u1_0.user_id=?
2025-11-05 16:46:48 DEBUG SQL - 
    select
        u1_0.user_id,
        u1_0.email,
        u1_0.mobile_number,
        u1_0.password,
        u1_0.user_role,
        u1_0.username 
    from
        user u1_0 
    where
        u1_0.user_id=?
2025-11-05 16:46:48 DEBUG SQL - 
    select
        p1_0.order_id,
        p1_1.product_id,
        p1_1.category,
        p1_1.created_at,
        p1_1.description,
        p1_1.name,
        p1_1.photo_image,
        p1_1.price,
        p1_1.stock,
        p1_1.updated_at,
        u1_0.user_id,
        u1_0.email,
        u1_0.mobile_number,
        u1_0.password,
        u1_0.user_role,
        u1_0.username 
    from
        order_products p1_0 
    join
        product p1_1 
            on p1_1.product_id=p1_0.product_id 
    left join
        user u1_0 
            on u1_0.user_id=p1_1.user_id 
    where
        p1_0.order_id=?
2025-11-05 16:46:48 DEBUG SQL - 
    select
        p1_0.order_id,
        p1_1.product_id,
        p1_1.category,
        p1_1.created_at,
        p1_1.description,
        p1_1.name,
        p1_1.photo_image,
        p1_1.price,
        p1_1.stock,
        p1_1.updated_at,
        u1_0.user_id,
        u1_0.email,
        u1_0.mobile_number,
        u1_0.password,
        u1_0.user_role,
        u1_0.username 
    from
        order_products p1_0 
    join
        product p1_1 
            on p1_1.product_id=p1_0.product_id 
    left join
        user u1_0 
            on u1_0.user_id=p1_1.user_id 
    where
        p1_0.order_id=?
2025-11-05 16:46:48 DEBUG SQL - 
    select
        p1_0.order_id,
        p1_1.product_id,
        p1_1.category,
        p1_1.created_at,
        p1_1.description,
        p1_1.name,
        p1_1.photo_image,
        p1_1.price,
        p1_1.stock,
        p1_1.updated_at,
        u1_0.user_id,
        u1_0.email,
        u1_0.mobile_number,
        u1_0.password,
        u1_0.user_role,
        u1_0.username 
    from
        order_products p1_0 
    join
        product p1_1 
            on p1_1.product_id=p1_0.product_id 
    left join
        user u1_0 
            on u1_0.user_id=p1_1.user_id 
    where
        p1_0.order_id=?
2025-11-05 16:51:06 DEBUG SQL - 
    select
        u1_0.user_id,
        u1_0.email,
        u1_0.mobile_number,
        u1_0.password,
        u1_0.user_role,
        u1_0.username 
    from
        user u1_0 
    where
        u1_0.username=?
2025-11-05 16:51:06 DEBUG SQL - 
    select
        o1_0.order_id,
        o1_0.created_at,
        o1_0.quantity,
        o1_0.shipping_address,
        o1_0.status,
        o1_0.total_amount,
        o1_0.updated_at,
        o1_0.user_id 
    from
        orders o1_0
2025-11-05 16:51:06 DEBUG SQL - 
    select
        u1_0.user_id,
        u1_0.email,
        u1_0.mobile_number,
        u1_0.password,
        u1_0.user_role,
        u1_0.username 
    from
        user u1_0 
    where
        u1_0.user_id=?
2025-11-05 16:51:06 DEBUG SQL - 
    select
        u1_0.user_id,
        u1_0.email,
        u1_0.mobile_number,
        u1_0.password,
        u1_0.user_role,
        u1_0.username 
    from
        user u1_0 
    where
        u1_0.user_id=?
2025-11-05 16:51:06 DEBUG SQL - 
    select
        u1_0.user_id,
        u1_0.email,
        u1_0.mobile_number,
        u1_0.password,
        u1_0.user_role,
        u1_0.username 
    from
        user u1_0 
    where
        u1_0.user_id=?
2025-11-05 16:51:06 DEBUG SQL - 
    select
        p1_0.order_id,
        p1_1.product_id,
        p1_1.category,
        p1_1.created_at,
        p1_1.description,
        p1_1.name,
        p1_1.photo_image,
        p1_1.price,
        p1_1.stock,
        p1_1.updated_at,
        u1_0.user_id,
        u1_0.email,
        u1_0.mobile_number,
        u1_0.password,
        u1_0.user_role,
        u1_0.username 
    from
        order_products p1_0 
    join
        product p1_1 
            on p1_1.product_id=p1_0.product_id 
    left join
        user u1_0 
            on u1_0.user_id=p1_1.user_id 
    where
        p1_0.order_id=?
2025-11-05 16:51:06 DEBUG SQL - 
    select
        p1_0.order_id,
        p1_1.product_id,
        p1_1.category,
        p1_1.created_at,
        p1_1.description,
        p1_1.name,
        p1_1.photo_image,
        p1_1.price,
        p1_1.stock,
        p1_1.updated_at,
        u1_0.user_id,
        u1_0.email,
        u1_0.mobile_number,
        u1_0.password,
        u1_0.user_role,
        u1_0.username 
    from
        order_products p1_0 
    join
        product p1_1 
            on p1_1.product_id=p1_0.product_id 
    left join
        user u1_0 
            on u1_0.user_id=p1_1.user_id 
    where
        p1_0.order_id=?
2025-11-05 16:51:06 DEBUG SQL - 
    select
        p1_0.order_id,
        p1_1.product_id,
        p1_1.category,
        p1_1.created_at,
        p1_1.description,
        p1_1.name,
        p1_1.photo_image,
        p1_1.price,
        p1_1.stock,
        p1_1.updated_at,
        u1_0.user_id,
        u1_0.email,
        u1_0.mobile_number,
        u1_0.password,
        u1_0.user_role,
        u1_0.username 
    from
        order_products p1_0 
    join
        product p1_1 
            on p1_1.product_id=p1_0.product_id 
    left join
        user u1_0 
            on u1_0.user_id=p1_1.user_id 
    where
        p1_0.order_id=?
2025-11-05 16:55:27 DEBUG SQL - 
    select
        u1_0.user_id,
        u1_0.email,
        u1_0.mobile_number,
        u1_0.password,
        u1_0.user_role,
        u1_0.username 
    from
        user u1_0 
    where
        u1_0.username=?
2025-11-05 16:55:27 DEBUG SQL - 
    select
        o1_0.order_id,
        o1_0.created_at,
        o1_0.quantity,
        o1_0.shipping_address,
        o1_0.status,
        o1_0.total_amount,
        o1_0.updated_at,
        o1_0.user_id 
    from
        orders o1_0
2025-11-05 16:55:27 DEBUG SQL - 
    select
        u1_0.user_id,
        u1_0.email,
        u1_0.mobile_number,
        u1_0.password,
        u1_0.user_role,
        u1_0.username 
    from
        user u1_0 
    where
        u1_0.user_id=?
2025-11-05 16:55:27 DEBUG SQL - 
    select
        u1_0.user_id,
        u1_0.email,
        u1_0.mobile_number,
        u1_0.password,
        u1_0.user_role,
        u1_0.username 
    from
        user u1_0 
    where
        u1_0.user_id=?
2025-11-05 16:55:27 DEBUG SQL - 
    select
        u1_0.user_id,
        u1_0.email,
        u1_0.mobile_number,
        u1_0.password,
        u1_0.user_role,
        u1_0.username 
    from
        user u1_0 
    where
        u1_0.user_id=?
2025-11-05 16:55:27 DEBUG SQL - 
    select
        p1_0.order_id,
        p1_1.product_id,
        p1_1.category,
        p1_1.created_at,
        p1_1.description,
        p1_1.name,
        p1_1.photo_image,
        p1_1.price,
        p1_1.stock,
        p1_1.updated_at,
        u1_0.user_id,
        u1_0.email,
        u1_0.mobile_number,
        u1_0.password,
        u1_0.user_role,
        u1_0.username 
    from
        order_products p1_0 
    join
        product p1_1 
            on p1_1.product_id=p1_0.product_id 
    left join
        user u1_0 
            on u1_0.user_id=p1_1.user_id 
    where
        p1_0.order_id=?
2025-11-05 16:55:27 DEBUG SQL - 
    select
        p1_0.order_id,
        p1_1.product_id,
        p1_1.category,
        p1_1.created_at,
        p1_1.description,
        p1_1.name,
        p1_1.photo_image,
        p1_1.price,
        p1_1.stock,
        p1_1.updated_at,
        u1_0.user_id,
        u1_0.email,
        u1_0.mobile_number,
        u1_0.password,
        u1_0.user_role,
        u1_0.username 
    from
        order_products p1_0 
    join
        product p1_1 
            on p1_1.product_id=p1_0.product_id 
    left join
        user u1_0 
            on u1_0.user_id=p1_1.user_id 
    where
        p1_0.order_id=?
2025-11-05 16:55:27 DEBUG SQL - 
    select
        p1_0.order_id,
        p1_1.product_id,
        p1_1.category,
        p1_1.created_at,
        p1_1.description,
        p1_1.name,
        p1_1.photo_image,
        p1_1.price,
        p1_1.stock,
        p1_1.updated_at,
        u1_0.user_id,
        u1_0.email,
        u1_0.mobile_number,
        u1_0.password,
        u1_0.user_role,
        u1_0.username 
    from
        order_products p1_0 
    join
        product p1_1 
            on p1_1.product_id=p1_0.product_id 
    left join
        user u1_0 
            on u1_0.user_id=p1_1.user_id 
    where
        p1_0.order_id=?
2025-11-05 16:58:02 INFO  AbstractOpenApiResource - Init duration for springdoc-openapi is: 266 ms
2025-11-05 16:59:40 DEBUG SQL - 
    select
        u1_0.user_id,
        u1_0.email,
        u1_0.mobile_number,
        u1_0.password,
        u1_0.user_role,
        u1_0.username 
    from
        user u1_0 
    where
        u1_0.username=?
2025-11-05 16:59:40 DEBUG SQL - 
    select
        o1_0.order_id,
        o1_0.created_at,
        o1_0.quantity,
        o1_0.shipping_address,
        o1_0.status,
        o1_0.total_amount,
        o1_0.updated_at,
        o1_0.user_id 
    from
        orders o1_0
2025-11-05 16:59:40 DEBUG SQL - 
    select
        u1_0.user_id,
        u1_0.email,
        u1_0.mobile_number,
        u1_0.password,
        u1_0.user_role,
        u1_0.username 
    from
        user u1_0 
    where
        u1_0.user_id=?
2025-11-05 16:59:40 DEBUG SQL - 
    select
        u1_0.user_id,
        u1_0.email,
        u1_0.mobile_number,
        u1_0.password,
        u1_0.user_role,
        u1_0.username 
    from
        user u1_0 
    where
        u1_0.user_id=?
2025-11-05 16:59:40 DEBUG SQL - 
    select
        u1_0.user_id,
        u1_0.email,
        u1_0.mobile_number,
        u1_0.password,
        u1_0.user_role,
        u1_0.username 
    from
        user u1_0 
    where
        u1_0.user_id=?
2025-11-05 16:59:40 DEBUG SQL - 
    select
        p1_0.order_id,
        p1_1.product_id,
        p1_1.category,
        p1_1.created_at,
        p1_1.description,
        p1_1.name,
        p1_1.photo_image,
        p1_1.price,
        p1_1.stock,
        p1_1.updated_at,
        u1_0.user_id,
        u1_0.email,
        u1_0.mobile_number,
        u1_0.password,
        u1_0.user_role,
        u1_0.username 
    from
        order_products p1_0 
    join
        product p1_1 
            on p1_1.product_id=p1_0.product_id 
    left join
        user u1_0 
            on u1_0.user_id=p1_1.user_id 
    where
        p1_0.order_id=?
2025-11-05 16:59:40 DEBUG SQL - 
    select
        p1_0.order_id,
        p1_1.product_id,
        p1_1.category,
        p1_1.created_at,
        p1_1.description,
        p1_1.name,
        p1_1.photo_image,
        p1_1.price,
        p1_1.stock,
        p1_1.updated_at,
        u1_0.user_id,
        u1_0.email,
        u1_0.mobile_number,
        u1_0.password,
        u1_0.user_role,
        u1_0.username 
    from
        order_products p1_0 
    join
        product p1_1 
            on p1_1.product_id=p1_0.product_id 
    left join
        user u1_0 
            on u1_0.user_id=p1_1.user_id 
    where
        p1_0.order_id=?
2025-11-05 16:59:40 DEBUG SQL - 
    select
        p1_0.order_id,
        p1_1.product_id,
        p1_1.category,
        p1_1.created_at,
        p1_1.description,
        p1_1.name,
        p1_1.photo_image,
        p1_1.price,
        p1_1.stock,
        p1_1.updated_at,
        u1_0.user_id,
        u1_0.email,
        u1_0.mobile_number,
        u1_0.password,
        u1_0.user_role,
        u1_0.username 
    from
        order_products p1_0 
    join
        product p1_1 
            on p1_1.product_id=p1_0.product_id 
    left join
        user u1_0 
            on u1_0.user_id=p1_1.user_id 
    where
        p1_0.order_id=?
2025-11-05 17:31:58 DEBUG SQL - 
    select
        u1_0.user_id,
        u1_0.email,
        u1_0.mobile_number,
        u1_0.password,
        u1_0.user_role,
        u1_0.username 
    from
        user u1_0 
    where
        u1_0.username=?
2025-11-05 17:31:58 DEBUG SQL - 
    select
        o1_0.order_id,
        o1_0.created_at,
        o1_0.quantity,
        o1_0.shipping_address,
        o1_0.status,
        o1_0.total_amount,
        o1_0.updated_at,
        o1_0.user_id 
    from
        orders o1_0
2025-11-05 17:31:58 DEBUG SQL - 
    select
        u1_0.user_id,
        u1_0.email,
        u1_0.mobile_number,
        u1_0.password,
        u1_0.user_role,
        u1_0.username 
    from
        user u1_0 
    where
        u1_0.user_id=?
2025-11-05 17:31:58 DEBUG SQL - 
    select
        u1_0.user_id,
        u1_0.email,
        u1_0.mobile_number,
        u1_0.password,
        u1_0.user_role,
        u1_0.username 
    from
        user u1_0 
    where
        u1_0.user_id=?
2025-11-05 17:31:58 DEBUG SQL - 
    select
        u1_0.user_id,
        u1_0.email,
        u1_0.mobile_number,
        u1_0.password,
        u1_0.user_role,
        u1_0.username 
    from
        user u1_0 
    where
        u1_0.user_id=?
2025-11-05 17:31:58 DEBUG SQL - 
    select
        p1_0.order_id,
        p1_1.product_id,
        p1_1.category,
        p1_1.created_at,
        p1_1.description,
        p1_1.name,
        p1_1.photo_image,
        p1_1.price,
        p1_1.stock,
        p1_1.updated_at,
        u1_0.user_id,
        u1_0.email,
        u1_0.mobile_number,
        u1_0.password,
        u1_0.user_role,
        u1_0.username 
    from
        order_products p1_0 
    join
        product p1_1 
            on p1_1.product_id=p1_0.product_id 
    left join
        user u1_0 
            on u1_0.user_id=p1_1.user_id 
    where
        p1_0.order_id=?
2025-11-05 17:31:58 DEBUG SQL - 
    select
        p1_0.order_id,
        p1_1.product_id,
        p1_1.category,
        p1_1.created_at,
        p1_1.description,
        p1_1.name,
        p1_1.photo_image,
        p1_1.price,
        p1_1.stock,
        p1_1.updated_at,
        u1_0.user_id,
        u1_0.email,
        u1_0.mobile_number,
        u1_0.password,
        u1_0.user_role,
        u1_0.username 
    from
        order_products p1_0 
    join
        product p1_1 
            on p1_1.product_id=p1_0.product_id 
    left join
        user u1_0 
            on u1_0.user_id=p1_1.user_id 
    where
        p1_0.order_id=?
2025-11-05 17:31:58 DEBUG SQL - 
    select
        p1_0.order_id,
        p1_1.product_id,
        p1_1.category,
        p1_1.created_at,
        p1_1.description,
        p1_1.name,
        p1_1.photo_image,
        p1_1.price,
        p1_1.stock,
        p1_1.updated_at,
        u1_0.user_id,
        u1_0.email,
        u1_0.mobile_number,
        u1_0.password,
        u1_0.user_role,
        u1_0.username 
    from
        order_products p1_0 
    join
        product p1_1 
            on p1_1.product_id=p1_0.product_id 
    left join
        user u1_0 
            on u1_0.user_id=p1_1.user_id 
    where
        p1_0.order_id=?
2025-11-05 17:32:01 DEBUG SQL - 
    select
        u1_0.user_id,
        u1_0.email,
        u1_0.mobile_number,
        u1_0.password,
        u1_0.user_role,
        u1_0.username 
    from
        user u1_0 
    where
        u1_0.username=?
2025-11-05 17:32:01 DEBUG SQL - 
    select
        p1_0.product_id,
        p1_0.category,
        p1_0.created_at,
        p1_0.description,
        p1_0.name,
        p1_0.photo_image,
        p1_0.price,
        p1_0.stock,
        p1_0.updated_at,
        p1_0.user_id 
    from
        product p1_0
2025-11-05 17:32:01 DEBUG SQL - 
    select
        u1_0.user_id,
        u1_0.email,
        u1_0.mobile_number,
        u1_0.password,
        u1_0.user_role,
        u1_0.username 
    from
        user u1_0 
    where
        u1_0.user_id=?
2025-11-05 17:32:01 DEBUG SQL - 
    select
        u1_0.user_id,
        u1_0.email,
        u1_0.mobile_number,
        u1_0.password,
        u1_0.user_role,
        u1_0.username 
    from
        user u1_0 
    where
        u1_0.user_id=?
2025-11-05 17:36:14 DEBUG SQL - 
    select
        u1_0.user_id,
        u1_0.email,
        u1_0.mobile_number,
        u1_0.password,
        u1_0.user_role,
        u1_0.username 
    from
        user u1_0 
    where
        u1_0.username=?
2025-11-05 17:36:14 DEBUG SQL - 
    select
        p1_0.product_id,
        p1_0.category,
        p1_0.created_at,
        p1_0.description,
        p1_0.name,
        p1_0.photo_image,
        p1_0.price,
        p1_0.stock,
        p1_0.updated_at,
        p1_0.user_id 
    from
        product p1_0
2025-11-05 17:36:14 DEBUG SQL - 
    select
        u1_0.user_id,
        u1_0.email,
        u1_0.mobile_number,
        u1_0.password,
        u1_0.user_role,
        u1_0.username 
    from
        user u1_0 
    where
        u1_0.user_id=?
2025-11-05 17:36:14 DEBUG SQL - 
    select
        u1_0.user_id,
        u1_0.email,
        u1_0.mobile_number,
        u1_0.password,
        u1_0.user_role,
        u1_0.username 
    from
        user u1_0 
    where
        u1_0.user_id=?
2025-11-05 17:40:31 DEBUG SQL - 
    select
        u1_0.user_id,
        u1_0.email,
        u1_0.mobile_number,
        u1_0.password,
        u1_0.user_role,
        u1_0.username 
    from
        user u1_0 
    where
        u1_0.username=?
2025-11-05 17:40:31 DEBUG SQL - 
    select
        p1_0.product_id,
        p1_0.category,
        p1_0.created_at,
        p1_0.description,
        p1_0.name,
        p1_0.photo_image,
        p1_0.price,
        p1_0.stock,
        p1_0.updated_at,
        p1_0.user_id 
    from
        product p1_0
2025-11-05 17:40:31 DEBUG SQL - 
    select
        u1_0.user_id,
        u1_0.email,
        u1_0.mobile_number,
        u1_0.password,
        u1_0.user_role,
        u1_0.username 
    from
        user u1_0 
    where
        u1_0.user_id=?
2025-11-05 17:40:31 DEBUG SQL - 
    select
        u1_0.user_id,
        u1_0.email,
        u1_0.mobile_number,
        u1_0.password,
        u1_0.user_role,
        u1_0.username 
    from
        user u1_0 
    where
        u1_0.user_id=?
2025-11-05 17:41:22 DEBUG SQL - 
    select
        u1_0.user_id,
        u1_0.email,
        u1_0.mobile_number,
        u1_0.password,
        u1_0.user_role,
        u1_0.username 
    from
        user u1_0 
    where
        u1_0.username=?
2025-11-05 17:41:22 DEBUG SQL - 
    select
        p1_0.product_id,
        p1_0.category,
        p1_0.created_at,
        p1_0.description,
        p1_0.name,
        p1_0.photo_image,
        p1_0.price,
        p1_0.stock,
        p1_0.updated_at,
        u1_0.user_id,
        u1_0.email,
        u1_0.mobile_number,
        u1_0.password,
        u1_0.user_role,
        u1_0.username 
    from
        product p1_0 
    left join
        user u1_0 
            on u1_0.user_id=p1_0.user_id 
    where
        p1_0.product_id=?
2025-11-05 17:41:25 DEBUG SQL - 
    select
        u1_0.user_id,
        u1_0.email,
        u1_0.mobile_number,
        u1_0.password,
        u1_0.user_role,
        u1_0.username 
    from
        user u1_0 
    where
        u1_0.username=?
2025-11-05 17:41:25 DEBUG SQL - 
    select
        p1_0.product_id,
        p1_0.category,
        p1_0.created_at,
        p1_0.description,
        p1_0.name,
        p1_0.photo_image,
        p1_0.price,
        p1_0.stock,
        p1_0.updated_at,
        p1_0.user_id 
    from
        product p1_0
2025-11-05 17:41:25 DEBUG SQL - 
    select
        u1_0.user_id,
        u1_0.email,
        u1_0.mobile_number,
        u1_0.password,
        u1_0.user_role,
        u1_0.username 
    from
        user u1_0 
    where
        u1_0.user_id=?
2025-11-05 17:41:25 DEBUG SQL - 
    select
        u1_0.user_id,
        u1_0.email,
        u1_0.mobile_number,
        u1_0.password,
        u1_0.user_role,
        u1_0.username 
    from
        user u1_0 
    where
        u1_0.user_id=?
2025-11-05 17:44:45 DEBUG SQL - 
    select
        u1_0.user_id,
        u1_0.email,
        u1_0.mobile_number,
        u1_0.password,
        u1_0.user_role,
        u1_0.username 
    from
        user u1_0 
    where
        u1_0.username=?
2025-11-05 17:44:45 DEBUG SQL - 
    select
        p1_0.product_id,
        p1_0.category,
        p1_0.created_at,
        p1_0.description,
        p1_0.name,
        p1_0.photo_image,
        p1_0.price,
        p1_0.stock,
        p1_0.updated_at,
        p1_0.user_id 
    from
        product p1_0
2025-11-05 17:44:45 DEBUG SQL - 
    select
        u1_0.user_id,
        u1_0.email,
        u1_0.mobile_number,
        u1_0.password,
        u1_0.user_role,
        u1_0.username 
    from
        user u1_0 
    where
        u1_0.user_id=?
2025-11-05 17:44:45 DEBUG SQL - 
    select
        u1_0.user_id,
        u1_0.email,
        u1_0.mobile_number,
        u1_0.password,
        u1_0.user_role,
        u1_0.username 
    from
        user u1_0 
    where
        u1_0.user_id=?
2025-11-05 17:45:15 DEBUG SQL - 
    select
        u1_0.user_id,
        u1_0.email,
        u1_0.mobile_number,
        u1_0.password,
        u1_0.user_role,
        u1_0.username 
    from
        user u1_0 
    where
        u1_0.username=?
2025-11-05 17:45:15 DEBUG SQL - 
    select
        p1_0.product_id,
        p1_0.category,
        p1_0.created_at,
        p1_0.description,
        p1_0.name,
        p1_0.photo_image,
        p1_0.price,
        p1_0.stock,
        p1_0.updated_at,
        u1_0.user_id,
        u1_0.email,
        u1_0.mobile_number,
        u1_0.password,
        u1_0.user_role,
        u1_0.username 
    from
        product p1_0 
    left join
        user u1_0 
            on u1_0.user_id=p1_0.user_id 
    where
        p1_0.product_id=?
2025-11-05 17:46:14 DEBUG SQL - 
    select
        u1_0.user_id,
        u1_0.email,
        u1_0.mobile_number,
        u1_0.password,
        u1_0.user_role,
        u1_0.username 
    from
        user u1_0 
    where
        u1_0.username=?
2025-11-05 17:46:14 DEBUG SQL - 
    select
        p1_0.product_id,
        p1_0.category,
        p1_0.created_at,
        p1_0.description,
        p1_0.name,
        p1_0.photo_image,
        p1_0.price,
        p1_0.stock,
        p1_0.updated_at,
        u1_0.user_id,
        u1_0.email,
        u1_0.mobile_number,
        u1_0.password,
        u1_0.user_role,
        u1_0.username 
    from
        product p1_0 
    left join
        user u1_0 
            on u1_0.user_id=p1_0.user_id 
    where
        p1_0.product_id=?
2025-11-05 17:46:14 DEBUG SQL - 
    update
        product 
    set
        category=?,
        created_at=?,
        description=?,
        name=?,
        photo_image=?,
        price=?,
        stock=?,
        updated_at=?,
        user_id=? 
    where
        product_id=?
2025-11-05 17:46:15 DEBUG SQL - 
    select
        u1_0.user_id,
        u1_0.email,
        u1_0.mobile_number,
        u1_0.password,
        u1_0.user_role,
        u1_0.username 
    from
        user u1_0 
    where
        u1_0.username=?
2025-11-05 17:46:15 DEBUG SQL - 
    select
        p1_0.product_id,
        p1_0.category,
        p1_0.created_at,
        p1_0.description,
        p1_0.name,
        p1_0.photo_image,
        p1_0.price,
        p1_0.stock,
        p1_0.updated_at,
        p1_0.user_id 
    from
        product p1_0
2025-11-05 17:46:15 DEBUG SQL - 
    select
        u1_0.user_id,
        u1_0.email,
        u1_0.mobile_number,
        u1_0.password,
        u1_0.user_role,
        u1_0.username 
    from
        user u1_0 
    where
        u1_0.user_id=?
2025-11-05 17:49:09 DEBUG SQL - 
    select
        u1_0.user_id,
        u1_0.email,
        u1_0.mobile_number,
        u1_0.password,
        u1_0.user_role,
        u1_0.username 
    from
        user u1_0 
    where
        u1_0.username=?
2025-11-05 17:49:09 DEBUG SQL - 
    select
        p1_0.product_id,
        p1_0.category,
        p1_0.created_at,
        p1_0.description,
        p1_0.name,
        p1_0.photo_image,
        p1_0.price,
        p1_0.stock,
        p1_0.updated_at,
        p1_0.user_id 
    from
        product p1_0
2025-11-05 17:49:09 DEBUG SQL - 
    select
        u1_0.user_id,
        u1_0.email,
        u1_0.mobile_number,
        u1_0.password,
        u1_0.user_role,
        u1_0.username 
    from
        user u1_0 
    where
        u1_0.user_id=?
2025-11-06 03:55:55 INFO  Version - HV000001: Hibernate Validator 8.0.0.Final
2025-11-06 03:55:55 INFO  SpringappApplication - Starting SpringappApplication using Java 17.0.15 with PID 1265 (/home/coder/project/workspace/springapp/target/classes started by coder in /home/coder/project/workspace/springapp)
2025-11-06 03:55:55 INFO  SpringappApplication - No active profile set, falling back to 1 default profile: "default"
2025-11-06 03:55:55 INFO  ChangeableUrls - The Class-Path manifest attribute in /home/coder/.m2/repository/com/sun/xml/bind/jaxb-impl/4.0.1/jaxb-impl-4.0.1.jar referenced one or more files that do not exist: file:/home/coder/.m2/repository/com/sun/xml/bind/jaxb-impl/4.0.1/jaxb-core.jar,file:/home/coder/.m2/repository/com/sun/xml/bind/jaxb-impl/4.0.1/angus-activation.jar
2025-11-06 03:55:55 INFO  ChangeableUrls - The Class-Path manifest attribute in /home/coder/.m2/repository/com/sun/xml/bind/jaxb-core/4.0.1/jaxb-core-4.0.1.jar referenced one or more files that do not exist: file:/home/coder/.m2/repository/com/sun/xml/bind/jaxb-core/4.0.1/jakarta.activation-api.jar,file:/home/coder/.m2/repository/com/sun/xml/bind/jaxb-core/4.0.1/jakarta.xml.bind-api.jar
2025-11-06 03:55:55 INFO  DevToolsPropertyDefaultsPostProcessor - Devtools property defaults active! Set 'spring.devtools.add-properties' to 'false' to disable
2025-11-06 03:55:55 INFO  DevToolsPropertyDefaultsPostProcessor - For additional web related logging consider setting the 'logging.level.web' property to 'DEBUG'
2025-11-06 03:55:56 INFO  RepositoryConfigurationDelegate - Bootstrapping Spring Data JPA repositories in DEFAULT mode.
2025-11-06 03:55:56 INFO  RepositoryConfigurationDelegate - Finished Spring Data repository scanning in 45 ms. Found 4 JPA repository interfaces.
2025-11-06 03:55:56 INFO  PostProcessorRegistrationDelegate$BeanPostProcessorChecker - Bean 'org.springframework.ws.config.annotation.DelegatingWsConfiguration' of type [org.springframework.ws.config.annotation.DelegatingWsConfiguration$$SpringCGLIB$$0] is not eligible for getting processed by all BeanPostProcessors (for example: not eligible for auto-proxying)
2025-11-06 03:55:56 INFO  AnnotationActionEndpointMapping - Supporting [WS-Addressing August 2004, WS-Addressing 1.0]
2025-11-06 03:55:56 INFO  TomcatWebServer - Tomcat initialized with port(s): 8080 (http)
2025-11-06 03:55:56 INFO  Http11NioProtocol - Initializing ProtocolHandler ["http-nio-8080"]
2025-11-06 03:55:56 INFO  StandardService - Starting service [Tomcat]
2025-11-06 03:55:56 INFO  StandardEngine - Starting Servlet engine: [Apache Tomcat/10.1.4]
2025-11-06 03:55:56 INFO  [/] - Initializing Spring embedded WebApplicationContext
2025-11-06 03:55:56 INFO  ServletWebServerApplicationContext - Root WebApplicationContext: initialization completed in 1256 ms
2025-11-06 03:55:56 INFO  LogHelper - HHH000204: Processing PersistenceUnitInfo [name: default]
2025-11-06 03:55:56 INFO  Version - HHH000412: Hibernate ORM core version 6.1.6.Final
2025-11-06 03:55:57 WARN  deprecation - HHH90000021: Encountered deprecated setting [javax.persistence.sharedCache.mode], use [jakarta.persistence.sharedCache.mode] instead
2025-11-06 03:55:57 INFO  HikariDataSource - HikariPool-1 - Starting...
2025-11-06 03:55:57 INFO  HikariPool - HikariPool-1 - Added connection com.mysql.cj.jdbc.ConnectionImpl@7b68d0e1
2025-11-06 03:55:57 INFO  HikariDataSource - HikariPool-1 - Start completed.
2025-11-06 03:55:57 INFO  SQL dialect - HHH000400: Using dialect: org.hibernate.dialect.MySQL8Dialect
2025-11-06 03:55:57 WARN  deprecation - HHH90000026: MySQL8Dialect has been deprecated; use org.hibernate.dialect.MySQLDialect instead
2025-11-06 03:55:58 INFO  JtaPlatformInitiator - HHH000490: Using JtaPlatform implementation: [org.hibernate.engine.transaction.jta.platform.internal.NoJtaPlatform]
2025-11-06 03:55:58 INFO  LocalContainerEntityManagerFactoryBean - Initialized JPA EntityManagerFactory for persistence unit 'default'
2025-11-06 03:55:59 WARN  JpaBaseConfiguration$JpaWebConfiguration - spring.jpa.open-in-view is enabled by default. Therefore, database queries may be performed during view rendering. Explicitly configure spring.jpa.open-in-view to disable this warning
2025-11-06 03:55:59 INFO  DefaultSecurityFilterChain - Will secure any request with [org.springframework.security.web.session.DisableEncodeUrlFilter@2ceb8a63, org.springframework.security.web.context.request.async.WebAsyncManagerIntegrationFilter@70209b2d, org.springframework.security.web.context.SecurityContextHolderFilter@47da3bb8, org.springframework.security.web.header.HeaderWriterFilter@14d543cc, org.springframework.web.filter.CorsFilter@6bbd6759, org.springframework.security.web.authentication.logout.LogoutFilter@3136a3a6, com.examly.springapp.config.JwtAuthenticationFilter@13dc4671, org.springframework.security.web.authentication.www.BasicAuthenticationFilter@300d9340, org.springframework.security.web.savedrequest.RequestCacheAwareFilter@77aef5c1, org.springframework.security.web.servletapi.SecurityContextHolderAwareRequestFilter@72a87fe, org.springframework.security.web.authentication.AnonymousAuthenticationFilter@2d1cd02a, org.springframework.security.web.session.SessionManagementFilter@79851f39, org.springframework.security.web.access.ExceptionTranslationFilter@432d8dbd, org.springframework.security.web.access.intercept.AuthorizationFilter@7081510c]
2025-11-06 03:55:59 INFO  OptionalLiveReloadServer - LiveReload server is running on port 35729
2025-11-06 03:55:59 INFO  Http11NioProtocol - Starting ProtocolHandler ["http-nio-8080"]
2025-11-06 03:55:59 INFO  TomcatWebServer - Tomcat started on port(s): 8080 (http) with context path ''
2025-11-06 03:55:59 INFO  SpringappApplication - Started SpringappApplication in 4.609 seconds (process running for 5.211)
2025-11-06 03:55:59 INFO  SpringappApplication - Application started successfully!
2025-11-06 03:57:03 INFO  LocalDevToolsAutoConfiguration$RestartingClassPathChangeChangedEventListener - Restarting due to 37 class path changes (0 additions, 37 deletions, 0 modifications)
2025-11-06 03:57:03 INFO  Http11NioProtocol - Pausing ProtocolHandler ["http-nio-8080"]
2025-11-06 03:57:03 INFO  StandardService - Stopping service [Tomcat]
2025-11-06 03:57:03 WARN  WebappClassLoaderBase - The web application [ROOT] appears to have started a thread named [HikariPool-1 housekeeper] but has failed to stop it. This is very likely to create a memory leak. Stack trace of thread:
 java.base@17.0.15/jdk.internal.misc.Unsafe.park(Native Method)
 java.base@17.0.15/java.util.concurrent.locks.LockSupport.parkNanos(LockSupport.java:252)
 java.base@17.0.15/java.util.concurrent.locks.AbstractQueuedSynchronizer$ConditionObject.awaitNanos(AbstractQueuedSynchronizer.java:1679)
 java.base@17.0.15/java.util.concurrent.ScheduledThreadPoolExecutor$DelayedWorkQueue.take(ScheduledThreadPoolExecutor.java:1182)
 java.base@17.0.15/java.util.concurrent.ScheduledThreadPoolExecutor$DelayedWorkQueue.take(ScheduledThreadPoolExecutor.java:899)
 java.base@17.0.15/java.util.concurrent.ThreadPoolExecutor.getTask(ThreadPoolExecutor.java:1062)
 java.base@17.0.15/java.util.concurrent.ThreadPoolExecutor.runWorker(ThreadPoolExecutor.java:1122)
 java.base@17.0.15/java.util.concurrent.ThreadPoolExecutor$Worker.run(ThreadPoolExecutor.java:635)
 java.base@17.0.15/java.lang.Thread.run(Thread.java:840)
2025-11-06 03:57:03 INFO  Http11NioProtocol - Stopping ProtocolHandler ["http-nio-8080"]
2025-11-06 03:57:03 INFO  Http11NioProtocol - Destroying ProtocolHandler ["http-nio-8080"]
2025-11-06 03:57:03 INFO  LocalContainerEntityManagerFactoryBean - Closing JPA EntityManagerFactory for persistence unit 'default'
2025-11-06 03:57:03 INFO  HikariDataSource - HikariPool-1 - Shutdown initiated...
2025-11-06 03:57:03 INFO  HikariDataSource - HikariPool-1 - Shutdown completed.
2025-11-06 03:57:07 INFO  SpringappApplication - Starting SpringappApplication using Java 17.0.15 with PID 1265 (/home/coder/project/workspace/springapp/target/classes started by coder in /home/coder/project/workspace/springapp)
2025-11-06 03:57:07 INFO  SpringappApplication - No active profile set, falling back to 1 default profile: "default"
2025-11-06 03:57:07 INFO  RepositoryConfigurationDelegate - Bootstrapping Spring Data JPA repositories in DEFAULT mode.
2025-11-06 03:57:07 INFO  RepositoryConfigurationDelegate - Finished Spring Data repository scanning in 12 ms. Found 4 JPA repository interfaces.
2025-11-06 03:57:07 INFO  PostProcessorRegistrationDelegate$BeanPostProcessorChecker - Bean 'org.springframework.ws.config.annotation.DelegatingWsConfiguration' of type [org.springframework.ws.config.annotation.DelegatingWsConfiguration$$SpringCGLIB$$0] is not eligible for getting processed by all BeanPostProcessors (for example: not eligible for auto-proxying)
2025-11-06 03:57:07 INFO  AnnotationActionEndpointMapping - Supporting [WS-Addressing August 2004, WS-Addressing 1.0]
2025-11-06 03:57:07 INFO  TomcatWebServer - Tomcat initialized with port(s): 8080 (http)
2025-11-06 03:57:07 INFO  Http11NioProtocol - Initializing ProtocolHandler ["http-nio-8080"]
2025-11-06 03:57:07 INFO  StandardService - Starting service [Tomcat]
2025-11-06 03:57:07 INFO  StandardEngine - Starting Servlet engine: [Apache Tomcat/10.1.4]
2025-11-06 03:57:07 INFO  [/] - Initializing Spring embedded WebApplicationContext
2025-11-06 03:57:08 INFO  ServletWebServerApplicationContext - Root WebApplicationContext: initialization completed in 502 ms
2025-11-06 03:57:08 INFO  LogHelper - HHH000204: Processing PersistenceUnitInfo [name: default]
2025-11-06 03:57:08 WARN  deprecation - HHH90000021: Encountered deprecated setting [javax.persistence.sharedCache.mode], use [jakarta.persistence.sharedCache.mode] instead
2025-11-06 03:57:08 INFO  HikariDataSource - HikariPool-2 - Starting...
2025-11-06 03:57:08 INFO  HikariPool - HikariPool-2 - Added connection com.mysql.cj.jdbc.ConnectionImpl@54b40032
2025-11-06 03:57:08 INFO  HikariDataSource - HikariPool-2 - Start completed.
2025-11-06 03:57:08 INFO  SQL dialect - HHH000400: Using dialect: org.hibernate.dialect.MySQL8Dialect
2025-11-06 03:57:08 WARN  deprecation - HHH90000026: MySQL8Dialect has been deprecated; use org.hibernate.dialect.MySQLDialect instead
2025-11-06 03:57:08 INFO  JtaPlatformInitiator - HHH000490: Using JtaPlatform implementation: [org.hibernate.engine.transaction.jta.platform.internal.NoJtaPlatform]
2025-11-06 03:57:08 INFO  LocalContainerEntityManagerFactoryBean - Initialized JPA EntityManagerFactory for persistence unit 'default'
2025-11-06 03:57:08 WARN  JpaBaseConfiguration$JpaWebConfiguration - spring.jpa.open-in-view is enabled by default. Therefore, database queries may be performed during view rendering. Explicitly configure spring.jpa.open-in-view to disable this warning
2025-11-06 03:57:09 INFO  DefaultSecurityFilterChain - Will secure any request with [org.springframework.security.web.session.DisableEncodeUrlFilter@3598d8cf, org.springframework.security.web.context.request.async.WebAsyncManagerIntegrationFilter@5358e45d, org.springframework.security.web.context.SecurityContextHolderFilter@2091df0e, org.springframework.security.web.header.HeaderWriterFilter@69b59681, org.springframework.web.filter.CorsFilter@58fefc08, org.springframework.security.web.authentication.logout.LogoutFilter@6d18e16b, com.examly.springapp.config.JwtAuthenticationFilter@cd4d5c4, org.springframework.security.web.authentication.www.BasicAuthenticationFilter@3bcd0ef3, org.springframework.security.web.savedrequest.RequestCacheAwareFilter@7947888, org.springframework.security.web.servletapi.SecurityContextHolderAwareRequestFilter@4250f765, org.springframework.security.web.authentication.AnonymousAuthenticationFilter@b17db72, org.springframework.security.web.session.SessionManagementFilter@637c4e50, org.springframework.security.web.access.ExceptionTranslationFilter@52eea995, org.springframework.security.web.access.intercept.AuthorizationFilter@2615a711]
2025-11-06 03:57:09 INFO  OptionalLiveReloadServer - LiveReload server is running on port 35729
2025-11-06 03:57:09 INFO  Http11NioProtocol - Starting ProtocolHandler ["http-nio-8080"]
2025-11-06 03:57:09 INFO  TomcatWebServer - Tomcat started on port(s): 8080 (http) with context path ''
2025-11-06 03:57:09 INFO  SpringappApplication - Started SpringappApplication in 2.103 seconds (process running for 74.932)
2025-11-06 03:57:09 INFO  ConditionEvaluationDeltaLoggingListener - Condition evaluation unchanged
2025-11-06 03:57:09 INFO  SpringappApplication - Application started successfully!
2025-11-06 04:26:22 INFO  Version - HV000001: Hibernate Validator 8.0.0.Final
2025-11-06 04:26:22 INFO  SpringappApplication - Starting SpringappApplication using Java 17.0.15 with PID 10220 (/home/coder/project/workspace/springapp/target/classes started by coder in /home/coder/project/workspace/springapp)
2025-11-06 04:26:22 INFO  SpringappApplication - No active profile set, falling back to 1 default profile: "default"
2025-11-06 04:26:23 INFO  ChangeableUrls - The Class-Path manifest attribute in /home/coder/.m2/repository/com/sun/xml/bind/jaxb-impl/4.0.1/jaxb-impl-4.0.1.jar referenced one or more files that do not exist: file:/home/coder/.m2/repository/com/sun/xml/bind/jaxb-impl/4.0.1/jaxb-core.jar,file:/home/coder/.m2/repository/com/sun/xml/bind/jaxb-impl/4.0.1/angus-activation.jar
2025-11-06 04:26:23 INFO  ChangeableUrls - The Class-Path manifest attribute in /home/coder/.m2/repository/com/sun/xml/bind/jaxb-core/4.0.1/jaxb-core-4.0.1.jar referenced one or more files that do not exist: file:/home/coder/.m2/repository/com/sun/xml/bind/jaxb-core/4.0.1/jakarta.activation-api.jar,file:/home/coder/.m2/repository/com/sun/xml/bind/jaxb-core/4.0.1/jakarta.xml.bind-api.jar
2025-11-06 04:26:23 INFO  DevToolsPropertyDefaultsPostProcessor - Devtools property defaults active! Set 'spring.devtools.add-properties' to 'false' to disable
2025-11-06 04:26:23 INFO  DevToolsPropertyDefaultsPostProcessor - For additional web related logging consider setting the 'logging.level.web' property to 'DEBUG'
2025-11-06 04:26:23 INFO  RepositoryConfigurationDelegate - Bootstrapping Spring Data JPA repositories in DEFAULT mode.
2025-11-06 04:26:23 INFO  RepositoryConfigurationDelegate - Finished Spring Data repository scanning in 36 ms. Found 4 JPA repository interfaces.
2025-11-06 04:26:23 INFO  PostProcessorRegistrationDelegate$BeanPostProcessorChecker - Bean 'org.springframework.ws.config.annotation.DelegatingWsConfiguration' of type [org.springframework.ws.config.annotation.DelegatingWsConfiguration$$SpringCGLIB$$0] is not eligible for getting processed by all BeanPostProcessors (for example: not eligible for auto-proxying)
2025-11-06 04:26:23 INFO  AnnotationActionEndpointMapping - Supporting [WS-Addressing August 2004, WS-Addressing 1.0]
2025-11-06 04:26:24 INFO  TomcatWebServer - Tomcat initialized with port(s): 8080 (http)
2025-11-06 04:26:24 INFO  Http11NioProtocol - Initializing ProtocolHandler ["http-nio-8080"]
2025-11-06 04:26:24 INFO  StandardService - Starting service [Tomcat]
2025-11-06 04:26:24 INFO  StandardEngine - Starting Servlet engine: [Apache Tomcat/10.1.4]
2025-11-06 04:26:24 INFO  [/] - Initializing Spring embedded WebApplicationContext
2025-11-06 04:26:24 INFO  ServletWebServerApplicationContext - Root WebApplicationContext: initialization completed in 1100 ms
2025-11-06 04:26:24 INFO  LogHelper - HHH000204: Processing PersistenceUnitInfo [name: default]
2025-11-06 04:26:24 INFO  Version - HHH000412: Hibernate ORM core version 6.1.6.Final
2025-11-06 04:26:24 WARN  deprecation - HHH90000021: Encountered deprecated setting [javax.persistence.sharedCache.mode], use [jakarta.persistence.sharedCache.mode] instead
2025-11-06 04:26:24 INFO  HikariDataSource - HikariPool-1 - Starting...
2025-11-06 04:26:24 INFO  HikariPool - HikariPool-1 - Added connection com.mysql.cj.jdbc.ConnectionImpl@5fb269b6
2025-11-06 04:26:24 INFO  HikariDataSource - HikariPool-1 - Start completed.
2025-11-06 04:26:24 INFO  SQL dialect - HHH000400: Using dialect: org.hibernate.dialect.MySQL8Dialect
2025-11-06 04:26:24 WARN  deprecation - HHH90000026: MySQL8Dialect has been deprecated; use org.hibernate.dialect.MySQLDialect instead
2025-11-06 04:26:25 INFO  JtaPlatformInitiator - HHH000490: Using JtaPlatform implementation: [org.hibernate.engine.transaction.jta.platform.internal.NoJtaPlatform]
2025-11-06 04:26:25 INFO  LocalContainerEntityManagerFactoryBean - Initialized JPA EntityManagerFactory for persistence unit 'default'
2025-11-06 04:26:25 WARN  JpaBaseConfiguration$JpaWebConfiguration - spring.jpa.open-in-view is enabled by default. Therefore, database queries may be performed during view rendering. Explicitly configure spring.jpa.open-in-view to disable this warning
2025-11-06 04:26:26 INFO  DefaultSecurityFilterChain - Will secure any request with [org.springframework.security.web.session.DisableEncodeUrlFilter@5fb6aad, org.springframework.security.web.context.request.async.WebAsyncManagerIntegrationFilter@73ea7a33, org.springframework.security.web.context.SecurityContextHolderFilter@48defdc, org.springframework.security.web.header.HeaderWriterFilter@224ee368, org.springframework.web.filter.CorsFilter@1e0b731a, org.springframework.security.web.authentication.logout.LogoutFilter@4e5fb8a5, com.examly.springapp.config.JwtAuthenticationFilter@10b907d8, org.springframework.security.web.authentication.www.BasicAuthenticationFilter@185dc756, org.springframework.security.web.savedrequest.RequestCacheAwareFilter@6327a45e, org.springframework.security.web.servletapi.SecurityContextHolderAwareRequestFilter@2f11e6bf, org.springframework.security.web.authentication.AnonymousAuthenticationFilter@50f48e03, org.springframework.security.web.session.SessionManagementFilter@259b8f41, org.springframework.security.web.access.ExceptionTranslationFilter@3ba3d16a, org.springframework.security.web.access.intercept.AuthorizationFilter@2ceb8a63]
2025-11-06 04:26:26 INFO  OptionalLiveReloadServer - LiveReload server is running on port 35729
2025-11-06 04:26:26 INFO  Http11NioProtocol - Starting ProtocolHandler ["http-nio-8080"]
2025-11-06 04:26:26 INFO  TomcatWebServer - Tomcat started on port(s): 8080 (http) with context path ''
2025-11-06 04:26:26 INFO  SpringappApplication - Started SpringappApplication in 3.674 seconds (process running for 4.164)
2025-11-06 04:26:26 INFO  SpringappApplication - Application started successfully!
2025-11-06 04:28:19 INFO  [/] - Initializing Spring DispatcherServlet 'dispatcherServlet'
2025-11-06 04:28:19 INFO  DispatcherServlet - Initializing Servlet 'dispatcherServlet'
2025-11-06 04:28:19 INFO  DispatcherServlet - Completed initialization in 1 ms
2025-11-06 04:28:46 DEBUG SQL - 
    select
        u1_0.user_id,
        u1_0.email,
        u1_0.mobile_number,
        u1_0.password,
        u1_0.user_role,
        u1_0.username 
    from
        user u1_0 
    where
        u1_0.username=?
2025-11-06 04:28:46 DEBUG SQL - 
    select
        u1_0.user_id,
        u1_0.email,
        u1_0.mobile_number,
        u1_0.password,
        u1_0.user_role,
        u1_0.username 
    from
        user u1_0 
    where
        u1_0.username=?
2025-11-06 04:28:48 DEBUG SQL - 
    select
        u1_0.user_id,
        u1_0.email,
        u1_0.mobile_number,
        u1_0.password,
        u1_0.user_role,
        u1_0.username 
    from
        user u1_0 
    where
        u1_0.username=?
2025-11-06 04:28:48 DEBUG SQL - 
    select
        u1_0.user_id,
        u1_0.email,
        u1_0.mobile_number,
        u1_0.password,
        u1_0.user_role,
        u1_0.username 
    from
        user u1_0 
    where
        u1_0.user_id=?
2025-11-06 04:28:48 DEBUG SQL - 
    select
        o1_0.order_id,
        o1_0.created_at,
        o1_0.quantity,
        o1_0.shipping_address,
        o1_0.status,
        o1_0.total_amount,
        o1_0.updated_at,
        o1_0.user_id 
    from
        orders o1_0 
    where
        o1_0.user_id=?
2025-11-06 04:28:48 DEBUG SQL - 
    select
        p1_0.order_id,
        p1_1.product_id,
        p1_1.category,
        p1_1.created_at,
        p1_1.description,
        p1_1.name,
        p1_1.photo_image,
        p1_1.price,
        p1_1.stock,
        p1_1.updated_at,
        u1_0.user_id,
        u1_0.email,
        u1_0.mobile_number,
        u1_0.password,
        u1_0.user_role,
        u1_0.username 
    from
        order_products p1_0 
    join
        product p1_1 
            on p1_1.product_id=p1_0.product_id 
    left join
        user u1_0 
            on u1_0.user_id=p1_1.user_id 
    where
        p1_0.order_id=?
2025-11-06 04:28:49 DEBUG SQL - 
    select
        u1_0.user_id,
        u1_0.email,
        u1_0.mobile_number,
        u1_0.password,
        u1_0.user_role,
        u1_0.username 
    from
        user u1_0 
    where
        u1_0.username=?
2025-11-06 04:28:49 DEBUG SQL - 
    select
        p1_0.product_id,
        p1_0.category,
        p1_0.created_at,
        p1_0.description,
        p1_0.name,
        p1_0.photo_image,
        p1_0.price,
        p1_0.stock,
        p1_0.updated_at,
        u1_0.user_id,
        u1_0.email,
        u1_0.mobile_number,
        u1_0.password,
        u1_0.user_role,
        u1_0.username 
    from
        product p1_0 
    left join
        user u1_0 
            on u1_0.user_id=p1_0.user_id 
    where
        p1_0.product_id=?
2025-11-06 04:29:19 DEBUG SQL - 
    select
        u1_0.user_id,
        u1_0.email,
        u1_0.mobile_number,
        u1_0.password,
        u1_0.user_role,
        u1_0.username 
    from
        user u1_0 
    where
        u1_0.username=?
2025-11-06 04:29:19 DEBUG SQL - 
    select
        u1_0.user_id,
        u1_0.email,
        u1_0.mobile_number,
        u1_0.password,
        u1_0.user_role,
        u1_0.username 
    from
        user u1_0 
    where
        u1_0.username=?
2025-11-06 04:34:32 INFO  AbstractOpenApiResource - Init duration for springdoc-openapi is: 238 ms
2025-11-06 05:34:53 INFO  Version - HV000001: Hibernate Validator 8.0.0.Final
2025-11-06 05:34:53 INFO  SpringappApplication - Starting SpringappApplication using Java 17.0.15 with PID 5074 (/home/coder/project/workspace/springapp/target/classes started by coder in /home/coder/project/workspace/springapp)
2025-11-06 05:34:53 INFO  SpringappApplication - No active profile set, falling back to 1 default profile: "default"
2025-11-06 05:34:54 INFO  ChangeableUrls - The Class-Path manifest attribute in /home/coder/.m2/repository/com/sun/xml/bind/jaxb-impl/4.0.1/jaxb-impl-4.0.1.jar referenced one or more files that do not exist: file:/home/coder/.m2/repository/com/sun/xml/bind/jaxb-impl/4.0.1/jaxb-core.jar,file:/home/coder/.m2/repository/com/sun/xml/bind/jaxb-impl/4.0.1/angus-activation.jar
2025-11-06 05:34:54 INFO  ChangeableUrls - The Class-Path manifest attribute in /home/coder/.m2/repository/com/sun/xml/bind/jaxb-core/4.0.1/jaxb-core-4.0.1.jar referenced one or more files that do not exist: file:/home/coder/.m2/repository/com/sun/xml/bind/jaxb-core/4.0.1/jakarta.activation-api.jar,file:/home/coder/.m2/repository/com/sun/xml/bind/jaxb-core/4.0.1/jakarta.xml.bind-api.jar
2025-11-06 05:34:54 INFO  DevToolsPropertyDefaultsPostProcessor - Devtools property defaults active! Set 'spring.devtools.add-properties' to 'false' to disable
2025-11-06 05:34:54 INFO  DevToolsPropertyDefaultsPostProcessor - For additional web related logging consider setting the 'logging.level.web' property to 'DEBUG'
2025-11-06 05:34:54 INFO  RepositoryConfigurationDelegate - Bootstrapping Spring Data JPA repositories in DEFAULT mode.
2025-11-06 05:34:54 INFO  RepositoryConfigurationDelegate - Finished Spring Data repository scanning in 44 ms. Found 4 JPA repository interfaces.
2025-11-06 05:34:54 INFO  PostProcessorRegistrationDelegate$BeanPostProcessorChecker - Bean 'org.springframework.ws.config.annotation.DelegatingWsConfiguration' of type [org.springframework.ws.config.annotation.DelegatingWsConfiguration$$SpringCGLIB$$0] is not eligible for getting processed by all BeanPostProcessors (for example: not eligible for auto-proxying)
2025-11-06 05:34:54 INFO  AnnotationActionEndpointMapping - Supporting [WS-Addressing August 2004, WS-Addressing 1.0]
2025-11-06 05:34:55 INFO  TomcatWebServer - Tomcat initialized with port(s): 8080 (http)
2025-11-06 05:34:55 INFO  Http11NioProtocol - Initializing ProtocolHandler ["http-nio-8080"]
2025-11-06 05:34:55 INFO  StandardService - Starting service [Tomcat]
2025-11-06 05:34:55 INFO  StandardEngine - Starting Servlet engine: [Apache Tomcat/10.1.4]
2025-11-06 05:34:55 INFO  [/] - Initializing Spring embedded WebApplicationContext
2025-11-06 05:34:55 INFO  ServletWebServerApplicationContext - Root WebApplicationContext: initialization completed in 1164 ms
2025-11-06 05:34:55 INFO  LogHelper - HHH000204: Processing PersistenceUnitInfo [name: default]
2025-11-06 05:34:55 INFO  Version - HHH000412: Hibernate ORM core version 6.1.6.Final
2025-11-06 05:34:55 WARN  deprecation - HHH90000021: Encountered deprecated setting [javax.persistence.sharedCache.mode], use [jakarta.persistence.sharedCache.mode] instead
2025-11-06 05:34:55 INFO  HikariDataSource - HikariPool-1 - Starting...
2025-11-06 05:34:55 INFO  HikariPool - HikariPool-1 - Added connection com.mysql.cj.jdbc.ConnectionImpl@665f39e5
2025-11-06 05:34:55 INFO  HikariDataSource - HikariPool-1 - Start completed.
2025-11-06 05:34:55 INFO  SQL dialect - HHH000400: Using dialect: org.hibernate.dialect.MySQL8Dialect
2025-11-06 05:34:55 WARN  deprecation - HHH90000026: MySQL8Dialect has been deprecated; use org.hibernate.dialect.MySQLDialect instead
2025-11-06 05:34:56 INFO  JtaPlatformInitiator - HHH000490: Using JtaPlatform implementation: [org.hibernate.engine.transaction.jta.platform.internal.NoJtaPlatform]
2025-11-06 05:34:56 INFO  LocalContainerEntityManagerFactoryBean - Initialized JPA EntityManagerFactory for persistence unit 'default'
2025-11-06 05:34:57 WARN  JpaBaseConfiguration$JpaWebConfiguration - spring.jpa.open-in-view is enabled by default. Therefore, database queries may be performed during view rendering. Explicitly configure spring.jpa.open-in-view to disable this warning
2025-11-06 05:34:57 INFO  DefaultSecurityFilterChain - Will secure any request with [org.springframework.security.web.session.DisableEncodeUrlFilter@70209b2d, org.springframework.security.web.context.request.async.WebAsyncManagerIntegrationFilter@6bbd6759, org.springframework.security.web.context.SecurityContextHolderFilter@167798ad, org.springframework.security.web.header.HeaderWriterFilter@56ea203c, org.springframework.web.filter.CorsFilter@2d1cd02a, org.springframework.security.web.authentication.logout.LogoutFilter@5b31aba6, com.examly.springapp.config.JwtAuthenticationFilter@4138fd2c, org.springframework.security.web.authentication.www.BasicAuthenticationFilter@9224494, org.springframework.security.web.savedrequest.RequestCacheAwareFilter@72a87fe, org.springframework.security.web.servletapi.SecurityContextHolderAwareRequestFilter@11bb6b58, org.springframework.security.web.authentication.AnonymousAuthenticationFilter@5d54ef78, org.springframework.security.web.session.SessionManagementFilter@7ec3ef65, org.springframework.security.web.access.ExceptionTranslationFilter@1e333e42, org.springframework.security.web.access.intercept.AuthorizationFilter@1204231]
2025-11-06 05:34:57 INFO  OptionalLiveReloadServer - LiveReload server is running on port 35729
2025-11-06 05:34:57 INFO  Http11NioProtocol - Starting ProtocolHandler ["http-nio-8080"]
2025-11-06 05:34:57 INFO  TomcatWebServer - Tomcat started on port(s): 8080 (http) with context path ''
2025-11-06 05:34:57 INFO  SpringappApplication - Started SpringappApplication in 3.887 seconds (process running for 4.438)
2025-11-06 05:34:57 INFO  SpringappApplication - Application started successfully!
2025-11-06 05:46:36 INFO  [/] - Initializing Spring DispatcherServlet 'dispatcherServlet'
2025-11-06 05:46:36 INFO  DispatcherServlet - Initializing Servlet 'dispatcherServlet'
2025-11-06 05:46:36 INFO  DispatcherServlet - Completed initialization in 1 ms
2025-11-06 05:46:37 DEBUG SQL - 
    select
        u1_0.user_id,
        u1_0.email,
        u1_0.mobile_number,
        u1_0.password,
        u1_0.user_role,
        u1_0.username 
    from
        user u1_0 
    where
        u1_0.username=?
2025-11-06 05:46:37 DEBUG SQL - 
    select
        u1_0.user_id,
        u1_0.email,
        u1_0.mobile_number,
        u1_0.password,
        u1_0.user_role,
        u1_0.username 
    from
        user u1_0 
    where
        u1_0.username=?
2025-11-06 05:46:48 DEBUG SQL - 
    select
        u1_0.user_id,
        u1_0.email,
        u1_0.mobile_number,
        u1_0.password,
        u1_0.user_role,
        u1_0.username 
    from
        user u1_0 
    where
        u1_0.username=?
2025-11-06 05:46:48 DEBUG SQL - 
    select
        p1_0.product_id,
        p1_0.category,
        p1_0.created_at,
        p1_0.description,
        p1_0.name,
        p1_0.photo_image,
        p1_0.price,
        p1_0.stock,
        p1_0.updated_at,
        p1_0.user_id 
    from
        product p1_0
2025-11-06 05:46:48 DEBUG SQL - 
    select
        u1_0.user_id,
        u1_0.email,
        u1_0.mobile_number,
        u1_0.password,
        u1_0.user_role,
        u1_0.username 
    from
        user u1_0 
    where
        u1_0.user_id=?
2025-11-06 05:51:22 DEBUG SQL - 
    select
        u1_0.user_id,
        u1_0.email,
        u1_0.mobile_number,
        u1_0.password,
        u1_0.user_role,
        u1_0.username 
    from
        user u1_0 
    where
        u1_0.username=?
2025-11-06 05:51:22 DEBUG SQL - 
    select
        p1_0.product_id,
        p1_0.category,
        p1_0.created_at,
        p1_0.description,
        p1_0.name,
        p1_0.photo_image,
        p1_0.price,
        p1_0.stock,
        p1_0.updated_at,
        p1_0.user_id 
    from
        product p1_0
2025-11-06 05:51:22 DEBUG SQL - 
    select
        u1_0.user_id,
        u1_0.email,
        u1_0.mobile_number,
        u1_0.password,
        u1_0.user_role,
        u1_0.username 
    from
        user u1_0 
    where
        u1_0.user_id=?
2025-11-06 05:54:35 DEBUG SQL - 
    select
        u1_0.user_id,
        u1_0.email,
        u1_0.mobile_number,
        u1_0.password,
        u1_0.user_role,
        u1_0.username 
    from
        user u1_0 
    where
        u1_0.username=?
2025-11-06 05:54:35 DEBUG SQL - 
    select
        o1_0.order_id,
        o1_0.created_at,
        o1_0.quantity,
        o1_0.shipping_address,
        o1_0.status,
        o1_0.total_amount,
        o1_0.updated_at,
        o1_0.user_id 
    from
        orders o1_0
2025-11-06 05:54:35 DEBUG SQL - 
    select
        u1_0.user_id,
        u1_0.email,
        u1_0.mobile_number,
        u1_0.password,
        u1_0.user_role,
        u1_0.username 
    from
        user u1_0 
    where
        u1_0.user_id=?
2025-11-06 05:54:35 DEBUG SQL - 
    select
        u1_0.user_id,
        u1_0.email,
        u1_0.mobile_number,
        u1_0.password,
        u1_0.user_role,
        u1_0.username 
    from
        user u1_0 
    where
        u1_0.user_id=?
2025-11-06 05:54:35 DEBUG SQL - 
    select
        u1_0.user_id,
        u1_0.email,
        u1_0.mobile_number,
        u1_0.password,
        u1_0.user_role,
        u1_0.username 
    from
        user u1_0 
    where
        u1_0.user_id=?
2025-11-06 05:54:35 DEBUG SQL - 
    select
        p1_0.order_id,
        p1_1.product_id,
        p1_1.category,
        p1_1.created_at,
        p1_1.description,
        p1_1.name,
        p1_1.photo_image,
        p1_1.price,
        p1_1.stock,
        p1_1.updated_at,
        u1_0.user_id,
        u1_0.email,
        u1_0.mobile_number,
        u1_0.password,
        u1_0.user_role,
        u1_0.username 
    from
        order_products p1_0 
    join
        product p1_1 
            on p1_1.product_id=p1_0.product_id 
    left join
        user u1_0 
            on u1_0.user_id=p1_1.user_id 
    where
        p1_0.order_id=?
2025-11-06 05:54:35 DEBUG SQL - 
    select
        p1_0.order_id,
        p1_1.product_id,
        p1_1.category,
        p1_1.created_at,
        p1_1.description,
        p1_1.name,
        p1_1.photo_image,
        p1_1.price,
        p1_1.stock,
        p1_1.updated_at,
        u1_0.user_id,
        u1_0.email,
        u1_0.mobile_number,
        u1_0.password,
        u1_0.user_role,
        u1_0.username 
    from
        order_products p1_0 
    join
        product p1_1 
            on p1_1.product_id=p1_0.product_id 
    left join
        user u1_0 
            on u1_0.user_id=p1_1.user_id 
    where
        p1_0.order_id=?
2025-11-06 05:54:35 DEBUG SQL - 
    select
        p1_0.order_id,
        p1_1.product_id,
        p1_1.category,
        p1_1.created_at,
        p1_1.description,
        p1_1.name,
        p1_1.photo_image,
        p1_1.price,
        p1_1.stock,
        p1_1.updated_at,
        u1_0.user_id,
        u1_0.email,
        u1_0.mobile_number,
        u1_0.password,
        u1_0.user_role,
        u1_0.username 
    from
        order_products p1_0 
    join
        product p1_1 
            on p1_1.product_id=p1_0.product_id 
    left join
        user u1_0 
            on u1_0.user_id=p1_1.user_id 
    where
        p1_0.order_id=?
2025-11-06 05:54:45 DEBUG SQL - 
    select
        u1_0.user_id,
        u1_0.email,
        u1_0.mobile_number,
        u1_0.password,
        u1_0.user_role,
        u1_0.username 
    from
        user u1_0 
    where
        u1_0.username=?
2025-11-06 05:54:45 DEBUG SQL - 
    select
        u1_0.user_id,
        u1_0.email,
        u1_0.mobile_number,
        u1_0.password,
        u1_0.user_role,
        u1_0.username 
    from
        user u1_0
2025-11-06 05:54:58 DEBUG SQL - 
    select
        u1_0.user_id,
        u1_0.email,
        u1_0.mobile_number,
        u1_0.password,
        u1_0.user_role,
        u1_0.username 
    from
        user u1_0 
    where
        u1_0.username=?
2025-11-06 05:54:58 DEBUG SQL - 
    select
        u1_0.user_id,
        u1_0.email,
        u1_0.mobile_number,
        u1_0.password,
        u1_0.user_role,
        u1_0.username 
    from
        user u1_0
2025-11-06 05:55:30 DEBUG SQL - 
    select
        u1_0.user_id,
        u1_0.email,
        u1_0.mobile_number,
        u1_0.password,
        u1_0.user_role,
        u1_0.username 
    from
        user u1_0 
    where
        u1_0.username=?
2025-11-06 05:55:30 DEBUG SQL - 
    select
        f1_0.feedback_id,
        f1_0.message,
        f1_0.rating,
        f1_0.user_id 
    from
        feedback f1_0
2025-11-06 05:55:30 DEBUG SQL - 
    select
        u1_0.user_id,
        u1_0.email,
        u1_0.mobile_number,
        u1_0.password,
        u1_0.user_role,
        u1_0.username 
    from
        user u1_0 
    where
        u1_0.user_id=?
2025-11-06 05:55:30 DEBUG SQL - 
    select
        u1_0.user_id,
        u1_0.email,
        u1_0.mobile_number,
        u1_0.password,
        u1_0.user_role,
        u1_0.username 
    from
        user u1_0 
    where
        u1_0.user_id=?
2025-11-06 05:55:54 DEBUG SQL - 
    select
        u1_0.user_id,
        u1_0.email,
        u1_0.mobile_number,
        u1_0.password,
        u1_0.user_role,
        u1_0.username 
    from
        user u1_0 
    where
        u1_0.username=?
2025-11-06 05:55:54 DEBUG SQL - 
    select
        f1_0.feedback_id,
        f1_0.message,
        f1_0.rating,
        f1_0.user_id 
    from
        feedback f1_0
2025-11-06 05:55:54 DEBUG SQL - 
    select
        u1_0.user_id,
        u1_0.email,
        u1_0.mobile_number,
        u1_0.password,
        u1_0.user_role,
        u1_0.username 
    from
        user u1_0 
    where
        u1_0.user_id=?
2025-11-06 05:55:54 DEBUG SQL - 
    select
        u1_0.user_id,
        u1_0.email,
        u1_0.mobile_number,
        u1_0.password,
        u1_0.user_role,
        u1_0.username 
    from
        user u1_0 
    where
        u1_0.user_id=?
2025-11-06 05:55:59 DEBUG SQL - 
    select
        u1_0.user_id,
        u1_0.email,
        u1_0.mobile_number,
        u1_0.password,
        u1_0.user_role,
        u1_0.username 
    from
        user u1_0 
    where
        u1_0.username=?
2025-11-06 05:55:59 DEBUG SQL - 
    select
        u1_0.user_id,
        u1_0.email,
        u1_0.mobile_number,
        u1_0.password,
        u1_0.user_role,
        u1_0.username 
    from
        user u1_0 
    where
        u1_0.user_id=?
2025-11-06 05:56:18 DEBUG SQL - 
    select
        u1_0.user_id,
        u1_0.email,
        u1_0.mobile_number,
        u1_0.password,
        u1_0.user_role,
        u1_0.username 
    from
        user u1_0 
    where
        u1_0.username=?
2025-11-06 05:56:18 DEBUG SQL - 
    select
        p1_0.product_id,
        p1_0.category,
        p1_0.created_at,
        p1_0.description,
        p1_0.name,
        p1_0.photo_image,
        p1_0.price,
        p1_0.stock,
        p1_0.updated_at,
        p1_0.user_id 
    from
        product p1_0 
    where
        p1_0.user_id=?
2025-11-06 05:56:18 DEBUG SQL - 
    select
        u1_0.user_id,
        u1_0.email,
        u1_0.mobile_number,
        u1_0.password,
        u1_0.user_role,
        u1_0.username 
    from
        user u1_0 
    where
        u1_0.user_id=?
2025-11-06 06:16:44 INFO  Version - HV000001: Hibernate Validator 8.0.0.Final
2025-11-06 06:16:44 INFO  SpringappApplication - Starting SpringappApplication using Java 17.0.15 with PID 908 (/home/coder/project/workspace/springapp/target/classes started by coder in /home/coder/project/workspace/springapp)
2025-11-06 06:16:44 INFO  SpringappApplication - No active profile set, falling back to 1 default profile: "default"
2025-11-06 06:16:44 INFO  ChangeableUrls - The Class-Path manifest attribute in /home/coder/.m2/repository/com/sun/xml/bind/jaxb-impl/4.0.1/jaxb-impl-4.0.1.jar referenced one or more files that do not exist: file:/home/coder/.m2/repository/com/sun/xml/bind/jaxb-impl/4.0.1/jaxb-core.jar,file:/home/coder/.m2/repository/com/sun/xml/bind/jaxb-impl/4.0.1/angus-activation.jar
2025-11-06 06:16:44 INFO  ChangeableUrls - The Class-Path manifest attribute in /home/coder/.m2/repository/com/sun/xml/bind/jaxb-core/4.0.1/jaxb-core-4.0.1.jar referenced one or more files that do not exist: file:/home/coder/.m2/repository/com/sun/xml/bind/jaxb-core/4.0.1/jakarta.activation-api.jar,file:/home/coder/.m2/repository/com/sun/xml/bind/jaxb-core/4.0.1/jakarta.xml.bind-api.jar
2025-11-06 06:16:44 INFO  DevToolsPropertyDefaultsPostProcessor - Devtools property defaults active! Set 'spring.devtools.add-properties' to 'false' to disable
2025-11-06 06:16:44 INFO  DevToolsPropertyDefaultsPostProcessor - For additional web related logging consider setting the 'logging.level.web' property to 'DEBUG'
2025-11-06 06:16:45 INFO  RepositoryConfigurationDelegate - Bootstrapping Spring Data JPA repositories in DEFAULT mode.
2025-11-06 06:16:45 INFO  RepositoryConfigurationDelegate - Finished Spring Data repository scanning in 36 ms. Found 4 JPA repository interfaces.
2025-11-06 06:16:45 INFO  PostProcessorRegistrationDelegate$BeanPostProcessorChecker - Bean 'org.springframework.ws.config.annotation.DelegatingWsConfiguration' of type [org.springframework.ws.config.annotation.DelegatingWsConfiguration$$SpringCGLIB$$0] is not eligible for getting processed by all BeanPostProcessors (for example: not eligible for auto-proxying)
2025-11-06 06:16:45 INFO  AnnotationActionEndpointMapping - Supporting [WS-Addressing August 2004, WS-Addressing 1.0]
2025-11-06 06:16:45 INFO  TomcatWebServer - Tomcat initialized with port(s): 8080 (http)
2025-11-06 06:16:45 INFO  Http11NioProtocol - Initializing ProtocolHandler ["http-nio-8080"]
2025-11-06 06:16:45 INFO  StandardService - Starting service [Tomcat]
2025-11-06 06:16:45 INFO  StandardEngine - Starting Servlet engine: [Apache Tomcat/10.1.4]
2025-11-06 06:16:45 INFO  [/] - Initializing Spring embedded WebApplicationContext
2025-11-06 06:16:45 INFO  ServletWebServerApplicationContext - Root WebApplicationContext: initialization completed in 995 ms
2025-11-06 06:16:45 INFO  LogHelper - HHH000204: Processing PersistenceUnitInfo [name: default]
2025-11-06 06:16:45 INFO  Version - HHH000412: Hibernate ORM core version 6.1.6.Final
2025-11-06 06:16:46 WARN  deprecation - HHH90000021: Encountered deprecated setting [javax.persistence.sharedCache.mode], use [jakarta.persistence.sharedCache.mode] instead
2025-11-06 06:16:46 INFO  HikariDataSource - HikariPool-1 - Starting...
2025-11-06 06:16:46 INFO  HikariPool - HikariPool-1 - Added connection com.mysql.cj.jdbc.ConnectionImpl@76855ed7
2025-11-06 06:16:46 INFO  HikariDataSource - HikariPool-1 - Start completed.
2025-11-06 06:16:46 INFO  SQL dialect - HHH000400: Using dialect: org.hibernate.dialect.MySQL8Dialect
2025-11-06 06:16:46 WARN  deprecation - HHH90000026: MySQL8Dialect has been deprecated; use org.hibernate.dialect.MySQLDialect instead
2025-11-06 06:16:46 INFO  JtaPlatformInitiator - HHH000490: Using JtaPlatform implementation: [org.hibernate.engine.transaction.jta.platform.internal.NoJtaPlatform]
2025-11-06 06:16:46 INFO  LocalContainerEntityManagerFactoryBean - Initialized JPA EntityManagerFactory for persistence unit 'default'
2025-11-06 06:16:47 WARN  JpaBaseConfiguration$JpaWebConfiguration - spring.jpa.open-in-view is enabled by default. Therefore, database queries may be performed during view rendering. Explicitly configure spring.jpa.open-in-view to disable this warning
2025-11-06 06:16:47 INFO  DefaultSecurityFilterChain - Will secure any request with [org.springframework.security.web.session.DisableEncodeUrlFilter@7081510c, org.springframework.security.web.context.request.async.WebAsyncManagerIntegrationFilter@1204231, org.springframework.security.web.context.SecurityContextHolderFilter@75c4a47c, org.springframework.security.web.header.HeaderWriterFilter@214071fb, org.springframework.web.filter.CorsFilter@74c912a0, org.springframework.security.web.authentication.logout.LogoutFilter@15819f45, com.examly.springapp.config.JwtAuthenticationFilter@12c83d5, org.springframework.security.web.authentication.www.BasicAuthenticationFilter@b3f5df0, org.springframework.security.web.savedrequest.RequestCacheAwareFilter@58fa42da, org.springframework.security.web.servletapi.SecurityContextHolderAwareRequestFilter@139a2cf6, org.springframework.security.web.authentication.AnonymousAuthenticationFilter@166b0b0a, org.springframework.security.web.session.SessionManagementFilter@3163d10f, org.springframework.security.web.access.ExceptionTranslationFilter@7196c2e7, org.springframework.security.web.access.intercept.AuthorizationFilter@de926a]
2025-11-06 06:16:47 INFO  OptionalLiveReloadServer - LiveReload server is running on port 35729
2025-11-06 06:16:47 INFO  Http11NioProtocol - Starting ProtocolHandler ["http-nio-8080"]
2025-11-06 06:16:47 INFO  TomcatWebServer - Tomcat started on port(s): 8080 (http) with context path ''
2025-11-06 06:16:47 INFO  SpringappApplication - Started SpringappApplication in 3.265 seconds (process running for 3.715)
2025-11-06 06:16:47 INFO  SpringappApplication - Application started successfully!
2025-11-06 06:18:03 INFO  [/] - Initializing Spring DispatcherServlet 'dispatcherServlet'
2025-11-06 06:18:03 INFO  DispatcherServlet - Initializing Servlet 'dispatcherServlet'
2025-11-06 06:18:03 INFO  DispatcherServlet - Completed initialization in 0 ms
2025-11-06 06:18:04 DEBUG SQL - 
    select
        u1_0.user_id,
        u1_0.email,
        u1_0.mobile_number,
        u1_0.password,
        u1_0.user_role,
        u1_0.username 
    from
        user u1_0 
    where
        u1_0.username=?
2025-11-06 06:18:04 DEBUG SQL - 
    select
        u1_0.user_id,
        u1_0.email,
        u1_0.mobile_number,
        u1_0.password,
        u1_0.user_role,
        u1_0.username 
    from
        user u1_0 
    where
        u1_0.username=?
2025-11-06 06:18:10 DEBUG SQL - 
    select
        u1_0.user_id,
        u1_0.email,
        u1_0.mobile_number,
        u1_0.password,
        u1_0.user_role,
        u1_0.username 
    from
        user u1_0 
    where
        u1_0.username=?
2025-11-06 06:18:10 DEBUG SQL - 
    select
        u1_0.user_id,
        u1_0.email,
        u1_0.mobile_number,
        u1_0.password,
        u1_0.user_role,
        u1_0.username 
    from
        user u1_0 
    where
        u1_0.user_id=?
2025-11-06 06:23:37 DEBUG SQL - 
    select
        u1_0.user_id,
        u1_0.email,
        u1_0.mobile_number,
        u1_0.password,
        u1_0.user_role,
        u1_0.username 
    from
        user u1_0 
    where
        u1_0.username=?
2025-11-06 06:23:37 DEBUG SQL - 
    select
        u1_0.user_id,
        u1_0.email,
        u1_0.mobile_number,
        u1_0.password,
        u1_0.user_role,
        u1_0.username 
    from
        user u1_0 
    where
        u1_0.username=?
2025-11-06 06:35:36 DEBUG SQL - 
    select
        u1_0.user_id,
        u1_0.email,
        u1_0.mobile_number,
        u1_0.password,
        u1_0.user_role,
        u1_0.username 
    from
        user u1_0 
    where
        u1_0.username=?
2025-11-06 06:35:36 DEBUG SQL - 
    select
        o1_0.order_id,
        o1_0.created_at,
        o1_0.quantity,
        o1_0.shipping_address,
        o1_0.status,
        o1_0.total_amount,
        o1_0.updated_at,
        o1_0.user_id 
    from
        orders o1_0
2025-11-06 06:35:37 DEBUG SQL - 
    select
        u1_0.user_id,
        u1_0.email,
        u1_0.mobile_number,
        u1_0.password,
        u1_0.user_role,
        u1_0.username 
    from
        user u1_0 
    where
        u1_0.user_id=?
2025-11-06 06:35:37 DEBUG SQL - 
    select
        u1_0.user_id,
        u1_0.email,
        u1_0.mobile_number,
        u1_0.password,
        u1_0.user_role,
        u1_0.username 
    from
        user u1_0 
    where
        u1_0.user_id=?
2025-11-06 06:35:37 DEBUG SQL - 
    select
        u1_0.user_id,
        u1_0.email,
        u1_0.mobile_number,
        u1_0.password,
        u1_0.user_role,
        u1_0.username 
    from
        user u1_0 
    where
        u1_0.user_id=?
2025-11-06 06:35:37 DEBUG SQL - 
    select
        p1_0.order_id,
        p1_1.product_id,
        p1_1.category,
        p1_1.created_at,
        p1_1.description,
        p1_1.name,
        p1_1.photo_image,
        p1_1.price,
        p1_1.stock,
        p1_1.updated_at,
        u1_0.user_id,
        u1_0.email,
        u1_0.mobile_number,
        u1_0.password,
        u1_0.user_role,
        u1_0.username 
    from
        order_products p1_0 
    join
        product p1_1 
            on p1_1.product_id=p1_0.product_id 
    left join
        user u1_0 
            on u1_0.user_id=p1_1.user_id 
    where
        p1_0.order_id=?
2025-11-06 06:35:37 DEBUG SQL - 
    select
        p1_0.order_id,
        p1_1.product_id,
        p1_1.category,
        p1_1.created_at,
        p1_1.description,
        p1_1.name,
        p1_1.photo_image,
        p1_1.price,
        p1_1.stock,
        p1_1.updated_at,
        u1_0.user_id,
        u1_0.email,
        u1_0.mobile_number,
        u1_0.password,
        u1_0.user_role,
        u1_0.username 
    from
        order_products p1_0 
    join
        product p1_1 
            on p1_1.product_id=p1_0.product_id 
    left join
        user u1_0 
            on u1_0.user_id=p1_1.user_id 
    where
        p1_0.order_id=?
2025-11-06 06:35:37 DEBUG SQL - 
    select
        p1_0.order_id,
        p1_1.product_id,
        p1_1.category,
        p1_1.created_at,
        p1_1.description,
        p1_1.name,
        p1_1.photo_image,
        p1_1.price,
        p1_1.stock,
        p1_1.updated_at,
        u1_0.user_id,
        u1_0.email,
        u1_0.mobile_number,
        u1_0.password,
        u1_0.user_role,
        u1_0.username 
    from
        order_products p1_0 
    join
        product p1_1 
            on p1_1.product_id=p1_0.product_id 
    left join
        user u1_0 
            on u1_0.user_id=p1_1.user_id 
    where
        p1_0.order_id=?
2025-11-06 06:35:51 DEBUG SQL - 
    select
        u1_0.user_id,
        u1_0.email,
        u1_0.mobile_number,
        u1_0.password,
        u1_0.user_role,
        u1_0.username 
    from
        user u1_0 
    where
        u1_0.username=?
2025-11-06 06:35:51 DEBUG SQL - 
    select
        u1_0.user_id,
        u1_0.email,
        u1_0.mobile_number,
        u1_0.password,
        u1_0.user_role,
        u1_0.username 
    from
        user u1_0 
    where
        u1_0.username=?
2025-11-06 06:35:57 DEBUG SQL - 
    select
        u1_0.user_id,
        u1_0.email,
        u1_0.mobile_number,
        u1_0.password,
        u1_0.user_role,
        u1_0.username 
    from
        user u1_0 
    where
        u1_0.username=?
2025-11-06 06:35:57 DEBUG SQL - 
    select
        o1_0.order_id,
        o1_0.created_at,
        o1_0.quantity,
        o1_0.shipping_address,
        o1_0.status,
        o1_0.total_amount,
        o1_0.updated_at,
        o1_0.user_id 
    from
        orders o1_0
2025-11-06 06:35:57 DEBUG SQL - 
    select
        u1_0.user_id,
        u1_0.email,
        u1_0.mobile_number,
        u1_0.password,
        u1_0.user_role,
        u1_0.username 
    from
        user u1_0 
    where
        u1_0.user_id=?
2025-11-06 06:35:57 DEBUG SQL - 
    select
        u1_0.user_id,
        u1_0.email,
        u1_0.mobile_number,
        u1_0.password,
        u1_0.user_role,
        u1_0.username 
    from
        user u1_0 
    where
        u1_0.user_id=?
2025-11-06 06:35:57 DEBUG SQL - 
    select
        u1_0.user_id,
        u1_0.email,
        u1_0.mobile_number,
        u1_0.password,
        u1_0.user_role,
        u1_0.username 
    from
        user u1_0 
    where
        u1_0.user_id=?
2025-11-06 06:35:57 DEBUG SQL - 
    select
        p1_0.order_id,
        p1_1.product_id,
        p1_1.category,
        p1_1.created_at,
        p1_1.description,
        p1_1.name,
        p1_1.photo_image,
        p1_1.price,
        p1_1.stock,
        p1_1.updated_at,
        u1_0.user_id,
        u1_0.email,
        u1_0.mobile_number,
        u1_0.password,
        u1_0.user_role,
        u1_0.username 
    from
        order_products p1_0 
    join
        product p1_1 
            on p1_1.product_id=p1_0.product_id 
    left join
        user u1_0 
            on u1_0.user_id=p1_1.user_id 
    where
        p1_0.order_id=?
2025-11-06 06:35:57 DEBUG SQL - 
    select
        p1_0.order_id,
        p1_1.product_id,
        p1_1.category,
        p1_1.created_at,
        p1_1.description,
        p1_1.name,
        p1_1.photo_image,
        p1_1.price,
        p1_1.stock,
        p1_1.updated_at,
        u1_0.user_id,
        u1_0.email,
        u1_0.mobile_number,
        u1_0.password,
        u1_0.user_role,
        u1_0.username 
    from
        order_products p1_0 
    join
        product p1_1 
            on p1_1.product_id=p1_0.product_id 
    left join
        user u1_0 
            on u1_0.user_id=p1_1.user_id 
    where
        p1_0.order_id=?
2025-11-06 06:35:57 DEBUG SQL - 
    select
        p1_0.order_id,
        p1_1.product_id,
        p1_1.category,
        p1_1.created_at,
        p1_1.description,
        p1_1.name,
        p1_1.photo_image,
        p1_1.price,
        p1_1.stock,
        p1_1.updated_at,
        u1_0.user_id,
        u1_0.email,
        u1_0.mobile_number,
        u1_0.password,
        u1_0.user_role,
        u1_0.username 
    from
        order_products p1_0 
    join
        product p1_1 
            on p1_1.product_id=p1_0.product_id 
    left join
        user u1_0 
            on u1_0.user_id=p1_1.user_id 
    where
        p1_0.order_id=?
2025-11-06 06:39:17 DEBUG SQL - 
    select
        u1_0.user_id,
        u1_0.email,
        u1_0.mobile_number,
        u1_0.password,
        u1_0.user_role,
        u1_0.username 
    from
        user u1_0 
    where
        u1_0.username=?
2025-11-06 06:39:17 DEBUG SQL - 
    select
        o1_0.order_id,
        o1_0.created_at,
        o1_0.quantity,
        o1_0.shipping_address,
        o1_0.status,
        o1_0.total_amount,
        o1_0.updated_at,
        o1_0.user_id 
    from
        orders o1_0
2025-11-06 06:39:17 DEBUG SQL - 
    select
        u1_0.user_id,
        u1_0.email,
        u1_0.mobile_number,
        u1_0.password,
        u1_0.user_role,
        u1_0.username 
    from
        user u1_0 
    where
        u1_0.user_id=?
2025-11-06 06:39:17 DEBUG SQL - 
    select
        u1_0.user_id,
        u1_0.email,
        u1_0.mobile_number,
        u1_0.password,
        u1_0.user_role,
        u1_0.username 
    from
        user u1_0 
    where
        u1_0.user_id=?
2025-11-06 06:39:17 DEBUG SQL - 
    select
        u1_0.user_id,
        u1_0.email,
        u1_0.mobile_number,
        u1_0.password,
        u1_0.user_role,
        u1_0.username 
    from
        user u1_0 
    where
        u1_0.user_id=?
2025-11-06 06:39:17 DEBUG SQL - 
    select
        p1_0.order_id,
        p1_1.product_id,
        p1_1.category,
        p1_1.created_at,
        p1_1.description,
        p1_1.name,
        p1_1.photo_image,
        p1_1.price,
        p1_1.stock,
        p1_1.updated_at,
        u1_0.user_id,
        u1_0.email,
        u1_0.mobile_number,
        u1_0.password,
        u1_0.user_role,
        u1_0.username 
    from
        order_products p1_0 
    join
        product p1_1 
            on p1_1.product_id=p1_0.product_id 
    left join
        user u1_0 
            on u1_0.user_id=p1_1.user_id 
    where
        p1_0.order_id=?
2025-11-06 06:39:17 DEBUG SQL - 
    select
        p1_0.order_id,
        p1_1.product_id,
        p1_1.category,
        p1_1.created_at,
        p1_1.description,
        p1_1.name,
        p1_1.photo_image,
        p1_1.price,
        p1_1.stock,
        p1_1.updated_at,
        u1_0.user_id,
        u1_0.email,
        u1_0.mobile_number,
        u1_0.password,
        u1_0.user_role,
        u1_0.username 
    from
        order_products p1_0 
    join
        product p1_1 
            on p1_1.product_id=p1_0.product_id 
    left join
        user u1_0 
            on u1_0.user_id=p1_1.user_id 
    where
        p1_0.order_id=?
2025-11-06 06:39:17 DEBUG SQL - 
    select
        p1_0.order_id,
        p1_1.product_id,
        p1_1.category,
        p1_1.created_at,
        p1_1.description,
        p1_1.name,
        p1_1.photo_image,
        p1_1.price,
        p1_1.stock,
        p1_1.updated_at,
        u1_0.user_id,
        u1_0.email,
        u1_0.mobile_number,
        u1_0.password,
        u1_0.user_role,
        u1_0.username 
    from
        order_products p1_0 
    join
        product p1_1 
            on p1_1.product_id=p1_0.product_id 
    left join
        user u1_0 
            on u1_0.user_id=p1_1.user_id 
    where
        p1_0.order_id=?
2025-11-06 06:43:32 DEBUG SQL - 
    select
        u1_0.user_id,
        u1_0.email,
        u1_0.mobile_number,
        u1_0.password,
        u1_0.user_role,
        u1_0.username 
    from
        user u1_0 
    where
        u1_0.username=?
2025-11-06 06:43:32 DEBUG SQL - 
    select
        o1_0.order_id,
        o1_0.created_at,
        o1_0.quantity,
        o1_0.shipping_address,
        o1_0.status,
        o1_0.total_amount,
        o1_0.updated_at,
        o1_0.user_id 
    from
        orders o1_0
2025-11-06 06:43:32 DEBUG SQL - 
    select
        u1_0.user_id,
        u1_0.email,
        u1_0.mobile_number,
        u1_0.password,
        u1_0.user_role,
        u1_0.username 
    from
        user u1_0 
    where
        u1_0.user_id=?
2025-11-06 06:43:32 DEBUG SQL - 
    select
        u1_0.user_id,
        u1_0.email,
        u1_0.mobile_number,
        u1_0.password,
        u1_0.user_role,
        u1_0.username 
    from
        user u1_0 
    where
        u1_0.user_id=?
2025-11-06 06:43:32 DEBUG SQL - 
    select
        u1_0.user_id,
        u1_0.email,
        u1_0.mobile_number,
        u1_0.password,
        u1_0.user_role,
        u1_0.username 
    from
        user u1_0 
    where
        u1_0.user_id=?
2025-11-06 06:43:32 DEBUG SQL - 
    select
        p1_0.order_id,
        p1_1.product_id,
        p1_1.category,
        p1_1.created_at,
        p1_1.description,
        p1_1.name,
        p1_1.photo_image,
        p1_1.price,
        p1_1.stock,
        p1_1.updated_at,
        u1_0.user_id,
        u1_0.email,
        u1_0.mobile_number,
        u1_0.password,
        u1_0.user_role,
        u1_0.username 
    from
        order_products p1_0 
    join
        product p1_1 
            on p1_1.product_id=p1_0.product_id 
    left join
        user u1_0 
            on u1_0.user_id=p1_1.user_id 
    where
        p1_0.order_id=?
2025-11-06 06:43:32 DEBUG SQL - 
    select
        p1_0.order_id,
        p1_1.product_id,
        p1_1.category,
        p1_1.created_at,
        p1_1.description,
        p1_1.name,
        p1_1.photo_image,
        p1_1.price,
        p1_1.stock,
        p1_1.updated_at,
        u1_0.user_id,
        u1_0.email,
        u1_0.mobile_number,
        u1_0.password,
        u1_0.user_role,
        u1_0.username 
    from
        order_products p1_0 
    join
        product p1_1 
            on p1_1.product_id=p1_0.product_id 
    left join
        user u1_0 
            on u1_0.user_id=p1_1.user_id 
    where
        p1_0.order_id=?
2025-11-06 06:43:32 DEBUG SQL - 
    select
        p1_0.order_id,
        p1_1.product_id,
        p1_1.category,
        p1_1.created_at,
        p1_1.description,
        p1_1.name,
        p1_1.photo_image,
        p1_1.price,
        p1_1.stock,
        p1_1.updated_at,
        u1_0.user_id,
        u1_0.email,
        u1_0.mobile_number,
        u1_0.password,
        u1_0.user_role,
        u1_0.username 
    from
        order_products p1_0 
    join
        product p1_1 
            on p1_1.product_id=p1_0.product_id 
    left join
        user u1_0 
            on u1_0.user_id=p1_1.user_id 
    where
        p1_0.order_id=?
2025-11-06 06:47:49 DEBUG SQL - 
    select
        u1_0.user_id,
        u1_0.email,
        u1_0.mobile_number,
        u1_0.password,
        u1_0.user_role,
        u1_0.username 
    from
        user u1_0 
    where
        u1_0.username=?
2025-11-06 06:47:49 DEBUG SQL - 
    select
        o1_0.order_id,
        o1_0.created_at,
        o1_0.quantity,
        o1_0.shipping_address,
        o1_0.status,
        o1_0.total_amount,
        o1_0.updated_at,
        o1_0.user_id 
    from
        orders o1_0
2025-11-06 06:47:49 DEBUG SQL - 
    select
        u1_0.user_id,
        u1_0.email,
        u1_0.mobile_number,
        u1_0.password,
        u1_0.user_role,
        u1_0.username 
    from
        user u1_0 
    where
        u1_0.user_id=?
2025-11-06 06:47:49 DEBUG SQL - 
    select
        u1_0.user_id,
        u1_0.email,
        u1_0.mobile_number,
        u1_0.password,
        u1_0.user_role,
        u1_0.username 
    from
        user u1_0 
    where
        u1_0.user_id=?
2025-11-06 06:47:49 DEBUG SQL - 
    select
        u1_0.user_id,
        u1_0.email,
        u1_0.mobile_number,
        u1_0.password,
        u1_0.user_role,
        u1_0.username 
    from
        user u1_0 
    where
        u1_0.user_id=?
2025-11-06 06:47:49 DEBUG SQL - 
    select
        p1_0.order_id,
        p1_1.product_id,
        p1_1.category,
        p1_1.created_at,
        p1_1.description,
        p1_1.name,
        p1_1.photo_image,
        p1_1.price,
        p1_1.stock,
        p1_1.updated_at,
        u1_0.user_id,
        u1_0.email,
        u1_0.mobile_number,
        u1_0.password,
        u1_0.user_role,
        u1_0.username 
    from
        order_products p1_0 
    join
        product p1_1 
            on p1_1.product_id=p1_0.product_id 
    left join
        user u1_0 
            on u1_0.user_id=p1_1.user_id 
    where
        p1_0.order_id=?
2025-11-06 06:47:49 DEBUG SQL - 
    select
        p1_0.order_id,
        p1_1.product_id,
        p1_1.category,
        p1_1.created_at,
        p1_1.description,
        p1_1.name,
        p1_1.photo_image,
        p1_1.price,
        p1_1.stock,
        p1_1.updated_at,
        u1_0.user_id,
        u1_0.email,
        u1_0.mobile_number,
        u1_0.password,
        u1_0.user_role,
        u1_0.username 
    from
        order_products p1_0 
    join
        product p1_1 
            on p1_1.product_id=p1_0.product_id 
    left join
        user u1_0 
            on u1_0.user_id=p1_1.user_id 
    where
        p1_0.order_id=?
2025-11-06 06:47:49 DEBUG SQL - 
    select
        p1_0.order_id,
        p1_1.product_id,
        p1_1.category,
        p1_1.created_at,
        p1_1.description,
        p1_1.name,
        p1_1.photo_image,
        p1_1.price,
        p1_1.stock,
        p1_1.updated_at,
        u1_0.user_id,
        u1_0.email,
        u1_0.mobile_number,
        u1_0.password,
        u1_0.user_role,
        u1_0.username 
    from
        order_products p1_0 
    join
        product p1_1 
            on p1_1.product_id=p1_0.product_id 
    left join
        user u1_0 
            on u1_0.user_id=p1_1.user_id 
    where
        p1_0.order_id=?
2025-11-06 06:50:42 DEBUG SQL - 
    select
        u1_0.user_id,
        u1_0.email,
        u1_0.mobile_number,
        u1_0.password,
        u1_0.user_role,
        u1_0.username 
    from
        user u1_0 
    where
        u1_0.username=?
2025-11-06 06:50:42 DEBUG SQL - 
    select
        u1_0.user_id,
        u1_0.email,
        u1_0.mobile_number,
        u1_0.password,
        u1_0.user_role,
        u1_0.username 
    from
        user u1_0 
    where
        u1_0.username=?
2025-11-06 06:50:51 DEBUG SQL - 
    select
        u1_0.user_id,
        u1_0.email,
        u1_0.mobile_number,
        u1_0.password,
        u1_0.user_role,
        u1_0.username 
    from
        user u1_0 
    where
        u1_0.username=?
2025-11-06 06:50:51 DEBUG SQL - 
    select
        p1_0.product_id,
        p1_0.category,
        p1_0.created_at,
        p1_0.description,
        p1_0.name,
        p1_0.photo_image,
        p1_0.price,
        p1_0.stock,
        p1_0.updated_at,
        p1_0.user_id 
    from
        product p1_0
2025-11-06 06:50:51 DEBUG SQL - 
    select
        u1_0.user_id,
        u1_0.email,
        u1_0.mobile_number,
        u1_0.password,
        u1_0.user_role,
        u1_0.username 
    from
        user u1_0 
    where
        u1_0.user_id=?
2025-11-06 06:51:13 DEBUG SQL - 
    select
        u1_0.user_id,
        u1_0.email,
        u1_0.mobile_number,
        u1_0.password,
        u1_0.user_role,
        u1_0.username 
    from
        user u1_0 
    where
        u1_0.username=?
2025-11-06 06:51:13 DEBUG SQL - 
    select
        p1_0.product_id,
        p1_0.category,
        p1_0.created_at,
        p1_0.description,
        p1_0.name,
        p1_0.photo_image,
        p1_0.price,
        p1_0.stock,
        p1_0.updated_at,
        p1_0.user_id 
    from
        product p1_0
2025-11-06 06:51:13 DEBUG SQL - 
    select
        u1_0.user_id,
        u1_0.email,
        u1_0.mobile_number,
        u1_0.password,
        u1_0.user_role,
        u1_0.username 
    from
        user u1_0 
    where
        u1_0.user_id=?
2025-11-06 06:51:38 DEBUG SQL - 
    select
        u1_0.user_id,
        u1_0.email,
        u1_0.mobile_number,
        u1_0.password,
        u1_0.user_role,
        u1_0.username 
    from
        user u1_0 
    where
        u1_0.username=?
2025-11-06 06:51:38 DEBUG SQL - 
    select
        o1_0.order_id,
        o1_0.created_at,
        o1_0.quantity,
        o1_0.shipping_address,
        o1_0.status,
        o1_0.total_amount,
        o1_0.updated_at,
        o1_0.user_id 
    from
        orders o1_0
2025-11-06 06:51:38 DEBUG SQL - 
    select
        u1_0.user_id,
        u1_0.email,
        u1_0.mobile_number,
        u1_0.password,
        u1_0.user_role,
        u1_0.username 
    from
        user u1_0 
    where
        u1_0.user_id=?
2025-11-06 06:51:38 DEBUG SQL - 
    select
        u1_0.user_id,
        u1_0.email,
        u1_0.mobile_number,
        u1_0.password,
        u1_0.user_role,
        u1_0.username 
    from
        user u1_0 
    where
        u1_0.user_id=?
2025-11-06 06:51:38 DEBUG SQL - 
    select
        u1_0.user_id,
        u1_0.email,
        u1_0.mobile_number,
        u1_0.password,
        u1_0.user_role,
        u1_0.username 
    from
        user u1_0 
    where
        u1_0.user_id=?
2025-11-06 06:51:38 DEBUG SQL - 
    select
        p1_0.order_id,
        p1_1.product_id,
        p1_1.category,
        p1_1.created_at,
        p1_1.description,
        p1_1.name,
        p1_1.photo_image,
        p1_1.price,
        p1_1.stock,
        p1_1.updated_at,
        u1_0.user_id,
        u1_0.email,
        u1_0.mobile_number,
        u1_0.password,
        u1_0.user_role,
        u1_0.username 
    from
        order_products p1_0 
    join
        product p1_1 
            on p1_1.product_id=p1_0.product_id 
    left join
        user u1_0 
            on u1_0.user_id=p1_1.user_id 
    where
        p1_0.order_id=?
2025-11-06 06:51:38 DEBUG SQL - 
    select
        p1_0.order_id,
        p1_1.product_id,
        p1_1.category,
        p1_1.created_at,
        p1_1.description,
        p1_1.name,
        p1_1.photo_image,
        p1_1.price,
        p1_1.stock,
        p1_1.updated_at,
        u1_0.user_id,
        u1_0.email,
        u1_0.mobile_number,
        u1_0.password,
        u1_0.user_role,
        u1_0.username 
    from
        order_products p1_0 
    join
        product p1_1 
            on p1_1.product_id=p1_0.product_id 
    left join
        user u1_0 
            on u1_0.user_id=p1_1.user_id 
    where
        p1_0.order_id=?
2025-11-06 06:51:38 DEBUG SQL - 
    select
        p1_0.order_id,
        p1_1.product_id,
        p1_1.category,
        p1_1.created_at,
        p1_1.description,
        p1_1.name,
        p1_1.photo_image,
        p1_1.price,
        p1_1.stock,
        p1_1.updated_at,
        u1_0.user_id,
        u1_0.email,
        u1_0.mobile_number,
        u1_0.password,
        u1_0.user_role,
        u1_0.username 
    from
        order_products p1_0 
    join
        product p1_1 
            on p1_1.product_id=p1_0.product_id 
    left join
        user u1_0 
            on u1_0.user_id=p1_1.user_id 
    where
        p1_0.order_id=?
2025-11-06 06:52:03 DEBUG SQL - 
    select
        u1_0.user_id,
        u1_0.email,
        u1_0.mobile_number,
        u1_0.password,
        u1_0.user_role,
        u1_0.username 
    from
        user u1_0 
    where
        u1_0.username=?
2025-11-06 06:52:03 DEBUG SQL - 
    select
        u1_0.user_id,
        u1_0.email,
        u1_0.mobile_number,
        u1_0.password,
        u1_0.user_role,
        u1_0.username 
    from
        user u1_0
2025-11-06 06:52:11 DEBUG SQL - 
    select
        u1_0.user_id,
        u1_0.email,
        u1_0.mobile_number,
        u1_0.password,
        u1_0.user_role,
        u1_0.username 
    from
        user u1_0 
    where
        u1_0.username=?
2025-11-06 06:52:11 DEBUG SQL - 
    select
        u1_0.user_id,
        u1_0.email,
        u1_0.mobile_number,
        u1_0.password,
        u1_0.user_role,
        u1_0.username 
    from
        user u1_0
2025-11-06 06:52:13 DEBUG SQL - 
    select
        u1_0.user_id,
        u1_0.email,
        u1_0.mobile_number,
        u1_0.password,
        u1_0.user_role,
        u1_0.username 
    from
        user u1_0 
    where
        u1_0.username=?
2025-11-06 06:52:13 DEBUG SQL - 
    select
        o1_0.order_id,
        o1_0.created_at,
        o1_0.quantity,
        o1_0.shipping_address,
        o1_0.status,
        o1_0.total_amount,
        o1_0.updated_at,
        o1_0.user_id 
    from
        orders o1_0
2025-11-06 06:52:13 DEBUG SQL - 
    select
        u1_0.user_id,
        u1_0.email,
        u1_0.mobile_number,
        u1_0.password,
        u1_0.user_role,
        u1_0.username 
    from
        user u1_0 
    where
        u1_0.user_id=?
2025-11-06 06:52:13 DEBUG SQL - 
    select
        u1_0.user_id,
        u1_0.email,
        u1_0.mobile_number,
        u1_0.password,
        u1_0.user_role,
        u1_0.username 
    from
        user u1_0 
    where
        u1_0.user_id=?
2025-11-06 06:52:13 DEBUG SQL - 
    select
        u1_0.user_id,
        u1_0.email,
        u1_0.mobile_number,
        u1_0.password,
        u1_0.user_role,
        u1_0.username 
    from
        user u1_0 
    where
        u1_0.user_id=?
2025-11-06 06:52:13 DEBUG SQL - 
    select
        p1_0.order_id,
        p1_1.product_id,
        p1_1.category,
        p1_1.created_at,
        p1_1.description,
        p1_1.name,
        p1_1.photo_image,
        p1_1.price,
        p1_1.stock,
        p1_1.updated_at,
        u1_0.user_id,
        u1_0.email,
        u1_0.mobile_number,
        u1_0.password,
        u1_0.user_role,
        u1_0.username 
    from
        order_products p1_0 
    join
        product p1_1 
            on p1_1.product_id=p1_0.product_id 
    left join
        user u1_0 
            on u1_0.user_id=p1_1.user_id 
    where
        p1_0.order_id=?
2025-11-06 06:52:13 DEBUG SQL - 
    select
        p1_0.order_id,
        p1_1.product_id,
        p1_1.category,
        p1_1.created_at,
        p1_1.description,
        p1_1.name,
        p1_1.photo_image,
        p1_1.price,
        p1_1.stock,
        p1_1.updated_at,
        u1_0.user_id,
        u1_0.email,
        u1_0.mobile_number,
        u1_0.password,
        u1_0.user_role,
        u1_0.username 
    from
        order_products p1_0 
    join
        product p1_1 
            on p1_1.product_id=p1_0.product_id 
    left join
        user u1_0 
            on u1_0.user_id=p1_1.user_id 
    where
        p1_0.order_id=?
2025-11-06 06:52:13 DEBUG SQL - 
    select
        p1_0.order_id,
        p1_1.product_id,
        p1_1.category,
        p1_1.created_at,
        p1_1.description,
        p1_1.name,
        p1_1.photo_image,
        p1_1.price,
        p1_1.stock,
        p1_1.updated_at,
        u1_0.user_id,
        u1_0.email,
        u1_0.mobile_number,
        u1_0.password,
        u1_0.user_role,
        u1_0.username 
    from
        order_products p1_0 
    join
        product p1_1 
            on p1_1.product_id=p1_0.product_id 
    left join
        user u1_0 
            on u1_0.user_id=p1_1.user_id 
    where
        p1_0.order_id=?
2025-11-06 06:52:34 DEBUG SQL - 
    select
        u1_0.user_id,
        u1_0.email,
        u1_0.mobile_number,
        u1_0.password,
        u1_0.user_role,
        u1_0.username 
    from
        user u1_0 
    where
        u1_0.username=?
2025-11-06 06:52:34 DEBUG SQL - 
    select
        f1_0.feedback_id,
        f1_0.message,
        f1_0.rating,
        f1_0.user_id 
    from
        feedback f1_0
2025-11-06 06:52:34 DEBUG SQL - 
    select
        u1_0.user_id,
        u1_0.email,
        u1_0.mobile_number,
        u1_0.password,
        u1_0.user_role,
        u1_0.username 
    from
        user u1_0 
    where
        u1_0.user_id=?
2025-11-06 06:52:34 DEBUG SQL - 
    select
        u1_0.user_id,
        u1_0.email,
        u1_0.mobile_number,
        u1_0.password,
        u1_0.user_role,
        u1_0.username 
    from
        user u1_0 
    where
        u1_0.user_id=?
2025-11-06 06:52:44 DEBUG SQL - 
    select
        u1_0.user_id,
        u1_0.email,
        u1_0.mobile_number,
        u1_0.password,
        u1_0.user_role,
        u1_0.username 
    from
        user u1_0 
    where
        u1_0.username=?
2025-11-06 06:52:44 DEBUG SQL - 
    select
        u1_0.user_id,
        u1_0.email,
        u1_0.mobile_number,
        u1_0.password,
        u1_0.user_role,
        u1_0.username 
    from
        user u1_0 
    where
        u1_0.user_id=?
2025-11-06 06:52:49 DEBUG SQL - 
    select
        u1_0.user_id,
        u1_0.email,
        u1_0.mobile_number,
        u1_0.password,
        u1_0.user_role,
        u1_0.username 
    from
        user u1_0 
    where
        u1_0.username=?
2025-11-06 06:52:49 DEBUG SQL - 
    select
        p1_0.product_id,
        p1_0.category,
        p1_0.created_at,
        p1_0.description,
        p1_0.name,
        p1_0.photo_image,
        p1_0.price,
        p1_0.stock,
        p1_0.updated_at,
        p1_0.user_id 
    from
        product p1_0 
    where
        p1_0.user_id=?
2025-11-06 06:52:49 DEBUG SQL - 
    select
        u1_0.user_id,
        u1_0.email,
        u1_0.mobile_number,
        u1_0.password,
        u1_0.user_role,
        u1_0.username 
    from
        user u1_0 
    where
        u1_0.user_id=?
2025-11-06 06:53:09 DEBUG SQL - 
    select
        u1_0.user_id,
        u1_0.email,
        u1_0.mobile_number,
        u1_0.password,
        u1_0.user_role,
        u1_0.username 
    from
        user u1_0 
    where
        u1_0.username=?
2025-11-06 06:53:09 DEBUG SQL - 
    select
        u1_0.user_id,
        u1_0.email,
        u1_0.mobile_number,
        u1_0.password,
        u1_0.user_role,
        u1_0.username 
    from
        user u1_0 
    where
        u1_0.username=?
2025-11-06 06:53:15 DEBUG SQL - 
    select
        u1_0.user_id,
        u1_0.email,
        u1_0.mobile_number,
        u1_0.password,
        u1_0.user_role,
        u1_0.username 
    from
        user u1_0 
    where
        u1_0.username=?
2025-11-06 06:53:15 DEBUG SQL - 
    select
        p1_0.product_id,
        p1_0.category,
        p1_0.created_at,
        p1_0.description,
        p1_0.name,
        p1_0.photo_image,
        p1_0.price,
        p1_0.stock,
        p1_0.updated_at,
        p1_0.user_id 
    from
        product p1_0
2025-11-06 06:53:15 DEBUG SQL - 
    select
        u1_0.user_id,
        u1_0.email,
        u1_0.mobile_number,
        u1_0.password,
        u1_0.user_role,
        u1_0.username 
    from
        user u1_0 
    where
        u1_0.user_id=?
2025-11-06 06:55:37 DEBUG SQL - 
    select
        u1_0.user_id,
        u1_0.email,
        u1_0.mobile_number,
        u1_0.password,
        u1_0.user_role,
        u1_0.username 
    from
        user u1_0 
    where
        u1_0.username=?
2025-11-06 06:55:37 INFO  OrderController - Added order Method Called
2025-11-06 06:55:37 DEBUG SQL - 
    select
        u1_0.user_id,
        u1_0.email,
        u1_0.mobile_number,
        u1_0.password,
        u1_0.user_role,
        u1_0.username 
    from
        user u1_0 
    where
        u1_0.user_id=?
2025-11-06 06:55:37 DEBUG SQL - 
    select
        p1_0.product_id,
        p1_0.category,
        p1_0.created_at,
        p1_0.description,
        p1_0.name,
        p1_0.photo_image,
        p1_0.price,
        p1_0.stock,
        p1_0.updated_at,
        u1_0.user_id,
        u1_0.email,
        u1_0.mobile_number,
        u1_0.password,
        u1_0.user_role,
        u1_0.username 
    from
        product p1_0 
    left join
        user u1_0 
            on u1_0.user_id=p1_0.user_id 
    where
        p1_0.product_id=?
2025-11-06 06:55:37 DEBUG SQL - 
    update
        product 
    set
        category=?,
        created_at=?,
        description=?,
        name=?,
        photo_image=?,
        price=?,
        stock=?,
        updated_at=?,
        user_id=? 
    where
        product_id=?
2025-11-06 06:55:37 DEBUG SQL - 
    select
        next_val as id_val 
    from
        orders_seq for update
2025-11-06 06:55:37 DEBUG SQL - 
    update
        orders_seq 
    set
        next_val= ? 
    where
        next_val=?
2025-11-06 06:55:37 DEBUG SQL - 
    insert 
    into
        orders
        (created_at, quantity, shipping_address, status, total_amount, updated_at, user_id, order_id) 
    values
        (?, ?, ?, ?, ?, ?, ?, ?)
2025-11-06 06:55:37 DEBUG SQL - 
    insert 
    into
        order_products
        (order_id, product_id) 
    values
        (?, ?)
2025-11-06 06:55:47 DEBUG SQL - 
    select
        u1_0.user_id,
        u1_0.email,
        u1_0.mobile_number,
        u1_0.password,
        u1_0.user_role,
        u1_0.username 
    from
        user u1_0 
    where
        u1_0.username=?
2025-11-06 06:55:47 DEBUG SQL - 
    select
        u1_0.user_id,
        u1_0.email,
        u1_0.mobile_number,
        u1_0.password,
        u1_0.user_role,
        u1_0.username 
    from
        user u1_0 
    where
        u1_0.user_id=?
2025-11-06 06:55:47 DEBUG SQL - 
    select
        o1_0.order_id,
        o1_0.created_at,
        o1_0.quantity,
        o1_0.shipping_address,
        o1_0.status,
        o1_0.total_amount,
        o1_0.updated_at,
        o1_0.user_id 
    from
        orders o1_0 
    where
        o1_0.user_id=?
2025-11-06 06:55:47 DEBUG SQL - 
    select
        p1_0.order_id,
        p1_1.product_id,
        p1_1.category,
        p1_1.created_at,
        p1_1.description,
        p1_1.name,
        p1_1.photo_image,
        p1_1.price,
        p1_1.stock,
        p1_1.updated_at,
        u1_0.user_id,
        u1_0.email,
        u1_0.mobile_number,
        u1_0.password,
        u1_0.user_role,
        u1_0.username 
    from
        order_products p1_0 
    join
        product p1_1 
            on p1_1.product_id=p1_0.product_id 
    left join
        user u1_0 
            on u1_0.user_id=p1_1.user_id 
    where
        p1_0.order_id=?
2025-11-06 06:55:49 DEBUG SQL - 
    select
        u1_0.user_id,
        u1_0.email,
        u1_0.mobile_number,
        u1_0.password,
        u1_0.user_role,
        u1_0.username 
    from
        user u1_0 
    where
        u1_0.username=?
2025-11-06 06:55:49 DEBUG SQL - 
    select
        p1_0.product_id,
        p1_0.category,
        p1_0.created_at,
        p1_0.description,
        p1_0.name,
        p1_0.photo_image,
        p1_0.price,
        p1_0.stock,
        p1_0.updated_at,
        u1_0.user_id,
        u1_0.email,
        u1_0.mobile_number,
        u1_0.password,
        u1_0.user_role,
        u1_0.username 
    from
        product p1_0 
    left join
        user u1_0 
            on u1_0.user_id=p1_0.user_id 
    where
        p1_0.product_id=?
2025-11-06 06:56:33 DEBUG SQL - 
    select
        u1_0.user_id,
        u1_0.email,
        u1_0.mobile_number,
        u1_0.password,
        u1_0.user_role,
        u1_0.username 
    from
        user u1_0 
    where
        u1_0.username=?
2025-11-06 06:56:33 DEBUG SQL - 
    select
        o1_0.order_id,
        o1_0.created_at,
        o1_0.quantity,
        o1_0.shipping_address,
        o1_0.status,
        o1_0.total_amount,
        o1_0.updated_at,
        o1_0.user_id 
    from
        orders o1_0
2025-11-06 06:56:33 DEBUG SQL - 
    select
        u1_0.user_id,
        u1_0.email,
        u1_0.mobile_number,
        u1_0.password,
        u1_0.user_role,
        u1_0.username 
    from
        user u1_0 
    where
        u1_0.user_id=?
2025-11-06 06:56:33 DEBUG SQL - 
    select
        u1_0.user_id,
        u1_0.email,
        u1_0.mobile_number,
        u1_0.password,
        u1_0.user_role,
        u1_0.username 
    from
        user u1_0 
    where
        u1_0.user_id=?
2025-11-06 06:56:33 DEBUG SQL - 
    select
        u1_0.user_id,
        u1_0.email,
        u1_0.mobile_number,
        u1_0.password,
        u1_0.user_role,
        u1_0.username 
    from
        user u1_0 
    where
        u1_0.user_id=?
2025-11-06 06:56:33 DEBUG SQL - 
    select
        u1_0.user_id,
        u1_0.email,
        u1_0.mobile_number,
        u1_0.password,
        u1_0.user_role,
        u1_0.username 
    from
        user u1_0 
    where
        u1_0.user_id=?
2025-11-06 06:56:33 DEBUG SQL - 
    select
        p1_0.order_id,
        p1_1.product_id,
        p1_1.category,
        p1_1.created_at,
        p1_1.description,
        p1_1.name,
        p1_1.photo_image,
        p1_1.price,
        p1_1.stock,
        p1_1.updated_at,
        u1_0.user_id,
        u1_0.email,
        u1_0.mobile_number,
        u1_0.password,
        u1_0.user_role,
        u1_0.username 
    from
        order_products p1_0 
    join
        product p1_1 
            on p1_1.product_id=p1_0.product_id 
    left join
        user u1_0 
            on u1_0.user_id=p1_1.user_id 
    where
        p1_0.order_id=?
2025-11-06 06:56:33 DEBUG SQL - 
    select
        p1_0.order_id,
        p1_1.product_id,
        p1_1.category,
        p1_1.created_at,
        p1_1.description,
        p1_1.name,
        p1_1.photo_image,
        p1_1.price,
        p1_1.stock,
        p1_1.updated_at,
        u1_0.user_id,
        u1_0.email,
        u1_0.mobile_number,
        u1_0.password,
        u1_0.user_role,
        u1_0.username 
    from
        order_products p1_0 
    join
        product p1_1 
            on p1_1.product_id=p1_0.product_id 
    left join
        user u1_0 
            on u1_0.user_id=p1_1.user_id 
    where
        p1_0.order_id=?
2025-11-06 06:56:33 DEBUG SQL - 
    select
        p1_0.order_id,
        p1_1.product_id,
        p1_1.category,
        p1_1.created_at,
        p1_1.description,
        p1_1.name,
        p1_1.photo_image,
        p1_1.price,
        p1_1.stock,
        p1_1.updated_at,
        u1_0.user_id,
        u1_0.email,
        u1_0.mobile_number,
        u1_0.password,
        u1_0.user_role,
        u1_0.username 
    from
        order_products p1_0 
    join
        product p1_1 
            on p1_1.product_id=p1_0.product_id 
    left join
        user u1_0 
            on u1_0.user_id=p1_1.user_id 
    where
        p1_0.order_id=?
2025-11-06 06:56:33 DEBUG SQL - 
    select
        p1_0.order_id,
        p1_1.product_id,
        p1_1.category,
        p1_1.created_at,
        p1_1.description,
        p1_1.name,
        p1_1.photo_image,
        p1_1.price,
        p1_1.stock,
        p1_1.updated_at,
        u1_0.user_id,
        u1_0.email,
        u1_0.mobile_number,
        u1_0.password,
        u1_0.user_role,
        u1_0.username 
    from
        order_products p1_0 
    join
        product p1_1 
            on p1_1.product_id=p1_0.product_id 
    left join
        user u1_0 
            on u1_0.user_id=p1_1.user_id 
    where
        p1_0.order_id=?
2025-11-06 06:56:43 DEBUG SQL - 
    select
        u1_0.user_id,
        u1_0.email,
        u1_0.mobile_number,
        u1_0.password,
        u1_0.user_role,
        u1_0.username 
    from
        user u1_0 
    where
        u1_0.username=?
2025-11-06 06:56:43 DEBUG SQL - 
    select
        u1_0.user_id,
        u1_0.email,
        u1_0.mobile_number,
        u1_0.password,
        u1_0.user_role,
        u1_0.username 
    from
        user u1_0 
    where
        u1_0.user_id=?
2025-11-06 06:56:43 DEBUG SQL - 
    select
        next_val as id_val 
    from
        feedback_seq for update
2025-11-06 06:56:43 DEBUG SQL - 
    update
        feedback_seq 
    set
        next_val= ? 
    where
        next_val=?
2025-11-06 06:56:43 DEBUG SQL - 
    insert 
    into
        feedback
        (message, rating, user_id, feedback_id) 
    values
        (?, ?, ?, ?)
2025-11-06 06:56:44 DEBUG SQL - 
    select
        u1_0.user_id,
        u1_0.email,
        u1_0.mobile_number,
        u1_0.password,
        u1_0.user_role,
        u1_0.username 
    from
        user u1_0 
    where
        u1_0.username=?
2025-11-06 06:56:44 DEBUG SQL - 
    select
        f1_0.feedback_id,
        f1_0.message,
        f1_0.rating,
        f1_0.user_id 
    from
        feedback f1_0 
    where
        f1_0.user_id=?
2025-11-06 06:56:44 DEBUG SQL - 
    select
        u1_0.user_id,
        u1_0.email,
        u1_0.mobile_number,
        u1_0.password,
        u1_0.user_role,
        u1_0.username 
    from
        user u1_0 
    where
        u1_0.user_id=?
2025-11-06 07:00:42 DEBUG SQL - 
    select
        u1_0.user_id,
        u1_0.email,
        u1_0.mobile_number,
        u1_0.password,
        u1_0.user_role,
        u1_0.username 
    from
        user u1_0 
    where
        u1_0.username=?
2025-11-06 07:00:42 DEBUG SQL - 
    select
        f1_0.feedback_id,
        f1_0.message,
        f1_0.rating,
        f1_0.user_id 
    from
        feedback f1_0 
    where
        f1_0.user_id=?
2025-11-06 07:00:42 DEBUG SQL - 
    select
        u1_0.user_id,
        u1_0.email,
        u1_0.mobile_number,
        u1_0.password,
        u1_0.user_role,
        u1_0.username 
    from
        user u1_0 
    where
        u1_0.user_id=?
2025-11-06 07:00:51 DEBUG SQL - 
    select
        u1_0.user_id,
        u1_0.email,
        u1_0.mobile_number,
        u1_0.password,
        u1_0.user_role,
        u1_0.username 
    from
        user u1_0 
    where
        u1_0.username=?
2025-11-06 07:00:51 DEBUG SQL - 
    select
        o1_0.order_id,
        o1_0.created_at,
        o1_0.quantity,
        o1_0.shipping_address,
        o1_0.status,
        o1_0.total_amount,
        o1_0.updated_at,
        o1_0.user_id 
    from
        orders o1_0
2025-11-06 07:00:51 DEBUG SQL - 
    select
        u1_0.user_id,
        u1_0.email,
        u1_0.mobile_number,
        u1_0.password,
        u1_0.user_role,
        u1_0.username 
    from
        user u1_0 
    where
        u1_0.user_id=?
2025-11-06 07:00:51 DEBUG SQL - 
    select
        u1_0.user_id,
        u1_0.email,
        u1_0.mobile_number,
        u1_0.password,
        u1_0.user_role,
        u1_0.username 
    from
        user u1_0 
    where
        u1_0.user_id=?
2025-11-06 07:00:51 DEBUG SQL - 
    select
        u1_0.user_id,
        u1_0.email,
        u1_0.mobile_number,
        u1_0.password,
        u1_0.user_role,
        u1_0.username 
    from
        user u1_0 
    where
        u1_0.user_id=?
2025-11-06 07:00:51 DEBUG SQL - 
    select
        u1_0.user_id,
        u1_0.email,
        u1_0.mobile_number,
        u1_0.password,
        u1_0.user_role,
        u1_0.username 
    from
        user u1_0 
    where
        u1_0.user_id=?
2025-11-06 07:00:51 DEBUG SQL - 
    select
        p1_0.order_id,
        p1_1.product_id,
        p1_1.category,
        p1_1.created_at,
        p1_1.description,
        p1_1.name,
        p1_1.photo_image,
        p1_1.price,
        p1_1.stock,
        p1_1.updated_at,
        u1_0.user_id,
        u1_0.email,
        u1_0.mobile_number,
        u1_0.password,
        u1_0.user_role,
        u1_0.username 
    from
        order_products p1_0 
    join
        product p1_1 
            on p1_1.product_id=p1_0.product_id 
    left join
        user u1_0 
            on u1_0.user_id=p1_1.user_id 
    where
        p1_0.order_id=?
2025-11-06 07:00:51 DEBUG SQL - 
    select
        p1_0.order_id,
        p1_1.product_id,
        p1_1.category,
        p1_1.created_at,
        p1_1.description,
        p1_1.name,
        p1_1.photo_image,
        p1_1.price,
        p1_1.stock,
        p1_1.updated_at,
        u1_0.user_id,
        u1_0.email,
        u1_0.mobile_number,
        u1_0.password,
        u1_0.user_role,
        u1_0.username 
    from
        order_products p1_0 
    join
        product p1_1 
            on p1_1.product_id=p1_0.product_id 
    left join
        user u1_0 
            on u1_0.user_id=p1_1.user_id 
    where
        p1_0.order_id=?
2025-11-06 07:00:51 DEBUG SQL - 
    select
        p1_0.order_id,
        p1_1.product_id,
        p1_1.category,
        p1_1.created_at,
        p1_1.description,
        p1_1.name,
        p1_1.photo_image,
        p1_1.price,
        p1_1.stock,
        p1_1.updated_at,
        u1_0.user_id,
        u1_0.email,
        u1_0.mobile_number,
        u1_0.password,
        u1_0.user_role,
        u1_0.username 
    from
        order_products p1_0 
    join
        product p1_1 
            on p1_1.product_id=p1_0.product_id 
    left join
        user u1_0 
            on u1_0.user_id=p1_1.user_id 
    where
        p1_0.order_id=?
2025-11-06 07:00:51 DEBUG SQL - 
    select
        p1_0.order_id,
        p1_1.product_id,
        p1_1.category,
        p1_1.created_at,
        p1_1.description,
        p1_1.name,
        p1_1.photo_image,
        p1_1.price,
        p1_1.stock,
        p1_1.updated_at,
        u1_0.user_id,
        u1_0.email,
        u1_0.mobile_number,
        u1_0.password,
        u1_0.user_role,
        u1_0.username 
    from
        order_products p1_0 
    join
        product p1_1 
            on p1_1.product_id=p1_0.product_id 
    left join
        user u1_0 
            on u1_0.user_id=p1_1.user_id 
    where
        p1_0.order_id=?
2025-11-06 07:00:54 DEBUG SQL - 
    select
        u1_0.user_id,
        u1_0.email,
        u1_0.mobile_number,
        u1_0.password,
        u1_0.user_role,
        u1_0.username 
    from
        user u1_0 
    where
        u1_0.username=?
2025-11-06 07:00:54 DEBUG SQL - 
    select
        u1_0.user_id,
        u1_0.email,
        u1_0.mobile_number,
        u1_0.password,
        u1_0.user_role,
        u1_0.username 
    from
        user u1_0 
    where
        u1_0.username=?
2025-11-06 07:01:03 DEBUG SQL - 
    select
        u1_0.user_id,
        u1_0.email,
        u1_0.mobile_number,
        u1_0.password,
        u1_0.user_role,
        u1_0.username 
    from
        user u1_0 
    where
        u1_0.username=?
2025-11-06 07:01:03 DEBUG SQL - 
    select
        p1_0.product_id,
        p1_0.category,
        p1_0.created_at,
        p1_0.description,
        p1_0.name,
        p1_0.photo_image,
        p1_0.price,
        p1_0.stock,
        p1_0.updated_at,
        p1_0.user_id 
    from
        product p1_0
2025-11-06 07:01:03 DEBUG SQL - 
    select
        u1_0.user_id,
        u1_0.email,
        u1_0.mobile_number,
        u1_0.password,
        u1_0.user_role,
        u1_0.username 
    from
        user u1_0 
    where
        u1_0.user_id=?
2025-11-06 07:01:03 DEBUG SQL - 
    select
        u1_0.user_id,
        u1_0.email,
        u1_0.mobile_number,
        u1_0.password,
        u1_0.user_role,
        u1_0.username 
    from
        user u1_0 
    where
        u1_0.user_id=?
2025-11-06 07:04:51 DEBUG SQL - 
    select
        u1_0.user_id,
        u1_0.email,
        u1_0.mobile_number,
        u1_0.password,
        u1_0.user_role,
        u1_0.username 
    from
        user u1_0 
    where
        u1_0.username=?
2025-11-06 07:04:51 DEBUG SQL - 
    select
        p1_0.product_id,
        p1_0.category,
        p1_0.created_at,
        p1_0.description,
        p1_0.name,
        p1_0.photo_image,
        p1_0.price,
        p1_0.stock,
        p1_0.updated_at,
        p1_0.user_id 
    from
        product p1_0
2025-11-06 07:04:51 DEBUG SQL - 
    select
        u1_0.user_id,
        u1_0.email,
        u1_0.mobile_number,
        u1_0.password,
        u1_0.user_role,
        u1_0.username 
    from
        user u1_0 
    where
        u1_0.user_id=?
2025-11-06 07:04:51 DEBUG SQL - 
    select
        u1_0.user_id,
        u1_0.email,
        u1_0.mobile_number,
        u1_0.password,
        u1_0.user_role,
        u1_0.username 
    from
        user u1_0 
    where
        u1_0.user_id=?
2025-11-06 07:05:05 DEBUG SQL - 
    select
        u1_0.user_id,
        u1_0.email,
        u1_0.mobile_number,
        u1_0.password,
        u1_0.user_role,
        u1_0.username 
    from
        user u1_0 
    where
        u1_0.username=?
2025-11-06 07:05:05 DEBUG SQL - 
    select
        o1_0.order_id,
        o1_0.created_at,
        o1_0.quantity,
        o1_0.shipping_address,
        o1_0.status,
        o1_0.total_amount,
        o1_0.updated_at,
        o1_0.user_id 
    from
        orders o1_0
2025-11-06 07:05:05 DEBUG SQL - 
    select
        u1_0.user_id,
        u1_0.email,
        u1_0.mobile_number,
        u1_0.password,
        u1_0.user_role,
        u1_0.username 
    from
        user u1_0 
    where
        u1_0.user_id=?
2025-11-06 07:05:05 DEBUG SQL - 
    select
        u1_0.user_id,
        u1_0.email,
        u1_0.mobile_number,
        u1_0.password,
        u1_0.user_role,
        u1_0.username 
    from
        user u1_0 
    where
        u1_0.user_id=?
2025-11-06 07:05:05 DEBUG SQL - 
    select
        u1_0.user_id,
        u1_0.email,
        u1_0.mobile_number,
        u1_0.password,
        u1_0.user_role,
        u1_0.username 
    from
        user u1_0 
    where
        u1_0.user_id=?
2025-11-06 07:05:05 DEBUG SQL - 
    select
        u1_0.user_id,
        u1_0.email,
        u1_0.mobile_number,
        u1_0.password,
        u1_0.user_role,
        u1_0.username 
    from
        user u1_0 
    where
        u1_0.user_id=?
2025-11-06 07:05:05 DEBUG SQL - 
    select
        p1_0.order_id,
        p1_1.product_id,
        p1_1.category,
        p1_1.created_at,
        p1_1.description,
        p1_1.name,
        p1_1.photo_image,
        p1_1.price,
        p1_1.stock,
        p1_1.updated_at,
        u1_0.user_id,
        u1_0.email,
        u1_0.mobile_number,
        u1_0.password,
        u1_0.user_role,
        u1_0.username 
    from
        order_products p1_0 
    join
        product p1_1 
            on p1_1.product_id=p1_0.product_id 
    left join
        user u1_0 
            on u1_0.user_id=p1_1.user_id 
    where
        p1_0.order_id=?
2025-11-06 07:05:05 DEBUG SQL - 
    select
        p1_0.order_id,
        p1_1.product_id,
        p1_1.category,
        p1_1.created_at,
        p1_1.description,
        p1_1.name,
        p1_1.photo_image,
        p1_1.price,
        p1_1.stock,
        p1_1.updated_at,
        u1_0.user_id,
        u1_0.email,
        u1_0.mobile_number,
        u1_0.password,
        u1_0.user_role,
        u1_0.username 
    from
        order_products p1_0 
    join
        product p1_1 
            on p1_1.product_id=p1_0.product_id 
    left join
        user u1_0 
            on u1_0.user_id=p1_1.user_id 
    where
        p1_0.order_id=?
2025-11-06 07:05:05 DEBUG SQL - 
    select
        p1_0.order_id,
        p1_1.product_id,
        p1_1.category,
        p1_1.created_at,
        p1_1.description,
        p1_1.name,
        p1_1.photo_image,
        p1_1.price,
        p1_1.stock,
        p1_1.updated_at,
        u1_0.user_id,
        u1_0.email,
        u1_0.mobile_number,
        u1_0.password,
        u1_0.user_role,
        u1_0.username 
    from
        order_products p1_0 
    join
        product p1_1 
            on p1_1.product_id=p1_0.product_id 
    left join
        user u1_0 
            on u1_0.user_id=p1_1.user_id 
    where
        p1_0.order_id=?
2025-11-06 07:05:05 DEBUG SQL - 
    select
        p1_0.order_id,
        p1_1.product_id,
        p1_1.category,
        p1_1.created_at,
        p1_1.description,
        p1_1.name,
        p1_1.photo_image,
        p1_1.price,
        p1_1.stock,
        p1_1.updated_at,
        u1_0.user_id,
        u1_0.email,
        u1_0.mobile_number,
        u1_0.password,
        u1_0.user_role,
        u1_0.username 
    from
        order_products p1_0 
    join
        product p1_1 
            on p1_1.product_id=p1_0.product_id 
    left join
        user u1_0 
            on u1_0.user_id=p1_1.user_id 
    where
        p1_0.order_id=?
2025-11-06 07:09:05 DEBUG SQL - 
    select
        u1_0.user_id,
        u1_0.email,
        u1_0.mobile_number,
        u1_0.password,
        u1_0.user_role,
        u1_0.username 
    from
        user u1_0 
    where
        u1_0.username=?
2025-11-06 07:09:05 DEBUG SQL - 
    select
        p1_0.product_id,
        p1_0.category,
        p1_0.created_at,
        p1_0.description,
        p1_0.name,
        p1_0.photo_image,
        p1_0.price,
        p1_0.stock,
        p1_0.updated_at,
        p1_0.user_id 
    from
        product p1_0
2025-11-06 07:09:05 DEBUG SQL - 
    select
        u1_0.user_id,
        u1_0.email,
        u1_0.mobile_number,
        u1_0.password,
        u1_0.user_role,
        u1_0.username 
    from
        user u1_0 
    where
        u1_0.user_id=?
2025-11-06 07:09:05 DEBUG SQL - 
    select
        u1_0.user_id,
        u1_0.email,
        u1_0.mobile_number,
        u1_0.password,
        u1_0.user_role,
        u1_0.username 
    from
        user u1_0 
    where
        u1_0.user_id=?
2025-11-06 07:09:16 DEBUG SQL - 
    select
        u1_0.user_id,
        u1_0.email,
        u1_0.mobile_number,
        u1_0.password,
        u1_0.user_role,
        u1_0.username 
    from
        user u1_0 
    where
        u1_0.username=?
2025-11-06 07:09:16 DEBUG SQL - 
    select
        o1_0.order_id,
        o1_0.created_at,
        o1_0.quantity,
        o1_0.shipping_address,
        o1_0.status,
        o1_0.total_amount,
        o1_0.updated_at,
        o1_0.user_id 
    from
        orders o1_0
2025-11-06 07:09:16 DEBUG SQL - 
    select
        u1_0.user_id,
        u1_0.email,
        u1_0.mobile_number,
        u1_0.password,
        u1_0.user_role,
        u1_0.username 
    from
        user u1_0 
    where
        u1_0.user_id=?
2025-11-06 07:09:16 DEBUG SQL - 
    select
        u1_0.user_id,
        u1_0.email,
        u1_0.mobile_number,
        u1_0.password,
        u1_0.user_role,
        u1_0.username 
    from
        user u1_0 
    where
        u1_0.user_id=?
2025-11-06 07:09:16 DEBUG SQL - 
    select
        u1_0.user_id,
        u1_0.email,
        u1_0.mobile_number,
        u1_0.password,
        u1_0.user_role,
        u1_0.username 
    from
        user u1_0 
    where
        u1_0.user_id=?
2025-11-06 07:09:16 DEBUG SQL - 
    select
        u1_0.user_id,
        u1_0.email,
        u1_0.mobile_number,
        u1_0.password,
        u1_0.user_role,
        u1_0.username 
    from
        user u1_0 
    where
        u1_0.user_id=?
2025-11-06 07:09:16 DEBUG SQL - 
    select
        p1_0.order_id,
        p1_1.product_id,
        p1_1.category,
        p1_1.created_at,
        p1_1.description,
        p1_1.name,
        p1_1.photo_image,
        p1_1.price,
        p1_1.stock,
        p1_1.updated_at,
        u1_0.user_id,
        u1_0.email,
        u1_0.mobile_number,
        u1_0.password,
        u1_0.user_role,
        u1_0.username 
    from
        order_products p1_0 
    join
        product p1_1 
            on p1_1.product_id=p1_0.product_id 
    left join
        user u1_0 
            on u1_0.user_id=p1_1.user_id 
    where
        p1_0.order_id=?
2025-11-06 07:09:16 DEBUG SQL - 
    select
        p1_0.order_id,
        p1_1.product_id,
        p1_1.category,
        p1_1.created_at,
        p1_1.description,
        p1_1.name,
        p1_1.photo_image,
        p1_1.price,
        p1_1.stock,
        p1_1.updated_at,
        u1_0.user_id,
        u1_0.email,
        u1_0.mobile_number,
        u1_0.password,
        u1_0.user_role,
        u1_0.username 
    from
        order_products p1_0 
    join
        product p1_1 
            on p1_1.product_id=p1_0.product_id 
    left join
        user u1_0 
            on u1_0.user_id=p1_1.user_id 
    where
        p1_0.order_id=?
2025-11-06 07:09:16 DEBUG SQL - 
    select
        p1_0.order_id,
        p1_1.product_id,
        p1_1.category,
        p1_1.created_at,
        p1_1.description,
        p1_1.name,
        p1_1.photo_image,
        p1_1.price,
        p1_1.stock,
        p1_1.updated_at,
        u1_0.user_id,
        u1_0.email,
        u1_0.mobile_number,
        u1_0.password,
        u1_0.user_role,
        u1_0.username 
    from
        order_products p1_0 
    join
        product p1_1 
            on p1_1.product_id=p1_0.product_id 
    left join
        user u1_0 
            on u1_0.user_id=p1_1.user_id 
    where
        p1_0.order_id=?
2025-11-06 07:09:16 DEBUG SQL - 
    select
        p1_0.order_id,
        p1_1.product_id,
        p1_1.category,
        p1_1.created_at,
        p1_1.description,
        p1_1.name,
        p1_1.photo_image,
        p1_1.price,
        p1_1.stock,
        p1_1.updated_at,
        u1_0.user_id,
        u1_0.email,
        u1_0.mobile_number,
        u1_0.password,
        u1_0.user_role,
        u1_0.username 
    from
        order_products p1_0 
    join
        product p1_1 
            on p1_1.product_id=p1_0.product_id 
    left join
        user u1_0 
            on u1_0.user_id=p1_1.user_id 
    where
        p1_0.order_id=?
2025-11-06 07:13:19 DEBUG SQL - 
    select
        u1_0.user_id,
        u1_0.email,
        u1_0.mobile_number,
        u1_0.password,
        u1_0.user_role,
        u1_0.username 
    from
        user u1_0 
    where
        u1_0.username=?
2025-11-06 07:13:19 DEBUG SQL - 
    select
        p1_0.product_id,
        p1_0.category,
        p1_0.created_at,
        p1_0.description,
        p1_0.name,
        p1_0.photo_image,
        p1_0.price,
        p1_0.stock,
        p1_0.updated_at,
        p1_0.user_id 
    from
        product p1_0
2025-11-06 07:13:19 DEBUG SQL - 
    select
        u1_0.user_id,
        u1_0.email,
        u1_0.mobile_number,
        u1_0.password,
        u1_0.user_role,
        u1_0.username 
    from
        user u1_0 
    where
        u1_0.user_id=?
2025-11-06 07:13:19 DEBUG SQL - 
    select
        u1_0.user_id,
        u1_0.email,
        u1_0.mobile_number,
        u1_0.password,
        u1_0.user_role,
        u1_0.username 
    from
        user u1_0 
    where
        u1_0.user_id=?
2025-11-06 07:13:33 DEBUG SQL - 
    select
        u1_0.user_id,
        u1_0.email,
        u1_0.mobile_number,
        u1_0.password,
        u1_0.user_role,
        u1_0.username 
    from
        user u1_0 
    where
        u1_0.username=?
2025-11-06 07:13:33 DEBUG SQL - 
    select
        o1_0.order_id,
        o1_0.created_at,
        o1_0.quantity,
        o1_0.shipping_address,
        o1_0.status,
        o1_0.total_amount,
        o1_0.updated_at,
        o1_0.user_id 
    from
        orders o1_0
2025-11-06 07:13:33 DEBUG SQL - 
    select
        u1_0.user_id,
        u1_0.email,
        u1_0.mobile_number,
        u1_0.password,
        u1_0.user_role,
        u1_0.username 
    from
        user u1_0 
    where
        u1_0.user_id=?
2025-11-06 07:13:33 DEBUG SQL - 
    select
        u1_0.user_id,
        u1_0.email,
        u1_0.mobile_number,
        u1_0.password,
        u1_0.user_role,
        u1_0.username 
    from
        user u1_0 
    where
        u1_0.user_id=?
2025-11-06 07:13:33 DEBUG SQL - 
    select
        u1_0.user_id,
        u1_0.email,
        u1_0.mobile_number,
        u1_0.password,
        u1_0.user_role,
        u1_0.username 
    from
        user u1_0 
    where
        u1_0.user_id=?
2025-11-06 07:13:33 DEBUG SQL - 
    select
        u1_0.user_id,
        u1_0.email,
        u1_0.mobile_number,
        u1_0.password,
        u1_0.user_role,
        u1_0.username 
    from
        user u1_0 
    where
        u1_0.user_id=?
2025-11-06 07:13:33 DEBUG SQL - 
    select
        p1_0.order_id,
        p1_1.product_id,
        p1_1.category,
        p1_1.created_at,
        p1_1.description,
        p1_1.name,
        p1_1.photo_image,
        p1_1.price,
        p1_1.stock,
        p1_1.updated_at,
        u1_0.user_id,
        u1_0.email,
        u1_0.mobile_number,
        u1_0.password,
        u1_0.user_role,
        u1_0.username 
    from
        order_products p1_0 
    join
        product p1_1 
            on p1_1.product_id=p1_0.product_id 
    left join
        user u1_0 
            on u1_0.user_id=p1_1.user_id 
    where
        p1_0.order_id=?
2025-11-06 07:13:33 DEBUG SQL - 
    select
        p1_0.order_id,
        p1_1.product_id,
        p1_1.category,
        p1_1.created_at,
        p1_1.description,
        p1_1.name,
        p1_1.photo_image,
        p1_1.price,
        p1_1.stock,
        p1_1.updated_at,
        u1_0.user_id,
        u1_0.email,
        u1_0.mobile_number,
        u1_0.password,
        u1_0.user_role,
        u1_0.username 
    from
        order_products p1_0 
    join
        product p1_1 
            on p1_1.product_id=p1_0.product_id 
    left join
        user u1_0 
            on u1_0.user_id=p1_1.user_id 
    where
        p1_0.order_id=?
2025-11-06 07:13:33 DEBUG SQL - 
    select
        p1_0.order_id,
        p1_1.product_id,
        p1_1.category,
        p1_1.created_at,
        p1_1.description,
        p1_1.name,
        p1_1.photo_image,
        p1_1.price,
        p1_1.stock,
        p1_1.updated_at,
        u1_0.user_id,
        u1_0.email,
        u1_0.mobile_number,
        u1_0.password,
        u1_0.user_role,
        u1_0.username 
    from
        order_products p1_0 
    join
        product p1_1 
            on p1_1.product_id=p1_0.product_id 
    left join
        user u1_0 
            on u1_0.user_id=p1_1.user_id 
    where
        p1_0.order_id=?
2025-11-06 07:13:33 DEBUG SQL - 
    select
        p1_0.order_id,
        p1_1.product_id,
        p1_1.category,
        p1_1.created_at,
        p1_1.description,
        p1_1.name,
        p1_1.photo_image,
        p1_1.price,
        p1_1.stock,
        p1_1.updated_at,
        u1_0.user_id,
        u1_0.email,
        u1_0.mobile_number,
        u1_0.password,
        u1_0.user_role,
        u1_0.username 
    from
        order_products p1_0 
    join
        product p1_1 
            on p1_1.product_id=p1_0.product_id 
    left join
        user u1_0 
            on u1_0.user_id=p1_1.user_id 
    where
        p1_0.order_id=?
2025-11-06 07:16:42 DEBUG SQL - 
    select
        u1_0.user_id,
        u1_0.email,
        u1_0.mobile_number,
        u1_0.password,
        u1_0.user_role,
        u1_0.username 
    from
        user u1_0 
    where
        u1_0.username=?
2025-11-06 07:16:42 INFO  OrderController - Update  order Method Called
2025-11-06 07:16:42 DEBUG SQL - 
    select
        o1_0.order_id,
        o1_0.created_at,
        o1_0.quantity,
        o1_0.shipping_address,
        o1_0.status,
        o1_0.total_amount,
        o1_0.updated_at,
        u1_0.user_id,
        u1_0.email,
        u1_0.mobile_number,
        u1_0.password,
        u1_0.user_role,
        u1_0.username 
    from
        orders o1_0 
    join
        user u1_0 
            on u1_0.user_id=o1_0.user_id 
    where
        o1_0.order_id=?
2025-11-06 07:16:42 DEBUG SQL - 
    select
        p1_0.order_id,
        p1_1.product_id,
        p1_1.category,
        p1_1.created_at,
        p1_1.description,
        p1_1.name,
        p1_1.photo_image,
        p1_1.price,
        p1_1.stock,
        p1_1.updated_at,
        u1_0.user_id,
        u1_0.email,
        u1_0.mobile_number,
        u1_0.password,
        u1_0.user_role,
        u1_0.username 
    from
        order_products p1_0 
    join
        product p1_1 
            on p1_1.product_id=p1_0.product_id 
    left join
        user u1_0 
            on u1_0.user_id=p1_1.user_id 
    where
        p1_0.order_id=?
2025-11-06 07:16:42 DEBUG SQL - 
    update
        orders 
    set
        created_at=?,
        quantity=?,
        shipping_address=?,
        status=?,
        total_amount=?,
        updated_at=?,
        user_id=? 
    where
        order_id=?
2025-11-06 07:16:42 DEBUG SQL - 
    delete 
    from
        order_products 
    where
        order_id=?
2025-11-06 07:16:42 DEBUG SQL - 
    insert 
    into
        order_products
        (order_id, product_id) 
    values
        (?, ?)
2025-11-06 07:17:34 DEBUG SQL - 
    select
        u1_0.user_id,
        u1_0.email,
        u1_0.mobile_number,
        u1_0.password,
        u1_0.user_role,
        u1_0.username 
    from
        user u1_0 
    where
        u1_0.username=?
2025-11-06 07:17:34 DEBUG SQL - 
    select
        p1_0.product_id,
        p1_0.category,
        p1_0.created_at,
        p1_0.description,
        p1_0.name,
        p1_0.photo_image,
        p1_0.price,
        p1_0.stock,
        p1_0.updated_at,
        p1_0.user_id 
    from
        product p1_0
2025-11-06 07:17:34 DEBUG SQL - 
    select
        u1_0.user_id,
        u1_0.email,
        u1_0.mobile_number,
        u1_0.password,
        u1_0.user_role,
        u1_0.username 
    from
        user u1_0 
    where
        u1_0.user_id=?
2025-11-06 07:17:34 DEBUG SQL - 
    select
        u1_0.user_id,
        u1_0.email,
        u1_0.mobile_number,
        u1_0.password,
        u1_0.user_role,
        u1_0.username 
    from
        user u1_0 
    where
        u1_0.user_id=?
2025-11-06 07:17:50 DEBUG SQL - 
    select
        u1_0.user_id,
        u1_0.email,
        u1_0.mobile_number,
        u1_0.password,
        u1_0.user_role,
        u1_0.username 
    from
        user u1_0 
    where
        u1_0.username=?
2025-11-06 07:17:50 DEBUG SQL - 
    select
        o1_0.order_id,
        o1_0.created_at,
        o1_0.quantity,
        o1_0.shipping_address,
        o1_0.status,
        o1_0.total_amount,
        o1_0.updated_at,
        o1_0.user_id 
    from
        orders o1_0
2025-11-06 07:17:50 DEBUG SQL - 
    select
        u1_0.user_id,
        u1_0.email,
        u1_0.mobile_number,
        u1_0.password,
        u1_0.user_role,
        u1_0.username 
    from
        user u1_0 
    where
        u1_0.user_id=?
2025-11-06 07:17:50 DEBUG SQL - 
    select
        u1_0.user_id,
        u1_0.email,
        u1_0.mobile_number,
        u1_0.password,
        u1_0.user_role,
        u1_0.username 
    from
        user u1_0 
    where
        u1_0.user_id=?
2025-11-06 07:17:50 DEBUG SQL - 
    select
        u1_0.user_id,
        u1_0.email,
        u1_0.mobile_number,
        u1_0.password,
        u1_0.user_role,
        u1_0.username 
    from
        user u1_0 
    where
        u1_0.user_id=?
2025-11-06 07:17:50 DEBUG SQL - 
    select
        u1_0.user_id,
        u1_0.email,
        u1_0.mobile_number,
        u1_0.password,
        u1_0.user_role,
        u1_0.username 
    from
        user u1_0 
    where
        u1_0.user_id=?
2025-11-06 07:17:50 DEBUG SQL - 
    select
        p1_0.order_id,
        p1_1.product_id,
        p1_1.category,
        p1_1.created_at,
        p1_1.description,
        p1_1.name,
        p1_1.photo_image,
        p1_1.price,
        p1_1.stock,
        p1_1.updated_at,
        u1_0.user_id,
        u1_0.email,
        u1_0.mobile_number,
        u1_0.password,
        u1_0.user_role,
        u1_0.username 
    from
        order_products p1_0 
    join
        product p1_1 
            on p1_1.product_id=p1_0.product_id 
    left join
        user u1_0 
            on u1_0.user_id=p1_1.user_id 
    where
        p1_0.order_id=?
2025-11-06 07:17:50 DEBUG SQL - 
    select
        p1_0.order_id,
        p1_1.product_id,
        p1_1.category,
        p1_1.created_at,
        p1_1.description,
        p1_1.name,
        p1_1.photo_image,
        p1_1.price,
        p1_1.stock,
        p1_1.updated_at,
        u1_0.user_id,
        u1_0.email,
        u1_0.mobile_number,
        u1_0.password,
        u1_0.user_role,
        u1_0.username 
    from
        order_products p1_0 
    join
        product p1_1 
            on p1_1.product_id=p1_0.product_id 
    left join
        user u1_0 
            on u1_0.user_id=p1_1.user_id 
    where
        p1_0.order_id=?
2025-11-06 07:17:50 DEBUG SQL - 
    select
        p1_0.order_id,
        p1_1.product_id,
        p1_1.category,
        p1_1.created_at,
        p1_1.description,
        p1_1.name,
        p1_1.photo_image,
        p1_1.price,
        p1_1.stock,
        p1_1.updated_at,
        u1_0.user_id,
        u1_0.email,
        u1_0.mobile_number,
        u1_0.password,
        u1_0.user_role,
        u1_0.username 
    from
        order_products p1_0 
    join
        product p1_1 
            on p1_1.product_id=p1_0.product_id 
    left join
        user u1_0 
            on u1_0.user_id=p1_1.user_id 
    where
        p1_0.order_id=?
2025-11-06 07:17:50 DEBUG SQL - 
    select
        p1_0.order_id,
        p1_1.product_id,
        p1_1.category,
        p1_1.created_at,
        p1_1.description,
        p1_1.name,
        p1_1.photo_image,
        p1_1.price,
        p1_1.stock,
        p1_1.updated_at,
        u1_0.user_id,
        u1_0.email,
        u1_0.mobile_number,
        u1_0.password,
        u1_0.user_role,
        u1_0.username 
    from
        order_products p1_0 
    join
        product p1_1 
            on p1_1.product_id=p1_0.product_id 
    left join
        user u1_0 
            on u1_0.user_id=p1_1.user_id 
    where
        p1_0.order_id=?
2025-11-06 07:18:01 INFO  LocalContainerEntityManagerFactoryBean - Closing JPA EntityManagerFactory for persistence unit 'default'
2025-11-06 07:18:01 INFO  HikariDataSource - HikariPool-1 - Shutdown initiated...
2025-11-06 07:18:01 INFO  HikariDataSource - HikariPool-1 - Shutdown completed.
2025-11-06 07:22:48 INFO  Version - HV000001: Hibernate Validator 8.0.0.Final
2025-11-06 07:22:48 INFO  SpringappApplication - Starting SpringappApplication using Java 17.0.15 with PID 1176 (/home/coder/project/workspace/springapp/target/classes started by coder in /home/coder/project/workspace/springapp)
2025-11-06 07:22:48 INFO  SpringappApplication - No active profile set, falling back to 1 default profile: "default"
2025-11-06 07:22:48 INFO  ChangeableUrls - The Class-Path manifest attribute in /home/coder/.m2/repository/com/sun/xml/bind/jaxb-impl/4.0.1/jaxb-impl-4.0.1.jar referenced one or more files that do not exist: file:/home/coder/.m2/repository/com/sun/xml/bind/jaxb-impl/4.0.1/jaxb-core.jar,file:/home/coder/.m2/repository/com/sun/xml/bind/jaxb-impl/4.0.1/angus-activation.jar
2025-11-06 07:22:48 INFO  ChangeableUrls - The Class-Path manifest attribute in /home/coder/.m2/repository/com/sun/xml/bind/jaxb-core/4.0.1/jaxb-core-4.0.1.jar referenced one or more files that do not exist: file:/home/coder/.m2/repository/com/sun/xml/bind/jaxb-core/4.0.1/jakarta.activation-api.jar,file:/home/coder/.m2/repository/com/sun/xml/bind/jaxb-core/4.0.1/jakarta.xml.bind-api.jar
2025-11-06 07:22:48 INFO  DevToolsPropertyDefaultsPostProcessor - Devtools property defaults active! Set 'spring.devtools.add-properties' to 'false' to disable
2025-11-06 07:22:48 INFO  DevToolsPropertyDefaultsPostProcessor - For additional web related logging consider setting the 'logging.level.web' property to 'DEBUG'
2025-11-06 07:22:49 INFO  RepositoryConfigurationDelegate - Bootstrapping Spring Data JPA repositories in DEFAULT mode.
2025-11-06 07:22:49 INFO  RepositoryConfigurationDelegate - Finished Spring Data repository scanning in 44 ms. Found 4 JPA repository interfaces.
2025-11-06 07:22:49 INFO  PostProcessorRegistrationDelegate$BeanPostProcessorChecker - Bean 'org.springframework.ws.config.annotation.DelegatingWsConfiguration' of type [org.springframework.ws.config.annotation.DelegatingWsConfiguration$$SpringCGLIB$$0] is not eligible for getting processed by all BeanPostProcessors (for example: not eligible for auto-proxying)
2025-11-06 07:22:49 INFO  AnnotationActionEndpointMapping - Supporting [WS-Addressing August 2004, WS-Addressing 1.0]
2025-11-06 07:22:49 INFO  TomcatWebServer - Tomcat initialized with port(s): 8080 (http)
2025-11-06 07:22:49 INFO  Http11NioProtocol - Initializing ProtocolHandler ["http-nio-8080"]
2025-11-06 07:22:49 INFO  StandardService - Starting service [Tomcat]
2025-11-06 07:22:49 INFO  StandardEngine - Starting Servlet engine: [Apache Tomcat/10.1.4]
2025-11-06 07:22:49 INFO  [/] - Initializing Spring embedded WebApplicationContext
2025-11-06 07:22:49 INFO  ServletWebServerApplicationContext - Root WebApplicationContext: initialization completed in 1277 ms
2025-11-06 07:22:49 INFO  LogHelper - HHH000204: Processing PersistenceUnitInfo [name: default]
2025-11-06 07:22:49 INFO  Version - HHH000412: Hibernate ORM core version 6.1.6.Final
2025-11-06 07:22:50 WARN  deprecation - HHH90000021: Encountered deprecated setting [javax.persistence.sharedCache.mode], use [jakarta.persistence.sharedCache.mode] instead
2025-11-06 07:22:50 INFO  HikariDataSource - HikariPool-1 - Starting...
2025-11-06 07:22:50 INFO  HikariPool - HikariPool-1 - Added connection com.mysql.cj.jdbc.ConnectionImpl@7957b2b0
2025-11-06 07:22:50 INFO  HikariDataSource - HikariPool-1 - Start completed.
2025-11-06 07:22:50 INFO  SQL dialect - HHH000400: Using dialect: org.hibernate.dialect.MySQL8Dialect
2025-11-06 07:22:50 WARN  deprecation - HHH90000026: MySQL8Dialect has been deprecated; use org.hibernate.dialect.MySQLDialect instead
2025-11-06 07:22:50 INFO  JtaPlatformInitiator - HHH000490: Using JtaPlatform implementation: [org.hibernate.engine.transaction.jta.platform.internal.NoJtaPlatform]
2025-11-06 07:22:50 INFO  LocalContainerEntityManagerFactoryBean - Initialized JPA EntityManagerFactory for persistence unit 'default'
2025-11-06 07:22:51 WARN  JpaBaseConfiguration$JpaWebConfiguration - spring.jpa.open-in-view is enabled by default. Therefore, database queries may be performed during view rendering. Explicitly configure spring.jpa.open-in-view to disable this warning
2025-11-06 07:22:51 INFO  DefaultSecurityFilterChain - Will secure any request with [org.springframework.security.web.session.DisableEncodeUrlFilter@ff6dfdf, org.springframework.security.web.context.request.async.WebAsyncManagerIntegrationFilter@333f2378, org.springframework.security.web.context.SecurityContextHolderFilter@1e6308a9, org.springframework.security.web.header.HeaderWriterFilter@784553e7, org.springframework.web.filter.CorsFilter@44a0880, org.springframework.security.web.authentication.logout.LogoutFilter@7191788f, com.examly.springapp.config.JwtAuthenticationFilter@60f0030e, org.springframework.security.web.authentication.www.BasicAuthenticationFilter@247300d1, org.springframework.security.web.savedrequest.RequestCacheAwareFilter@12542530, org.springframework.security.web.servletapi.SecurityContextHolderAwareRequestFilter@bae9d84, org.springframework.security.web.authentication.AnonymousAuthenticationFilter@16e6ced9, org.springframework.security.web.session.SessionManagementFilter@5cabc964, org.springframework.security.web.access.ExceptionTranslationFilter@30504f4f, org.springframework.security.web.access.intercept.AuthorizationFilter@43fe1af7]
2025-11-06 07:22:52 INFO  OptionalLiveReloadServer - LiveReload server is running on port 35729
2025-11-06 07:22:52 INFO  Http11NioProtocol - Starting ProtocolHandler ["http-nio-8080"]
2025-11-06 07:22:52 INFO  TomcatWebServer - Tomcat started on port(s): 8080 (http) with context path ''
2025-11-06 07:22:52 INFO  SpringappApplication - Started SpringappApplication in 4.109 seconds (process running for 4.756)
2025-11-06 07:22:52 INFO  SpringappApplication - Application started successfully!
2025-11-06 07:22:57 INFO  [/] - Initializing Spring DispatcherServlet 'dispatcherServlet'
2025-11-06 07:22:57 INFO  DispatcherServlet - Initializing Servlet 'dispatcherServlet'
2025-11-06 07:22:57 INFO  DispatcherServlet - Completed initialization in 1 ms
2025-11-06 07:22:57 DEBUG SQL - 
    select
        u1_0.user_id,
        u1_0.email,
        u1_0.mobile_number,
        u1_0.password,
        u1_0.user_role,
        u1_0.username 
    from
        user u1_0 
    where
        u1_0.username=?
2025-11-06 07:22:57 DEBUG SQL - 
    select
        u1_0.user_id,
        u1_0.email,
        u1_0.mobile_number,
        u1_0.password,
        u1_0.user_role,
        u1_0.username 
    from
        user u1_0 
    where
        u1_0.username=?
2025-11-06 07:22:59 DEBUG SQL - 
    select
        u1_0.user_id,
        u1_0.email,
        u1_0.mobile_number,
        u1_0.password,
        u1_0.user_role,
        u1_0.username 
    from
        user u1_0 
    where
        u1_0.username=?
2025-11-06 07:22:59 DEBUG SQL - 
    select
        u1_0.user_id,
        u1_0.email,
        u1_0.mobile_number,
        u1_0.password,
        u1_0.user_role,
        u1_0.username 
    from
        user u1_0 
    where
        u1_0.username=?
2025-11-06 07:23:08 DEBUG SQL - 
    select
        u1_0.user_id,
        u1_0.email,
        u1_0.mobile_number,
        u1_0.password,
        u1_0.user_role,
        u1_0.username 
    from
        user u1_0 
    where
        u1_0.username=?
2025-11-06 07:23:08 DEBUG SQL - 
    select
        p1_0.product_id,
        p1_0.category,
        p1_0.created_at,
        p1_0.description,
        p1_0.name,
        p1_0.photo_image,
        p1_0.price,
        p1_0.stock,
        p1_0.updated_at,
        p1_0.user_id 
    from
        product p1_0
2025-11-06 07:23:08 DEBUG SQL - 
    select
        u1_0.user_id,
        u1_0.email,
        u1_0.mobile_number,
        u1_0.password,
        u1_0.user_role,
        u1_0.username 
    from
        user u1_0 
    where
        u1_0.user_id=?
2025-11-06 07:23:08 DEBUG SQL - 
    select
        u1_0.user_id,
        u1_0.email,
        u1_0.mobile_number,
        u1_0.password,
        u1_0.user_role,
        u1_0.username 
    from
        user u1_0 
    where
        u1_0.user_id=?
2025-11-06 07:23:58 INFO  LocalDevToolsAutoConfiguration$RestartingClassPathChangeChangedEventListener - Restarting due to 37 class path changes (0 additions, 37 deletions, 0 modifications)
2025-11-06 07:23:58 INFO  Http11NioProtocol - Pausing ProtocolHandler ["http-nio-8080"]
2025-11-06 07:23:58 INFO  StandardService - Stopping service [Tomcat]
2025-11-06 07:23:58 INFO  [/] - Destroying Spring FrameworkServlet 'dispatcherServlet'
2025-11-06 07:23:58 WARN  WebappClassLoaderBase - The web application [ROOT] appears to have started a thread named [HikariPool-1 housekeeper] but has failed to stop it. This is very likely to create a memory leak. Stack trace of thread:
 java.base@17.0.15/jdk.internal.misc.Unsafe.park(Native Method)
 java.base@17.0.15/java.util.concurrent.locks.LockSupport.parkNanos(LockSupport.java:252)
 java.base@17.0.15/java.util.concurrent.locks.AbstractQueuedSynchronizer$ConditionObject.awaitNanos(AbstractQueuedSynchronizer.java:1679)
 java.base@17.0.15/java.util.concurrent.ScheduledThreadPoolExecutor$DelayedWorkQueue.take(ScheduledThreadPoolExecutor.java:1182)
 java.base@17.0.15/java.util.concurrent.ScheduledThreadPoolExecutor$DelayedWorkQueue.take(ScheduledThreadPoolExecutor.java:899)
 java.base@17.0.15/java.util.concurrent.ThreadPoolExecutor.getTask(ThreadPoolExecutor.java:1062)
 java.base@17.0.15/java.util.concurrent.ThreadPoolExecutor.runWorker(ThreadPoolExecutor.java:1122)
 java.base@17.0.15/java.util.concurrent.ThreadPoolExecutor$Worker.run(ThreadPoolExecutor.java:635)
 java.base@17.0.15/java.lang.Thread.run(Thread.java:840)
2025-11-06 07:23:58 INFO  Http11NioProtocol - Stopping ProtocolHandler ["http-nio-8080"]
2025-11-06 07:23:58 INFO  Http11NioProtocol - Destroying ProtocolHandler ["http-nio-8080"]
2025-11-06 07:23:58 INFO  LocalContainerEntityManagerFactoryBean - Closing JPA EntityManagerFactory for persistence unit 'default'
2025-11-06 07:23:58 INFO  HikariDataSource - HikariPool-1 - Shutdown initiated...
2025-11-06 07:23:58 INFO  HikariDataSource - HikariPool-1 - Shutdown completed.
2025-11-06 07:24:01 INFO  SpringappApplication - Starting SpringappApplication using Java 17.0.15 with PID 1176 (/home/coder/project/workspace/springapp/target/classes started by coder in /home/coder/project/workspace/springapp)
2025-11-06 07:24:01 INFO  SpringappApplication - No active profile set, falling back to 1 default profile: "default"
2025-11-06 07:24:02 INFO  RepositoryConfigurationDelegate - Bootstrapping Spring Data JPA repositories in DEFAULT mode.
2025-11-06 07:24:02 INFO  RepositoryConfigurationDelegate - Finished Spring Data repository scanning in 51 ms. Found 4 JPA repository interfaces.
2025-11-06 07:24:02 INFO  PostProcessorRegistrationDelegate$BeanPostProcessorChecker - Bean 'org.springframework.ws.config.annotation.DelegatingWsConfiguration' of type [org.springframework.ws.config.annotation.DelegatingWsConfiguration$$SpringCGLIB$$0] is not eligible for getting processed by all BeanPostProcessors (for example: not eligible for auto-proxying)
2025-11-06 07:24:02 INFO  AnnotationActionEndpointMapping - Supporting [WS-Addressing August 2004, WS-Addressing 1.0]
2025-11-06 07:24:02 INFO  TomcatWebServer - Tomcat initialized with port(s): 8080 (http)
2025-11-06 07:24:02 INFO  Http11NioProtocol - Initializing ProtocolHandler ["http-nio-8080"]
2025-11-06 07:24:02 INFO  StandardService - Starting service [Tomcat]
2025-11-06 07:24:02 INFO  StandardEngine - Starting Servlet engine: [Apache Tomcat/10.1.4]
2025-11-06 07:24:02 INFO  [/] - Initializing Spring embedded WebApplicationContext
2025-11-06 07:24:02 INFO  ServletWebServerApplicationContext - Root WebApplicationContext: initialization completed in 924 ms
2025-11-06 07:24:02 INFO  LogHelper - HHH000204: Processing PersistenceUnitInfo [name: default]
2025-11-06 07:24:02 WARN  deprecation - HHH90000021: Encountered deprecated setting [javax.persistence.sharedCache.mode], use [jakarta.persistence.sharedCache.mode] instead
2025-11-06 07:24:02 INFO  HikariDataSource - HikariPool-2 - Starting...
2025-11-06 07:24:02 INFO  HikariPool - HikariPool-2 - Added connection com.mysql.cj.jdbc.ConnectionImpl@6849d6bd
2025-11-06 07:24:02 INFO  HikariDataSource - HikariPool-2 - Start completed.
2025-11-06 07:24:02 INFO  SQL dialect - HHH000400: Using dialect: org.hibernate.dialect.MySQL8Dialect
2025-11-06 07:24:02 WARN  deprecation - HHH90000026: MySQL8Dialect has been deprecated; use org.hibernate.dialect.MySQLDialect instead
2025-11-06 07:24:03 INFO  JtaPlatformInitiator - HHH000490: Using JtaPlatform implementation: [org.hibernate.engine.transaction.jta.platform.internal.NoJtaPlatform]
2025-11-06 07:24:03 INFO  LocalContainerEntityManagerFactoryBean - Initialized JPA EntityManagerFactory for persistence unit 'default'
2025-11-06 07:24:03 WARN  JpaBaseConfiguration$JpaWebConfiguration - spring.jpa.open-in-view is enabled by default. Therefore, database queries may be performed during view rendering. Explicitly configure spring.jpa.open-in-view to disable this warning
2025-11-06 07:24:03 INFO  DefaultSecurityFilterChain - Will secure any request with [org.springframework.security.web.session.DisableEncodeUrlFilter@22637963, org.springframework.security.web.context.request.async.WebAsyncManagerIntegrationFilter@6b533322, org.springframework.security.web.context.SecurityContextHolderFilter@1afdd82c, org.springframework.security.web.header.HeaderWriterFilter@eecf524, org.springframework.web.filter.CorsFilter@3e4c6720, org.springframework.security.web.authentication.logout.LogoutFilter@7e519b73, com.examly.springapp.config.JwtAuthenticationFilter@3d8b97e7, org.springframework.security.web.authentication.www.BasicAuthenticationFilter@57081358, org.springframework.security.web.savedrequest.RequestCacheAwareFilter@3982d543, org.springframework.security.web.servletapi.SecurityContextHolderAwareRequestFilter@502e4282, org.springframework.security.web.authentication.AnonymousAuthenticationFilter@29493162, org.springframework.security.web.session.SessionManagementFilter@55b1eb88, org.springframework.security.web.access.ExceptionTranslationFilter@794b52f2, org.springframework.security.web.access.intercept.AuthorizationFilter@5f915b6b]
2025-11-06 07:24:03 INFO  OptionalLiveReloadServer - LiveReload server is running on port 35729
2025-11-06 07:24:03 INFO  Http11NioProtocol - Starting ProtocolHandler ["http-nio-8080"]
2025-11-06 07:24:03 INFO  TomcatWebServer - Tomcat started on port(s): 8080 (http) with context path ''
2025-11-06 07:24:03 INFO  SpringappApplication - Started SpringappApplication in 2.455 seconds (process running for 76.401)
2025-11-06 07:24:03 INFO  ConditionEvaluationDeltaLoggingListener - Condition evaluation unchanged
2025-11-06 07:24:03 INFO  SpringappApplication - Application started successfully!
2025-11-06 07:24:37 INFO  [/] - Initializing Spring DispatcherServlet 'dispatcherServlet'
2025-11-06 07:24:37 INFO  DispatcherServlet - Initializing Servlet 'dispatcherServlet'
2025-11-06 07:24:37 INFO  DispatcherServlet - Completed initialization in 1 ms
2025-11-06 07:24:37 DEBUG SQL - 
    select
        u1_0.user_id,
        u1_0.email,
        u1_0.mobile_number,
        u1_0.password,
        u1_0.user_role,
        u1_0.username 
    from
        user u1_0 
    where
        u1_0.username=?
2025-11-06 07:24:37 DEBUG SQL - 
    select
        u1_0.user_id,
        u1_0.email,
        u1_0.mobile_number,
        u1_0.password,
        u1_0.user_role,
        u1_0.username 
    from
        user u1_0 
    where
        u1_0.user_id=?
2025-11-06 07:24:37 DEBUG SQL - 
    select
        o1_0.order_id,
        o1_0.created_at,
        o1_0.quantity,
        o1_0.shipping_address,
        o1_0.status,
        o1_0.total_amount,
        o1_0.updated_at,
        o1_0.user_id 
    from
        orders o1_0 
    where
        o1_0.user_id=?
2025-11-06 07:24:37 DEBUG SQL - 
    select
        p1_0.order_id,
        p1_1.product_id,
        p1_1.category,
        p1_1.created_at,
        p1_1.description,
        p1_1.name,
        p1_1.photo_image,
        p1_1.price,
        p1_1.stock,
        p1_1.updated_at,
        u1_0.user_id,
        u1_0.email,
        u1_0.mobile_number,
        u1_0.password,
        u1_0.user_role,
        u1_0.username 
    from
        order_products p1_0 
    join
        product p1_1 
            on p1_1.product_id=p1_0.product_id 
    left join
        user u1_0 
            on u1_0.user_id=p1_1.user_id 
    where
        p1_0.order_id=?
2025-11-06 07:24:38 DEBUG SQL - 
    select
        u1_0.user_id,
        u1_0.email,
        u1_0.mobile_number,
        u1_0.password,
        u1_0.user_role,
        u1_0.username 
    from
        user u1_0 
    where
        u1_0.username=?
2025-11-06 07:24:38 DEBUG SQL - 
    select
        p1_0.product_id,
        p1_0.category,
        p1_0.created_at,
        p1_0.description,
        p1_0.name,
        p1_0.photo_image,
        p1_0.price,
        p1_0.stock,
        p1_0.updated_at,
        u1_0.user_id,
        u1_0.email,
        u1_0.mobile_number,
        u1_0.password,
        u1_0.user_role,
        u1_0.username 
    from
        product p1_0 
    left join
        user u1_0 
            on u1_0.user_id=p1_0.user_id 
    where
        p1_0.product_id=?
2025-11-06 07:26:10 DEBUG SQL - 
    select
        u1_0.user_id,
        u1_0.email,
        u1_0.mobile_number,
        u1_0.password,
        u1_0.user_role,
        u1_0.username 
    from
        user u1_0 
    where
        u1_0.username=?
2025-11-06 07:26:10 DEBUG SQL - 
    select
        p1_0.product_id,
        p1_0.category,
        p1_0.created_at,
        p1_0.description,
        p1_0.name,
        p1_0.photo_image,
        p1_0.price,
        p1_0.stock,
        p1_0.updated_at,
        p1_0.user_id 
    from
        product p1_0
2025-11-06 07:26:10 DEBUG SQL - 
    select
        u1_0.user_id,
        u1_0.email,
        u1_0.mobile_number,
        u1_0.password,
        u1_0.user_role,
        u1_0.username 
    from
        user u1_0 
    where
        u1_0.user_id=?
2025-11-06 07:26:10 DEBUG SQL - 
    select
        u1_0.user_id,
        u1_0.email,
        u1_0.mobile_number,
        u1_0.password,
        u1_0.user_role,
        u1_0.username 
    from
        user u1_0 
    where
        u1_0.user_id=?
2025-11-06 07:26:34 DEBUG SQL - 
    select
        u1_0.user_id,
        u1_0.email,
        u1_0.mobile_number,
        u1_0.password,
        u1_0.user_role,
        u1_0.username 
    from
        user u1_0 
    where
        u1_0.username=?
2025-11-06 07:26:34 DEBUG SQL - 
    select
        o1_0.order_id,
        o1_0.created_at,
        o1_0.quantity,
        o1_0.shipping_address,
        o1_0.status,
        o1_0.total_amount,
        o1_0.updated_at,
        o1_0.user_id 
    from
        orders o1_0
2025-11-06 07:26:34 DEBUG SQL - 
    select
        u1_0.user_id,
        u1_0.email,
        u1_0.mobile_number,
        u1_0.password,
        u1_0.user_role,
        u1_0.username 
    from
        user u1_0 
    where
        u1_0.user_id=?
2025-11-06 07:26:34 DEBUG SQL - 
    select
        u1_0.user_id,
        u1_0.email,
        u1_0.mobile_number,
        u1_0.password,
        u1_0.user_role,
        u1_0.username 
    from
        user u1_0 
    where
        u1_0.user_id=?
2025-11-06 07:26:34 DEBUG SQL - 
    select
        u1_0.user_id,
        u1_0.email,
        u1_0.mobile_number,
        u1_0.password,
        u1_0.user_role,
        u1_0.username 
    from
        user u1_0 
    where
        u1_0.user_id=?
2025-11-06 07:26:34 DEBUG SQL - 
    select
        u1_0.user_id,
        u1_0.email,
        u1_0.mobile_number,
        u1_0.password,
        u1_0.user_role,
        u1_0.username 
    from
        user u1_0 
    where
        u1_0.user_id=?
2025-11-06 07:26:34 DEBUG SQL - 
    select
        p1_0.order_id,
        p1_1.product_id,
        p1_1.category,
        p1_1.created_at,
        p1_1.description,
        p1_1.name,
        p1_1.photo_image,
        p1_1.price,
        p1_1.stock,
        p1_1.updated_at,
        u1_0.user_id,
        u1_0.email,
        u1_0.mobile_number,
        u1_0.password,
        u1_0.user_role,
        u1_0.username 
    from
        order_products p1_0 
    join
        product p1_1 
            on p1_1.product_id=p1_0.product_id 
    left join
        user u1_0 
            on u1_0.user_id=p1_1.user_id 
    where
        p1_0.order_id=?
2025-11-06 07:26:34 DEBUG SQL - 
    select
        p1_0.order_id,
        p1_1.product_id,
        p1_1.category,
        p1_1.created_at,
        p1_1.description,
        p1_1.name,
        p1_1.photo_image,
        p1_1.price,
        p1_1.stock,
        p1_1.updated_at,
        u1_0.user_id,
        u1_0.email,
        u1_0.mobile_number,
        u1_0.password,
        u1_0.user_role,
        u1_0.username 
    from
        order_products p1_0 
    join
        product p1_1 
            on p1_1.product_id=p1_0.product_id 
    left join
        user u1_0 
            on u1_0.user_id=p1_1.user_id 
    where
        p1_0.order_id=?
2025-11-06 07:26:34 DEBUG SQL - 
    select
        p1_0.order_id,
        p1_1.product_id,
        p1_1.category,
        p1_1.created_at,
        p1_1.description,
        p1_1.name,
        p1_1.photo_image,
        p1_1.price,
        p1_1.stock,
        p1_1.updated_at,
        u1_0.user_id,
        u1_0.email,
        u1_0.mobile_number,
        u1_0.password,
        u1_0.user_role,
        u1_0.username 
    from
        order_products p1_0 
    join
        product p1_1 
            on p1_1.product_id=p1_0.product_id 
    left join
        user u1_0 
            on u1_0.user_id=p1_1.user_id 
    where
        p1_0.order_id=?
2025-11-06 07:26:34 DEBUG SQL - 
    select
        p1_0.order_id,
        p1_1.product_id,
        p1_1.category,
        p1_1.created_at,
        p1_1.description,
        p1_1.name,
        p1_1.photo_image,
        p1_1.price,
        p1_1.stock,
        p1_1.updated_at,
        u1_0.user_id,
        u1_0.email,
        u1_0.mobile_number,
        u1_0.password,
        u1_0.user_role,
        u1_0.username 
    from
        order_products p1_0 
    join
        product p1_1 
            on p1_1.product_id=p1_0.product_id 
    left join
        user u1_0 
            on u1_0.user_id=p1_1.user_id 
    where
        p1_0.order_id=?
2025-11-06 07:26:43 DEBUG SQL - 
    select
        u1_0.user_id,
        u1_0.email,
        u1_0.mobile_number,
        u1_0.password,
        u1_0.user_role,
        u1_0.username 
    from
        user u1_0 
    where
        u1_0.username=?
2025-11-06 07:26:43 DEBUG SQL - 
    select
        o1_0.order_id,
        o1_0.created_at,
        o1_0.quantity,
        o1_0.shipping_address,
        o1_0.status,
        o1_0.total_amount,
        o1_0.updated_at,
        o1_0.user_id 
    from
        orders o1_0
2025-11-06 07:26:43 DEBUG SQL - 
    select
        u1_0.user_id,
        u1_0.email,
        u1_0.mobile_number,
        u1_0.password,
        u1_0.user_role,
        u1_0.username 
    from
        user u1_0 
    where
        u1_0.user_id=?
2025-11-06 07:26:43 DEBUG SQL - 
    select
        u1_0.user_id,
        u1_0.email,
        u1_0.mobile_number,
        u1_0.password,
        u1_0.user_role,
        u1_0.username 
    from
        user u1_0 
    where
        u1_0.user_id=?
2025-11-06 07:26:43 DEBUG SQL - 
    select
        u1_0.user_id,
        u1_0.email,
        u1_0.mobile_number,
        u1_0.password,
        u1_0.user_role,
        u1_0.username 
    from
        user u1_0 
    where
        u1_0.user_id=?
2025-11-06 07:26:43 DEBUG SQL - 
    select
        u1_0.user_id,
        u1_0.email,
        u1_0.mobile_number,
        u1_0.password,
        u1_0.user_role,
        u1_0.username 
    from
        user u1_0 
    where
        u1_0.user_id=?
2025-11-06 07:26:43 DEBUG SQL - 
    select
        p1_0.order_id,
        p1_1.product_id,
        p1_1.category,
        p1_1.created_at,
        p1_1.description,
        p1_1.name,
        p1_1.photo_image,
        p1_1.price,
        p1_1.stock,
        p1_1.updated_at,
        u1_0.user_id,
        u1_0.email,
        u1_0.mobile_number,
        u1_0.password,
        u1_0.user_role,
        u1_0.username 
    from
        order_products p1_0 
    join
        product p1_1 
            on p1_1.product_id=p1_0.product_id 
    left join
        user u1_0 
            on u1_0.user_id=p1_1.user_id 
    where
        p1_0.order_id=?
2025-11-06 07:26:43 DEBUG SQL - 
    select
        p1_0.order_id,
        p1_1.product_id,
        p1_1.category,
        p1_1.created_at,
        p1_1.description,
        p1_1.name,
        p1_1.photo_image,
        p1_1.price,
        p1_1.stock,
        p1_1.updated_at,
        u1_0.user_id,
        u1_0.email,
        u1_0.mobile_number,
        u1_0.password,
        u1_0.user_role,
        u1_0.username 
    from
        order_products p1_0 
    join
        product p1_1 
            on p1_1.product_id=p1_0.product_id 
    left join
        user u1_0 
            on u1_0.user_id=p1_1.user_id 
    where
        p1_0.order_id=?
2025-11-06 07:26:43 DEBUG SQL - 
    select
        p1_0.order_id,
        p1_1.product_id,
        p1_1.category,
        p1_1.created_at,
        p1_1.description,
        p1_1.name,
        p1_1.photo_image,
        p1_1.price,
        p1_1.stock,
        p1_1.updated_at,
        u1_0.user_id,
        u1_0.email,
        u1_0.mobile_number,
        u1_0.password,
        u1_0.user_role,
        u1_0.username 
    from
        order_products p1_0 
    join
        product p1_1 
            on p1_1.product_id=p1_0.product_id 
    left join
        user u1_0 
            on u1_0.user_id=p1_1.user_id 
    where
        p1_0.order_id=?
2025-11-06 07:26:43 DEBUG SQL - 
    select
        p1_0.order_id,
        p1_1.product_id,
        p1_1.category,
        p1_1.created_at,
        p1_1.description,
        p1_1.name,
        p1_1.photo_image,
        p1_1.price,
        p1_1.stock,
        p1_1.updated_at,
        u1_0.user_id,
        u1_0.email,
        u1_0.mobile_number,
        u1_0.password,
        u1_0.user_role,
        u1_0.username 
    from
        order_products p1_0 
    join
        product p1_1 
            on p1_1.product_id=p1_0.product_id 
    left join
        user u1_0 
            on u1_0.user_id=p1_1.user_id 
    where
        p1_0.order_id=?
2025-11-06 07:26:48 DEBUG SQL - 
    select
        u1_0.user_id,
        u1_0.email,
        u1_0.mobile_number,
        u1_0.password,
        u1_0.user_role,
        u1_0.username 
    from
        user u1_0 
    where
        u1_0.username=?
2025-11-06 07:26:48 DEBUG SQL - 
    select
        p1_0.product_id,
        p1_0.category,
        p1_0.created_at,
        p1_0.description,
        p1_0.name,
        p1_0.photo_image,
        p1_0.price,
        p1_0.stock,
        p1_0.updated_at,
        p1_0.user_id 
    from
        product p1_0
2025-11-06 07:26:48 DEBUG SQL - 
    select
        u1_0.user_id,
        u1_0.email,
        u1_0.mobile_number,
        u1_0.password,
        u1_0.user_role,
        u1_0.username 
    from
        user u1_0 
    where
        u1_0.user_id=?
2025-11-06 07:26:48 DEBUG SQL - 
    select
        u1_0.user_id,
        u1_0.email,
        u1_0.mobile_number,
        u1_0.password,
        u1_0.user_role,
        u1_0.username 
    from
        user u1_0 
    where
        u1_0.user_id=?
2025-11-06 07:26:51 DEBUG SQL - 
    select
        u1_0.user_id,
        u1_0.email,
        u1_0.mobile_number,
        u1_0.password,
        u1_0.user_role,
        u1_0.username 
    from
        user u1_0 
    where
        u1_0.username=?
2025-11-06 07:26:51 INFO  OrderController - Update  order Method Called
2025-11-06 07:26:51 DEBUG SQL - 
    select
        o1_0.order_id,
        o1_0.created_at,
        o1_0.quantity,
        o1_0.shipping_address,
        o1_0.status,
        o1_0.total_amount,
        o1_0.updated_at,
        u1_0.user_id,
        u1_0.email,
        u1_0.mobile_number,
        u1_0.password,
        u1_0.user_role,
        u1_0.username 
    from
        orders o1_0 
    join
        user u1_0 
            on u1_0.user_id=o1_0.user_id 
    where
        o1_0.order_id=?
2025-11-06 07:26:51 DEBUG SQL - 
    select
        p1_0.order_id,
        p1_1.product_id,
        p1_1.category,
        p1_1.created_at,
        p1_1.description,
        p1_1.name,
        p1_1.photo_image,
        p1_1.price,
        p1_1.stock,
        p1_1.updated_at,
        u1_0.user_id,
        u1_0.email,
        u1_0.mobile_number,
        u1_0.password,
        u1_0.user_role,
        u1_0.username 
    from
        order_products p1_0 
    join
        product p1_1 
            on p1_1.product_id=p1_0.product_id 
    left join
        user u1_0 
            on u1_0.user_id=p1_1.user_id 
    where
        p1_0.order_id=?
2025-11-06 07:26:51 DEBUG SQL - 
    update
        orders 
    set
        created_at=?,
        quantity=?,
        shipping_address=?,
        status=?,
        total_amount=?,
        updated_at=?,
        user_id=? 
    where
        order_id=?
2025-11-06 07:26:51 DEBUG SQL - 
    delete 
    from
        order_products 
    where
        order_id=?
2025-11-06 07:26:51 DEBUG SQL - 
    insert 
    into
        order_products
        (order_id, product_id) 
    values
        (?, ?)
2025-11-06 07:28:58 DEBUG SQL - 
    select
        u1_0.user_id,
        u1_0.email,
        u1_0.mobile_number,
        u1_0.password,
        u1_0.user_role,
        u1_0.username 
    from
        user u1_0 
    where
        u1_0.username=?
2025-11-06 07:28:58 DEBUG SQL - 
    select
        p1_0.product_id,
        p1_0.category,
        p1_0.created_at,
        p1_0.description,
        p1_0.name,
        p1_0.photo_image,
        p1_0.price,
        p1_0.stock,
        p1_0.updated_at,
        p1_0.user_id 
    from
        product p1_0
2025-11-06 07:28:58 DEBUG SQL - 
    select
        u1_0.user_id,
        u1_0.email,
        u1_0.mobile_number,
        u1_0.password,
        u1_0.user_role,
        u1_0.username 
    from
        user u1_0 
    where
        u1_0.user_id=?
2025-11-06 07:28:58 DEBUG SQL - 
    select
        u1_0.user_id,
        u1_0.email,
        u1_0.mobile_number,
        u1_0.password,
        u1_0.user_role,
        u1_0.username 
    from
        user u1_0 
    where
        u1_0.user_id=?
2025-11-06 07:31:09 DEBUG SQL - 
    select
        u1_0.user_id,
        u1_0.email,
        u1_0.mobile_number,
        u1_0.password,
        u1_0.user_role,
        u1_0.username 
    from
        user u1_0 
    where
        u1_0.username=?
2025-11-06 07:31:09 DEBUG SQL - 
    select
        o1_0.order_id,
        o1_0.created_at,
        o1_0.quantity,
        o1_0.shipping_address,
        o1_0.status,
        o1_0.total_amount,
        o1_0.updated_at,
        o1_0.user_id 
    from
        orders o1_0
2025-11-06 07:31:09 DEBUG SQL - 
    select
        u1_0.user_id,
        u1_0.email,
        u1_0.mobile_number,
        u1_0.password,
        u1_0.user_role,
        u1_0.username 
    from
        user u1_0 
    where
        u1_0.user_id=?
2025-11-06 07:31:09 DEBUG SQL - 
    select
        u1_0.user_id,
        u1_0.email,
        u1_0.mobile_number,
        u1_0.password,
        u1_0.user_role,
        u1_0.username 
    from
        user u1_0 
    where
        u1_0.user_id=?
2025-11-06 07:31:09 DEBUG SQL - 
    select
        u1_0.user_id,
        u1_0.email,
        u1_0.mobile_number,
        u1_0.password,
        u1_0.user_role,
        u1_0.username 
    from
        user u1_0 
    where
        u1_0.user_id=?
2025-11-06 07:31:09 DEBUG SQL - 
    select
        u1_0.user_id,
        u1_0.email,
        u1_0.mobile_number,
        u1_0.password,
        u1_0.user_role,
        u1_0.username 
    from
        user u1_0 
    where
        u1_0.user_id=?
2025-11-06 07:31:09 DEBUG SQL - 
    select
        p1_0.order_id,
        p1_1.product_id,
        p1_1.category,
        p1_1.created_at,
        p1_1.description,
        p1_1.name,
        p1_1.photo_image,
        p1_1.price,
        p1_1.stock,
        p1_1.updated_at,
        u1_0.user_id,
        u1_0.email,
        u1_0.mobile_number,
        u1_0.password,
        u1_0.user_role,
        u1_0.username 
    from
        order_products p1_0 
    join
        product p1_1 
            on p1_1.product_id=p1_0.product_id 
    left join
        user u1_0 
            on u1_0.user_id=p1_1.user_id 
    where
        p1_0.order_id=?
2025-11-06 07:31:09 DEBUG SQL - 
    select
        p1_0.order_id,
        p1_1.product_id,
        p1_1.category,
        p1_1.created_at,
        p1_1.description,
        p1_1.name,
        p1_1.photo_image,
        p1_1.price,
        p1_1.stock,
        p1_1.updated_at,
        u1_0.user_id,
        u1_0.email,
        u1_0.mobile_number,
        u1_0.password,
        u1_0.user_role,
        u1_0.username 
    from
        order_products p1_0 
    join
        product p1_1 
            on p1_1.product_id=p1_0.product_id 
    left join
        user u1_0 
            on u1_0.user_id=p1_1.user_id 
    where
        p1_0.order_id=?
2025-11-06 07:31:09 DEBUG SQL - 
    select
        p1_0.order_id,
        p1_1.product_id,
        p1_1.category,
        p1_1.created_at,
        p1_1.description,
        p1_1.name,
        p1_1.photo_image,
        p1_1.price,
        p1_1.stock,
        p1_1.updated_at,
        u1_0.user_id,
        u1_0.email,
        u1_0.mobile_number,
        u1_0.password,
        u1_0.user_role,
        u1_0.username 
    from
        order_products p1_0 
    join
        product p1_1 
            on p1_1.product_id=p1_0.product_id 
    left join
        user u1_0 
            on u1_0.user_id=p1_1.user_id 
    where
        p1_0.order_id=?
2025-11-06 07:31:09 DEBUG SQL - 
    select
        p1_0.order_id,
        p1_1.product_id,
        p1_1.category,
        p1_1.created_at,
        p1_1.description,
        p1_1.name,
        p1_1.photo_image,
        p1_1.price,
        p1_1.stock,
        p1_1.updated_at,
        u1_0.user_id,
        u1_0.email,
        u1_0.mobile_number,
        u1_0.password,
        u1_0.user_role,
        u1_0.username 
    from
        order_products p1_0 
    join
        product p1_1 
            on p1_1.product_id=p1_0.product_id 
    left join
        user u1_0 
            on u1_0.user_id=p1_1.user_id 
    where
        p1_0.order_id=?
2025-11-06 07:31:10 DEBUG SQL - 
    select
        u1_0.user_id,
        u1_0.email,
        u1_0.mobile_number,
        u1_0.password,
        u1_0.user_role,
        u1_0.username 
    from
        user u1_0 
    where
        u1_0.username=?
2025-11-06 07:31:10 DEBUG SQL - 
    select
        p1_0.product_id,
        p1_0.category,
        p1_0.created_at,
        p1_0.description,
        p1_0.name,
        p1_0.photo_image,
        p1_0.price,
        p1_0.stock,
        p1_0.updated_at,
        p1_0.user_id 
    from
        product p1_0
2025-11-06 07:31:10 DEBUG SQL - 
    select
        u1_0.user_id,
        u1_0.email,
        u1_0.mobile_number,
        u1_0.password,
        u1_0.user_role,
        u1_0.username 
    from
        user u1_0 
    where
        u1_0.user_id=?
2025-11-06 07:31:10 DEBUG SQL - 
    select
        u1_0.user_id,
        u1_0.email,
        u1_0.mobile_number,
        u1_0.password,
        u1_0.user_role,
        u1_0.username 
    from
        user u1_0 
    where
        u1_0.user_id=?
2025-11-06 07:33:15 DEBUG SQL - 
    select
        u1_0.user_id,
        u1_0.email,
        u1_0.mobile_number,
        u1_0.password,
        u1_0.user_role,
        u1_0.username 
    from
        user u1_0 
    where
        u1_0.username=?
2025-11-06 07:33:15 DEBUG SQL - 
    select
        p1_0.product_id,
        p1_0.category,
        p1_0.created_at,
        p1_0.description,
        p1_0.name,
        p1_0.photo_image,
        p1_0.price,
        p1_0.stock,
        p1_0.updated_at,
        p1_0.user_id 
    from
        product p1_0
2025-11-06 07:33:15 DEBUG SQL - 
    select
        u1_0.user_id,
        u1_0.email,
        u1_0.mobile_number,
        u1_0.password,
        u1_0.user_role,
        u1_0.username 
    from
        user u1_0 
    where
        u1_0.user_id=?
2025-11-06 07:33:15 DEBUG SQL - 
    select
        u1_0.user_id,
        u1_0.email,
        u1_0.mobile_number,
        u1_0.password,
        u1_0.user_role,
        u1_0.username 
    from
        user u1_0 
    where
        u1_0.user_id=?
2025-11-06 07:36:45 ERROR [dispatcherServlet] - Servlet.service() for servlet [dispatcherServlet] in context with path [] threw exception
io.jsonwebtoken.ExpiredJwtException: JWT expired at 2025-11-06T07:18:21Z. Current time: 2025-11-06T07:36:45Z, a difference of 1104768 milliseconds.  Allowed clock skew: 0 milliseconds.
	at io.jsonwebtoken.impl.DefaultJwtParser.parse(DefaultJwtParser.java:427) ~[jjwt-impl-0.11.5.jar:0.11.5]
	at io.jsonwebtoken.impl.DefaultJwtParser.parse(DefaultJwtParser.java:529) ~[jjwt-impl-0.11.5.jar:0.11.5]
	at io.jsonwebtoken.impl.DefaultJwtParser.parseClaimsJws(DefaultJwtParser.java:589) ~[jjwt-impl-0.11.5.jar:0.11.5]
	at io.jsonwebtoken.impl.ImmutableJwtParser.parseClaimsJws(ImmutableJwtParser.java:173) ~[jjwt-impl-0.11.5.jar:0.11.5]
	at com.examly.springapp.config.JwtUtils.extractAllClaims(JwtUtils.java:28) ~[classes/:?]
	at com.examly.springapp.config.JwtUtils.extractClaim(JwtUtils.java:33) ~[classes/:?]
	at com.examly.springapp.config.JwtUtils.extractUsername(JwtUtils.java:38) ~[classes/:?]
	at com.examly.springapp.config.JwtAuthenticationFilter.doFilterInternal(JwtAuthenticationFilter.java:45) ~[classes/:?]
	at org.springframework.web.filter.OncePerRequestFilter.doFilter(OncePerRequestFilter.java:116) ~[spring-web-6.0.3.jar:6.0.3]
	at org.springframework.security.web.FilterChainProxy$VirtualFilterChain.doFilter(FilterChainProxy.java:374) ~[spring-security-web-6.0.1.jar:6.0.1]
	at org.springframework.security.web.authentication.logout.LogoutFilter.doFilter(LogoutFilter.java:107) ~[spring-security-web-6.0.1.jar:6.0.1]
	at org.springframework.security.web.authentication.logout.LogoutFilter.doFilter(LogoutFilter.java:93) ~[spring-security-web-6.0.1.jar:6.0.1]
	at org.springframework.security.web.FilterChainProxy$VirtualFilterChain.doFilter(FilterChainProxy.java:374) ~[spring-security-web-6.0.1.jar:6.0.1]
	at org.springframework.web.filter.CorsFilter.doFilterInternal(CorsFilter.java:91) ~[spring-web-6.0.3.jar:6.0.3]
	at org.springframework.web.filter.OncePerRequestFilter.doFilter(OncePerRequestFilter.java:116) ~[spring-web-6.0.3.jar:6.0.3]
	at org.springframework.security.web.FilterChainProxy$VirtualFilterChain.doFilter(FilterChainProxy.java:374) ~[spring-security-web-6.0.1.jar:6.0.1]
	at org.springframework.security.web.header.HeaderWriterFilter.doHeadersAfter(HeaderWriterFilter.java:90) ~[spring-security-web-6.0.1.jar:6.0.1]
	at org.springframework.security.web.header.HeaderWriterFilter.doFilterInternal(HeaderWriterFilter.java:75) ~[spring-security-web-6.0.1.jar:6.0.1]
	at org.springframework.web.filter.OncePerRequestFilter.doFilter(OncePerRequestFilter.java:116) ~[spring-web-6.0.3.jar:6.0.3]
	at org.springframework.security.web.FilterChainProxy$VirtualFilterChain.doFilter(FilterChainProxy.java:374) ~[spring-security-web-6.0.1.jar:6.0.1]
	at org.springframework.security.web.context.SecurityContextHolderFilter.doFilter(SecurityContextHolderFilter.java:82) ~[spring-security-web-6.0.1.jar:6.0.1]
	at org.springframework.security.web.context.SecurityContextHolderFilter.doFilter(SecurityContextHolderFilter.java:69) ~[spring-security-web-6.0.1.jar:6.0.1]
	at org.springframework.security.web.FilterChainProxy$VirtualFilterChain.doFilter(FilterChainProxy.java:374) ~[spring-security-web-6.0.1.jar:6.0.1]
	at org.springframework.security.web.context.request.async.WebAsyncManagerIntegrationFilter.doFilterInternal(WebAsyncManagerIntegrationFilter.java:62) ~[spring-security-web-6.0.1.jar:6.0.1]
	at org.springframework.web.filter.OncePerRequestFilter.doFilter(OncePerRequestFilter.java:116) ~[spring-web-6.0.3.jar:6.0.3]
	at org.springframework.security.web.FilterChainProxy$VirtualFilterChain.doFilter(FilterChainProxy.java:374) ~[spring-security-web-6.0.1.jar:6.0.1]
	at org.springframework.security.web.session.DisableEncodeUrlFilter.doFilterInternal(DisableEncodeUrlFilter.java:42) ~[spring-security-web-6.0.1.jar:6.0.1]
	at org.springframework.web.filter.OncePerRequestFilter.doFilter(OncePerRequestFilter.java:116) ~[spring-web-6.0.3.jar:6.0.3]
	at org.springframework.security.web.FilterChainProxy$VirtualFilterChain.doFilter(FilterChainProxy.java:374) ~[spring-security-web-6.0.1.jar:6.0.1]
	at org.springframework.security.web.FilterChainProxy.doFilterInternal(FilterChainProxy.java:233) ~[spring-security-web-6.0.1.jar:6.0.1]
	at org.springframework.security.web.FilterChainProxy.doFilter(FilterChainProxy.java:191) ~[spring-security-web-6.0.1.jar:6.0.1]
	at org.springframework.web.filter.DelegatingFilterProxy.invokeDelegate(DelegatingFilterProxy.java:351) ~[spring-web-6.0.3.jar:6.0.3]
	at org.springframework.web.filter.DelegatingFilterProxy.doFilter(DelegatingFilterProxy.java:267) ~[spring-web-6.0.3.jar:6.0.3]
	at org.apache.catalina.core.ApplicationFilterChain.internalDoFilter(ApplicationFilterChain.java:185) ~[tomcat-embed-core-10.1.4.jar:10.1.4]
	at org.apache.catalina.core.ApplicationFilterChain.doFilter(ApplicationFilterChain.java:158) ~[tomcat-embed-core-10.1.4.jar:10.1.4]
	at org.springframework.web.filter.RequestContextFilter.doFilterInternal(RequestContextFilter.java:100) ~[spring-web-6.0.3.jar:6.0.3]
	at org.springframework.web.filter.OncePerRequestFilter.doFilter(OncePerRequestFilter.java:116) ~[spring-web-6.0.3.jar:6.0.3]
	at org.apache.catalina.core.ApplicationFilterChain.internalDoFilter(ApplicationFilterChain.java:185) ~[tomcat-embed-core-10.1.4.jar:10.1.4]
	at org.apache.catalina.core.ApplicationFilterChain.doFilter(ApplicationFilterChain.java:158) ~[tomcat-embed-core-10.1.4.jar:10.1.4]
	at org.springframework.web.filter.FormContentFilter.doFilterInternal(FormContentFilter.java:93) ~[spring-web-6.0.3.jar:6.0.3]
	at org.springframework.web.filter.OncePerRequestFilter.doFilter(OncePerRequestFilter.java:116) ~[spring-web-6.0.3.jar:6.0.3]
	at org.apache.catalina.core.ApplicationFilterChain.internalDoFilter(ApplicationFilterChain.java:185) ~[tomcat-embed-core-10.1.4.jar:10.1.4]
	at org.apache.catalina.core.ApplicationFilterChain.doFilter(ApplicationFilterChain.java:158) ~[tomcat-embed-core-10.1.4.jar:10.1.4]
	at org.springframework.web.filter.CharacterEncodingFilter.doFilterInternal(CharacterEncodingFilter.java:201) ~[spring-web-6.0.3.jar:6.0.3]
	at org.springframework.web.filter.OncePerRequestFilter.doFilter(OncePerRequestFilter.java:116) ~[spring-web-6.0.3.jar:6.0.3]
	at org.apache.catalina.core.ApplicationFilterChain.internalDoFilter(ApplicationFilterChain.java:185) ~[tomcat-embed-core-10.1.4.jar:10.1.4]
	at org.apache.catalina.core.ApplicationFilterChain.doFilter(ApplicationFilterChain.java:158) ~[tomcat-embed-core-10.1.4.jar:10.1.4]
	at org.apache.catalina.core.StandardWrapperValve.invoke(StandardWrapperValve.java:177) ~[tomcat-embed-core-10.1.4.jar:10.1.4]
	at org.apache.catalina.core.StandardContextValve.invoke(StandardContextValve.java:97) ~[tomcat-embed-core-10.1.4.jar:10.1.4]
	at org.apache.catalina.authenticator.AuthenticatorBase.invoke(AuthenticatorBase.java:542) ~[tomcat-embed-core-10.1.4.jar:10.1.4]
	at org.apache.catalina.core.StandardHostValve.invoke(StandardHostValve.java:119) ~[tomcat-embed-core-10.1.4.jar:10.1.4]
	at org.apache.catalina.valves.ErrorReportValve.invoke(ErrorReportValve.java:92) ~[tomcat-embed-core-10.1.4.jar:10.1.4]
	at org.apache.catalina.core.StandardEngineValve.invoke(StandardEngineValve.java:78) ~[tomcat-embed-core-10.1.4.jar:10.1.4]
	at org.apache.catalina.valves.RemoteIpValve.invoke(RemoteIpValve.java:741) ~[tomcat-embed-core-10.1.4.jar:10.1.4]
	at org.apache.catalina.connector.CoyoteAdapter.service(CoyoteAdapter.java:357) ~[tomcat-embed-core-10.1.4.jar:10.1.4]
	at org.apache.coyote.http11.Http11Processor.service(Http11Processor.java:400) ~[tomcat-embed-core-10.1.4.jar:10.1.4]
	at org.apache.coyote.AbstractProcessorLight.process(AbstractProcessorLight.java:65) ~[tomcat-embed-core-10.1.4.jar:10.1.4]
	at org.apache.coyote.AbstractProtocol$ConnectionHandler.process(AbstractProtocol.java:859) ~[tomcat-embed-core-10.1.4.jar:10.1.4]
	at org.apache.tomcat.util.net.NioEndpoint$SocketProcessor.doRun(NioEndpoint.java:1734) ~[tomcat-embed-core-10.1.4.jar:10.1.4]
	at org.apache.tomcat.util.net.SocketProcessorBase.run(SocketProcessorBase.java:52) ~[tomcat-embed-core-10.1.4.jar:10.1.4]
	at org.apache.tomcat.util.threads.ThreadPoolExecutor.runWorker(ThreadPoolExecutor.java:1191) ~[tomcat-embed-core-10.1.4.jar:10.1.4]
	at org.apache.tomcat.util.threads.ThreadPoolExecutor$Worker.run(ThreadPoolExecutor.java:659) ~[tomcat-embed-core-10.1.4.jar:10.1.4]
	at org.apache.tomcat.util.threads.TaskThread$WrappingRunnable.run(TaskThread.java:61) ~[tomcat-embed-core-10.1.4.jar:10.1.4]
	at java.lang.Thread.run(Thread.java:840) ~[?:?]
2025-11-06 07:36:45 DEBUG SQL - 
    select
        u1_0.user_id,
        u1_0.email,
        u1_0.mobile_number,
        u1_0.password,
        u1_0.user_role,
        u1_0.username 
    from
        user u1_0 
    where
        u1_0.username=?
2025-11-06 07:36:45 ERROR [dispatcherServlet] - Servlet.service() for servlet [dispatcherServlet] in context with path [] threw exception
org.springframework.security.core.userdetails.UsernameNotFoundException: Username does not exist
	at com.examly.springapp.config.MyUserDetailsService.loadUserByUsername(MyUserDetailsService.java:28) ~[classes/:?]
	at com.examly.springapp.config.JwtAuthenticationFilter.doFilterInternal(JwtAuthenticationFilter.java:49) ~[classes/:?]
	at org.springframework.web.filter.OncePerRequestFilter.doFilter(OncePerRequestFilter.java:116) ~[spring-web-6.0.3.jar:6.0.3]
	at org.springframework.security.web.FilterChainProxy$VirtualFilterChain.doFilter(FilterChainProxy.java:374) ~[spring-security-web-6.0.1.jar:6.0.1]
	at org.springframework.security.web.authentication.logout.LogoutFilter.doFilter(LogoutFilter.java:107) ~[spring-security-web-6.0.1.jar:6.0.1]
	at org.springframework.security.web.authentication.logout.LogoutFilter.doFilter(LogoutFilter.java:93) ~[spring-security-web-6.0.1.jar:6.0.1]
	at org.springframework.security.web.FilterChainProxy$VirtualFilterChain.doFilter(FilterChainProxy.java:374) ~[spring-security-web-6.0.1.jar:6.0.1]
	at org.springframework.web.filter.CorsFilter.doFilterInternal(CorsFilter.java:91) ~[spring-web-6.0.3.jar:6.0.3]
	at org.springframework.web.filter.OncePerRequestFilter.doFilter(OncePerRequestFilter.java:116) ~[spring-web-6.0.3.jar:6.0.3]
	at org.springframework.security.web.FilterChainProxy$VirtualFilterChain.doFilter(FilterChainProxy.java:374) ~[spring-security-web-6.0.1.jar:6.0.1]
	at org.springframework.security.web.header.HeaderWriterFilter.doHeadersAfter(HeaderWriterFilter.java:90) ~[spring-security-web-6.0.1.jar:6.0.1]
	at org.springframework.security.web.header.HeaderWriterFilter.doFilterInternal(HeaderWriterFilter.java:75) ~[spring-security-web-6.0.1.jar:6.0.1]
	at org.springframework.web.filter.OncePerRequestFilter.doFilter(OncePerRequestFilter.java:116) ~[spring-web-6.0.3.jar:6.0.3]
	at org.springframework.security.web.FilterChainProxy$VirtualFilterChain.doFilter(FilterChainProxy.java:374) ~[spring-security-web-6.0.1.jar:6.0.1]
	at org.springframework.security.web.context.SecurityContextHolderFilter.doFilter(SecurityContextHolderFilter.java:82) ~[spring-security-web-6.0.1.jar:6.0.1]
	at org.springframework.security.web.context.SecurityContextHolderFilter.doFilter(SecurityContextHolderFilter.java:69) ~[spring-security-web-6.0.1.jar:6.0.1]
	at org.springframework.security.web.FilterChainProxy$VirtualFilterChain.doFilter(FilterChainProxy.java:374) ~[spring-security-web-6.0.1.jar:6.0.1]
	at org.springframework.security.web.context.request.async.WebAsyncManagerIntegrationFilter.doFilterInternal(WebAsyncManagerIntegrationFilter.java:62) ~[spring-security-web-6.0.1.jar:6.0.1]
	at org.springframework.web.filter.OncePerRequestFilter.doFilter(OncePerRequestFilter.java:116) ~[spring-web-6.0.3.jar:6.0.3]
	at org.springframework.security.web.FilterChainProxy$VirtualFilterChain.doFilter(FilterChainProxy.java:374) ~[spring-security-web-6.0.1.jar:6.0.1]
	at org.springframework.security.web.session.DisableEncodeUrlFilter.doFilterInternal(DisableEncodeUrlFilter.java:42) ~[spring-security-web-6.0.1.jar:6.0.1]
	at org.springframework.web.filter.OncePerRequestFilter.doFilter(OncePerRequestFilter.java:116) ~[spring-web-6.0.3.jar:6.0.3]
	at org.springframework.security.web.FilterChainProxy$VirtualFilterChain.doFilter(FilterChainProxy.java:374) ~[spring-security-web-6.0.1.jar:6.0.1]
	at org.springframework.security.web.FilterChainProxy.doFilterInternal(FilterChainProxy.java:233) ~[spring-security-web-6.0.1.jar:6.0.1]
	at org.springframework.security.web.FilterChainProxy.doFilter(FilterChainProxy.java:191) ~[spring-security-web-6.0.1.jar:6.0.1]
	at org.springframework.web.filter.DelegatingFilterProxy.invokeDelegate(DelegatingFilterProxy.java:351) ~[spring-web-6.0.3.jar:6.0.3]
	at org.springframework.web.filter.DelegatingFilterProxy.doFilter(DelegatingFilterProxy.java:267) ~[spring-web-6.0.3.jar:6.0.3]
	at org.apache.catalina.core.ApplicationFilterChain.internalDoFilter(ApplicationFilterChain.java:185) ~[tomcat-embed-core-10.1.4.jar:10.1.4]
	at org.apache.catalina.core.ApplicationFilterChain.doFilter(ApplicationFilterChain.java:158) ~[tomcat-embed-core-10.1.4.jar:10.1.4]
	at org.springframework.web.filter.RequestContextFilter.doFilterInternal(RequestContextFilter.java:100) ~[spring-web-6.0.3.jar:6.0.3]
	at org.springframework.web.filter.OncePerRequestFilter.doFilter(OncePerRequestFilter.java:116) ~[spring-web-6.0.3.jar:6.0.3]
	at org.apache.catalina.core.ApplicationFilterChain.internalDoFilter(ApplicationFilterChain.java:185) ~[tomcat-embed-core-10.1.4.jar:10.1.4]
	at org.apache.catalina.core.ApplicationFilterChain.doFilter(ApplicationFilterChain.java:158) ~[tomcat-embed-core-10.1.4.jar:10.1.4]
	at org.springframework.web.filter.FormContentFilter.doFilterInternal(FormContentFilter.java:93) ~[spring-web-6.0.3.jar:6.0.3]
	at org.springframework.web.filter.OncePerRequestFilter.doFilter(OncePerRequestFilter.java:116) ~[spring-web-6.0.3.jar:6.0.3]
	at org.apache.catalina.core.ApplicationFilterChain.internalDoFilter(ApplicationFilterChain.java:185) ~[tomcat-embed-core-10.1.4.jar:10.1.4]
	at org.apache.catalina.core.ApplicationFilterChain.doFilter(ApplicationFilterChain.java:158) ~[tomcat-embed-core-10.1.4.jar:10.1.4]
	at org.springframework.web.filter.CharacterEncodingFilter.doFilterInternal(CharacterEncodingFilter.java:201) ~[spring-web-6.0.3.jar:6.0.3]
	at org.springframework.web.filter.OncePerRequestFilter.doFilter(OncePerRequestFilter.java:116) ~[spring-web-6.0.3.jar:6.0.3]
	at org.apache.catalina.core.ApplicationFilterChain.internalDoFilter(ApplicationFilterChain.java:185) ~[tomcat-embed-core-10.1.4.jar:10.1.4]
	at org.apache.catalina.core.ApplicationFilterChain.doFilter(ApplicationFilterChain.java:158) ~[tomcat-embed-core-10.1.4.jar:10.1.4]
	at org.apache.catalina.core.StandardWrapperValve.invoke(StandardWrapperValve.java:177) ~[tomcat-embed-core-10.1.4.jar:10.1.4]
	at org.apache.catalina.core.StandardContextValve.invoke(StandardContextValve.java:97) ~[tomcat-embed-core-10.1.4.jar:10.1.4]
	at org.apache.catalina.authenticator.AuthenticatorBase.invoke(AuthenticatorBase.java:542) ~[tomcat-embed-core-10.1.4.jar:10.1.4]
	at org.apache.catalina.core.StandardHostValve.invoke(StandardHostValve.java:119) ~[tomcat-embed-core-10.1.4.jar:10.1.4]
	at org.apache.catalina.valves.ErrorReportValve.invoke(ErrorReportValve.java:92) ~[tomcat-embed-core-10.1.4.jar:10.1.4]
	at org.apache.catalina.core.StandardEngineValve.invoke(StandardEngineValve.java:78) ~[tomcat-embed-core-10.1.4.jar:10.1.4]
	at org.apache.catalina.valves.RemoteIpValve.invoke(RemoteIpValve.java:741) ~[tomcat-embed-core-10.1.4.jar:10.1.4]
	at org.apache.catalina.connector.CoyoteAdapter.service(CoyoteAdapter.java:357) ~[tomcat-embed-core-10.1.4.jar:10.1.4]
	at org.apache.coyote.http11.Http11Processor.service(Http11Processor.java:400) ~[tomcat-embed-core-10.1.4.jar:10.1.4]
	at org.apache.coyote.AbstractProcessorLight.process(AbstractProcessorLight.java:65) ~[tomcat-embed-core-10.1.4.jar:10.1.4]
	at org.apache.coyote.AbstractProtocol$ConnectionHandler.process(AbstractProtocol.java:859) ~[tomcat-embed-core-10.1.4.jar:10.1.4]
	at org.apache.tomcat.util.net.NioEndpoint$SocketProcessor.doRun(NioEndpoint.java:1734) ~[tomcat-embed-core-10.1.4.jar:10.1.4]
	at org.apache.tomcat.util.net.SocketProcessorBase.run(SocketProcessorBase.java:52) ~[tomcat-embed-core-10.1.4.jar:10.1.4]
	at org.apache.tomcat.util.threads.ThreadPoolExecutor.runWorker(ThreadPoolExecutor.java:1191) ~[tomcat-embed-core-10.1.4.jar:10.1.4]
	at org.apache.tomcat.util.threads.ThreadPoolExecutor$Worker.run(ThreadPoolExecutor.java:659) ~[tomcat-embed-core-10.1.4.jar:10.1.4]
	at org.apache.tomcat.util.threads.TaskThread$WrappingRunnable.run(TaskThread.java:61) ~[tomcat-embed-core-10.1.4.jar:10.1.4]
	at java.lang.Thread.run(Thread.java:840) ~[?:?]
2025-11-06 07:37:06 DEBUG SQL - 
    select
        u1_0.user_id,
        u1_0.email,
        u1_0.mobile_number,
        u1_0.password,
        u1_0.user_role,
        u1_0.username 
    from
        user u1_0 
    where
        u1_0.username=?
2025-11-06 07:37:06 ERROR [dispatcherServlet] - Servlet.service() for servlet [dispatcherServlet] in context with path [] threw exception
org.springframework.security.core.userdetails.UsernameNotFoundException: Username does not exist
	at com.examly.springapp.config.MyUserDetailsService.loadUserByUsername(MyUserDetailsService.java:28) ~[classes/:?]
	at com.examly.springapp.config.JwtAuthenticationFilter.doFilterInternal(JwtAuthenticationFilter.java:49) ~[classes/:?]
	at org.springframework.web.filter.OncePerRequestFilter.doFilter(OncePerRequestFilter.java:116) ~[spring-web-6.0.3.jar:6.0.3]
	at org.springframework.security.web.FilterChainProxy$VirtualFilterChain.doFilter(FilterChainProxy.java:374) ~[spring-security-web-6.0.1.jar:6.0.1]
	at org.springframework.security.web.authentication.logout.LogoutFilter.doFilter(LogoutFilter.java:107) ~[spring-security-web-6.0.1.jar:6.0.1]
	at org.springframework.security.web.authentication.logout.LogoutFilter.doFilter(LogoutFilter.java:93) ~[spring-security-web-6.0.1.jar:6.0.1]
	at org.springframework.security.web.FilterChainProxy$VirtualFilterChain.doFilter(FilterChainProxy.java:374) ~[spring-security-web-6.0.1.jar:6.0.1]
	at org.springframework.web.filter.CorsFilter.doFilterInternal(CorsFilter.java:91) ~[spring-web-6.0.3.jar:6.0.3]
	at org.springframework.web.filter.OncePerRequestFilter.doFilter(OncePerRequestFilter.java:116) ~[spring-web-6.0.3.jar:6.0.3]
	at org.springframework.security.web.FilterChainProxy$VirtualFilterChain.doFilter(FilterChainProxy.java:374) ~[spring-security-web-6.0.1.jar:6.0.1]
	at org.springframework.security.web.header.HeaderWriterFilter.doHeadersAfter(HeaderWriterFilter.java:90) ~[spring-security-web-6.0.1.jar:6.0.1]
	at org.springframework.security.web.header.HeaderWriterFilter.doFilterInternal(HeaderWriterFilter.java:75) ~[spring-security-web-6.0.1.jar:6.0.1]
	at org.springframework.web.filter.OncePerRequestFilter.doFilter(OncePerRequestFilter.java:116) ~[spring-web-6.0.3.jar:6.0.3]
	at org.springframework.security.web.FilterChainProxy$VirtualFilterChain.doFilter(FilterChainProxy.java:374) ~[spring-security-web-6.0.1.jar:6.0.1]
	at org.springframework.security.web.context.SecurityContextHolderFilter.doFilter(SecurityContextHolderFilter.java:82) ~[spring-security-web-6.0.1.jar:6.0.1]
	at org.springframework.security.web.context.SecurityContextHolderFilter.doFilter(SecurityContextHolderFilter.java:69) ~[spring-security-web-6.0.1.jar:6.0.1]
	at org.springframework.security.web.FilterChainProxy$VirtualFilterChain.doFilter(FilterChainProxy.java:374) ~[spring-security-web-6.0.1.jar:6.0.1]
	at org.springframework.security.web.context.request.async.WebAsyncManagerIntegrationFilter.doFilterInternal(WebAsyncManagerIntegrationFilter.java:62) ~[spring-security-web-6.0.1.jar:6.0.1]
	at org.springframework.web.filter.OncePerRequestFilter.doFilter(OncePerRequestFilter.java:116) ~[spring-web-6.0.3.jar:6.0.3]
	at org.springframework.security.web.FilterChainProxy$VirtualFilterChain.doFilter(FilterChainProxy.java:374) ~[spring-security-web-6.0.1.jar:6.0.1]
	at org.springframework.security.web.session.DisableEncodeUrlFilter.doFilterInternal(DisableEncodeUrlFilter.java:42) ~[spring-security-web-6.0.1.jar:6.0.1]
	at org.springframework.web.filter.OncePerRequestFilter.doFilter(OncePerRequestFilter.java:116) ~[spring-web-6.0.3.jar:6.0.3]
	at org.springframework.security.web.FilterChainProxy$VirtualFilterChain.doFilter(FilterChainProxy.java:374) ~[spring-security-web-6.0.1.jar:6.0.1]
	at org.springframework.security.web.FilterChainProxy.doFilterInternal(FilterChainProxy.java:233) ~[spring-security-web-6.0.1.jar:6.0.1]
	at org.springframework.security.web.FilterChainProxy.doFilter(FilterChainProxy.java:191) ~[spring-security-web-6.0.1.jar:6.0.1]
	at org.springframework.web.filter.DelegatingFilterProxy.invokeDelegate(DelegatingFilterProxy.java:351) ~[spring-web-6.0.3.jar:6.0.3]
	at org.springframework.web.filter.DelegatingFilterProxy.doFilter(DelegatingFilterProxy.java:267) ~[spring-web-6.0.3.jar:6.0.3]
	at org.apache.catalina.core.ApplicationFilterChain.internalDoFilter(ApplicationFilterChain.java:185) ~[tomcat-embed-core-10.1.4.jar:10.1.4]
	at org.apache.catalina.core.ApplicationFilterChain.doFilter(ApplicationFilterChain.java:158) ~[tomcat-embed-core-10.1.4.jar:10.1.4]
	at org.springframework.web.filter.RequestContextFilter.doFilterInternal(RequestContextFilter.java:100) ~[spring-web-6.0.3.jar:6.0.3]
	at org.springframework.web.filter.OncePerRequestFilter.doFilter(OncePerRequestFilter.java:116) ~[spring-web-6.0.3.jar:6.0.3]
	at org.apache.catalina.core.ApplicationFilterChain.internalDoFilter(ApplicationFilterChain.java:185) ~[tomcat-embed-core-10.1.4.jar:10.1.4]
	at org.apache.catalina.core.ApplicationFilterChain.doFilter(ApplicationFilterChain.java:158) ~[tomcat-embed-core-10.1.4.jar:10.1.4]
	at org.springframework.web.filter.FormContentFilter.doFilterInternal(FormContentFilter.java:93) ~[spring-web-6.0.3.jar:6.0.3]
	at org.springframework.web.filter.OncePerRequestFilter.doFilter(OncePerRequestFilter.java:116) ~[spring-web-6.0.3.jar:6.0.3]
	at org.apache.catalina.core.ApplicationFilterChain.internalDoFilter(ApplicationFilterChain.java:185) ~[tomcat-embed-core-10.1.4.jar:10.1.4]
	at org.apache.catalina.core.ApplicationFilterChain.doFilter(ApplicationFilterChain.java:158) ~[tomcat-embed-core-10.1.4.jar:10.1.4]
	at org.springframework.web.filter.CharacterEncodingFilter.doFilterInternal(CharacterEncodingFilter.java:201) ~[spring-web-6.0.3.jar:6.0.3]
	at org.springframework.web.filter.OncePerRequestFilter.doFilter(OncePerRequestFilter.java:116) ~[spring-web-6.0.3.jar:6.0.3]
	at org.apache.catalina.core.ApplicationFilterChain.internalDoFilter(ApplicationFilterChain.java:185) ~[tomcat-embed-core-10.1.4.jar:10.1.4]
	at org.apache.catalina.core.ApplicationFilterChain.doFilter(ApplicationFilterChain.java:158) ~[tomcat-embed-core-10.1.4.jar:10.1.4]
	at org.apache.catalina.core.StandardWrapperValve.invoke(StandardWrapperValve.java:177) ~[tomcat-embed-core-10.1.4.jar:10.1.4]
	at org.apache.catalina.core.StandardContextValve.invoke(StandardContextValve.java:97) ~[tomcat-embed-core-10.1.4.jar:10.1.4]
	at org.apache.catalina.authenticator.AuthenticatorBase.invoke(AuthenticatorBase.java:542) ~[tomcat-embed-core-10.1.4.jar:10.1.4]
	at org.apache.catalina.core.StandardHostValve.invoke(StandardHostValve.java:119) ~[tomcat-embed-core-10.1.4.jar:10.1.4]
	at org.apache.catalina.valves.ErrorReportValve.invoke(ErrorReportValve.java:92) ~[tomcat-embed-core-10.1.4.jar:10.1.4]
	at org.apache.catalina.core.StandardEngineValve.invoke(StandardEngineValve.java:78) ~[tomcat-embed-core-10.1.4.jar:10.1.4]
	at org.apache.catalina.valves.RemoteIpValve.invoke(RemoteIpValve.java:741) ~[tomcat-embed-core-10.1.4.jar:10.1.4]
	at org.apache.catalina.connector.CoyoteAdapter.service(CoyoteAdapter.java:357) ~[tomcat-embed-core-10.1.4.jar:10.1.4]
	at org.apache.coyote.http11.Http11Processor.service(Http11Processor.java:400) ~[tomcat-embed-core-10.1.4.jar:10.1.4]
	at org.apache.coyote.AbstractProcessorLight.process(AbstractProcessorLight.java:65) ~[tomcat-embed-core-10.1.4.jar:10.1.4]
	at org.apache.coyote.AbstractProtocol$ConnectionHandler.process(AbstractProtocol.java:859) ~[tomcat-embed-core-10.1.4.jar:10.1.4]
	at org.apache.tomcat.util.net.NioEndpoint$SocketProcessor.doRun(NioEndpoint.java:1734) ~[tomcat-embed-core-10.1.4.jar:10.1.4]
	at org.apache.tomcat.util.net.SocketProcessorBase.run(SocketProcessorBase.java:52) ~[tomcat-embed-core-10.1.4.jar:10.1.4]
	at org.apache.tomcat.util.threads.ThreadPoolExecutor.runWorker(ThreadPoolExecutor.java:1191) ~[tomcat-embed-core-10.1.4.jar:10.1.4]
	at org.apache.tomcat.util.threads.ThreadPoolExecutor$Worker.run(ThreadPoolExecutor.java:659) ~[tomcat-embed-core-10.1.4.jar:10.1.4]
	at org.apache.tomcat.util.threads.TaskThread$WrappingRunnable.run(TaskThread.java:61) ~[tomcat-embed-core-10.1.4.jar:10.1.4]
	at java.lang.Thread.run(Thread.java:840) ~[?:?]
2025-11-06 07:37:12 DEBUG SQL - 
    select
        u1_0.user_id,
        u1_0.email,
        u1_0.mobile_number,
        u1_0.password,
        u1_0.user_role,
        u1_0.username 
    from
        user u1_0 
    where
        u1_0.username=?
2025-11-06 07:37:12 ERROR [dispatcherServlet] - Servlet.service() for servlet [dispatcherServlet] in context with path [] threw exception [Request processing failed: java.lang.RuntimeException: Invalid username or password] with root cause
java.lang.RuntimeException: Invalid username or password
	at com.examly.springapp.service.UserServiceImpl.loginUser(UserServiceImpl.java:71) ~[classes/:?]
	at com.examly.springapp.controller.UserController.loginUser(UserController.java:51) ~[classes/:?]
	at jdk.internal.reflect.NativeMethodAccessorImpl.invoke0(Native Method) ~[?:?]
	at jdk.internal.reflect.NativeMethodAccessorImpl.invoke(NativeMethodAccessorImpl.java:77) ~[?:?]
	at jdk.internal.reflect.DelegatingMethodAccessorImpl.invoke(DelegatingMethodAccessorImpl.java:43) ~[?:?]
	at java.lang.reflect.Method.invoke(Method.java:569) ~[?:?]
	at org.springframework.aop.support.AopUtils.invokeJoinpointUsingReflection(AopUtils.java:343) ~[spring-aop-6.0.3.jar:6.0.3]
	at org.springframework.aop.framework.CglibAopProxy$DynamicAdvisedInterceptor.intercept(CglibAopProxy.java:699) ~[spring-aop-6.0.3.jar:6.0.3]
	at com.examly.springapp.controller.UserController$$SpringCGLIB$$0.loginUser(<generated>) ~[classes/:?]
	at jdk.internal.reflect.NativeMethodAccessorImpl.invoke0(Native Method) ~[?:?]
	at jdk.internal.reflect.NativeMethodAccessorImpl.invoke(NativeMethodAccessorImpl.java:77) ~[?:?]
	at jdk.internal.reflect.DelegatingMethodAccessorImpl.invoke(DelegatingMethodAccessorImpl.java:43) ~[?:?]
	at java.lang.reflect.Method.invoke(Method.java:569) ~[?:?]
	at org.springframework.web.method.support.InvocableHandlerMethod.doInvoke(InvocableHandlerMethod.java:207) ~[spring-web-6.0.3.jar:6.0.3]
	at org.springframework.web.method.support.InvocableHandlerMethod.invokeForRequest(InvocableHandlerMethod.java:152) ~[spring-web-6.0.3.jar:6.0.3]
	at org.springframework.web.servlet.mvc.method.annotation.ServletInvocableHandlerMethod.invokeAndHandle(ServletInvocableHandlerMethod.java:117) ~[spring-webmvc-6.0.3.jar:6.0.3]
	at org.springframework.web.servlet.mvc.method.annotation.RequestMappingHandlerAdapter.invokeHandlerMethod(RequestMappingHandlerAdapter.java:884) ~[spring-webmvc-6.0.3.jar:6.0.3]
	at org.springframework.web.servlet.mvc.method.annotation.RequestMappingHandlerAdapter.handleInternal(RequestMappingHandlerAdapter.java:797) ~[spring-webmvc-6.0.3.jar:6.0.3]
	at org.springframework.web.servlet.mvc.method.AbstractHandlerMethodAdapter.handle(AbstractHandlerMethodAdapter.java:87) ~[spring-webmvc-6.0.3.jar:6.0.3]
	at org.springframework.web.servlet.DispatcherServlet.doDispatch(DispatcherServlet.java:1080) ~[spring-webmvc-6.0.3.jar:6.0.3]
	at org.springframework.web.servlet.DispatcherServlet.doService(DispatcherServlet.java:973) ~[spring-webmvc-6.0.3.jar:6.0.3]
	at org.springframework.web.servlet.FrameworkServlet.processRequest(FrameworkServlet.java:1010) ~[spring-webmvc-6.0.3.jar:6.0.3]
	at org.springframework.web.servlet.FrameworkServlet.doPost(FrameworkServlet.java:913) ~[spring-webmvc-6.0.3.jar:6.0.3]
	at jakarta.servlet.http.HttpServlet.service(HttpServlet.java:731) ~[tomcat-embed-core-10.1.4.jar:6.0]
	at org.springframework.web.servlet.FrameworkServlet.service(FrameworkServlet.java:884) ~[spring-webmvc-6.0.3.jar:6.0.3]
	at jakarta.servlet.http.HttpServlet.service(HttpServlet.java:814) ~[tomcat-embed-core-10.1.4.jar:6.0]
	at org.apache.catalina.core.ApplicationFilterChain.internalDoFilter(ApplicationFilterChain.java:223) ~[tomcat-embed-core-10.1.4.jar:10.1.4]
	at org.apache.catalina.core.ApplicationFilterChain.doFilter(ApplicationFilterChain.java:158) ~[tomcat-embed-core-10.1.4.jar:10.1.4]
	at org.apache.tomcat.websocket.server.WsFilter.doFilter(WsFilter.java:53) ~[tomcat-embed-websocket-10.1.4.jar:10.1.4]
	at org.apache.catalina.core.ApplicationFilterChain.internalDoFilter(ApplicationFilterChain.java:185) ~[tomcat-embed-core-10.1.4.jar:10.1.4]
	at org.apache.catalina.core.ApplicationFilterChain.doFilter(ApplicationFilterChain.java:158) ~[tomcat-embed-core-10.1.4.jar:10.1.4]
	at org.springframework.web.filter.OncePerRequestFilter.doFilter(OncePerRequestFilter.java:110) ~[spring-web-6.0.3.jar:6.0.3]
	at org.apache.catalina.core.ApplicationFilterChain.internalDoFilter(ApplicationFilterChain.java:185) ~[tomcat-embed-core-10.1.4.jar:10.1.4]
	at org.apache.catalina.core.ApplicationFilterChain.doFilter(ApplicationFilterChain.java:158) ~[tomcat-embed-core-10.1.4.jar:10.1.4]
	at org.springframework.security.web.FilterChainProxy.lambda$doFilterInternal$3(FilterChainProxy.java:231) ~[spring-security-web-6.0.1.jar:6.0.1]
	at org.springframework.security.web.FilterChainProxy$VirtualFilterChain.doFilter(FilterChainProxy.java:365) ~[spring-security-web-6.0.1.jar:6.0.1]
	at org.springframework.security.web.access.intercept.AuthorizationFilter.doFilter(AuthorizationFilter.java:100) ~[spring-security-web-6.0.1.jar:6.0.1]
	at org.springframework.security.web.FilterChainProxy$VirtualFilterChain.doFilter(FilterChainProxy.java:374) ~[spring-security-web-6.0.1.jar:6.0.1]
	at org.springframework.security.web.access.ExceptionTranslationFilter.doFilter(ExceptionTranslationFilter.java:126) ~[spring-security-web-6.0.1.jar:6.0.1]
	at org.springframework.security.web.access.ExceptionTranslationFilter.doFilter(ExceptionTranslationFilter.java:120) ~[spring-security-web-6.0.1.jar:6.0.1]
	at org.springframework.security.web.FilterChainProxy$VirtualFilterChain.doFilter(FilterChainProxy.java:374) ~[spring-security-web-6.0.1.jar:6.0.1]
	at org.springframework.security.web.session.SessionManagementFilter.doFilter(SessionManagementFilter.java:131) ~[spring-security-web-6.0.1.jar:6.0.1]
	at org.springframework.security.web.session.SessionManagementFilter.doFilter(SessionManagementFilter.java:85) ~[spring-security-web-6.0.1.jar:6.0.1]
	at org.springframework.security.web.FilterChainProxy$VirtualFilterChain.doFilter(FilterChainProxy.java:374) ~[spring-security-web-6.0.1.jar:6.0.1]
	at org.springframework.security.web.authentication.AnonymousAuthenticationFilter.doFilter(AnonymousAuthenticationFilter.java:100) ~[spring-security-web-6.0.1.jar:6.0.1]
	at org.springframework.security.web.FilterChainProxy$VirtualFilterChain.doFilter(FilterChainProxy.java:374) ~[spring-security-web-6.0.1.jar:6.0.1]
	at org.springframework.security.web.servletapi.SecurityContextHolderAwareRequestFilter.doFilter(SecurityContextHolderAwareRequestFilter.java:179) ~[spring-security-web-6.0.1.jar:6.0.1]
	at org.springframework.security.web.FilterChainProxy$VirtualFilterChain.doFilter(FilterChainProxy.java:374) ~[spring-security-web-6.0.1.jar:6.0.1]
	at org.springframework.security.web.savedrequest.RequestCacheAwareFilter.doFilter(RequestCacheAwareFilter.java:63) ~[spring-security-web-6.0.1.jar:6.0.1]
	at org.springframework.security.web.FilterChainProxy$VirtualFilterChain.doFilter(FilterChainProxy.java:374) ~[spring-security-web-6.0.1.jar:6.0.1]
	at org.springframework.security.web.authentication.www.BasicAuthenticationFilter.doFilterInternal(BasicAuthenticationFilter.java:170) ~[spring-security-web-6.0.1.jar:6.0.1]
	at org.springframework.web.filter.OncePerRequestFilter.doFilter(OncePerRequestFilter.java:116) ~[spring-web-6.0.3.jar:6.0.3]
	at org.springframework.security.web.FilterChainProxy$VirtualFilterChain.doFilter(FilterChainProxy.java:374) ~[spring-security-web-6.0.1.jar:6.0.1]
	at com.examly.springapp.config.JwtAuthenticationFilter.doFilterInternal(JwtAuthenticationFilter.java:58) ~[classes/:?]
	at org.springframework.web.filter.OncePerRequestFilter.doFilter(OncePerRequestFilter.java:116) ~[spring-web-6.0.3.jar:6.0.3]
	at org.springframework.security.web.FilterChainProxy$VirtualFilterChain.doFilter(FilterChainProxy.java:374) ~[spring-security-web-6.0.1.jar:6.0.1]
	at org.springframework.security.web.authentication.logout.LogoutFilter.doFilter(LogoutFilter.java:107) ~[spring-security-web-6.0.1.jar:6.0.1]
	at org.springframework.security.web.authentication.logout.LogoutFilter.doFilter(LogoutFilter.java:93) ~[spring-security-web-6.0.1.jar:6.0.1]
	at org.springframework.security.web.FilterChainProxy$VirtualFilterChain.doFilter(FilterChainProxy.java:374) ~[spring-security-web-6.0.1.jar:6.0.1]
	at org.springframework.web.filter.CorsFilter.doFilterInternal(CorsFilter.java:91) ~[spring-web-6.0.3.jar:6.0.3]
	at org.springframework.web.filter.OncePerRequestFilter.doFilter(OncePerRequestFilter.java:116) ~[spring-web-6.0.3.jar:6.0.3]
	at org.springframework.security.web.FilterChainProxy$VirtualFilterChain.doFilter(FilterChainProxy.java:374) ~[spring-security-web-6.0.1.jar:6.0.1]
	at org.springframework.security.web.header.HeaderWriterFilter.doHeadersAfter(HeaderWriterFilter.java:90) ~[spring-security-web-6.0.1.jar:6.0.1]
	at org.springframework.security.web.header.HeaderWriterFilter.doFilterInternal(HeaderWriterFilter.java:75) ~[spring-security-web-6.0.1.jar:6.0.1]
	at org.springframework.web.filter.OncePerRequestFilter.doFilter(OncePerRequestFilter.java:116) ~[spring-web-6.0.3.jar:6.0.3]
	at org.springframework.security.web.FilterChainProxy$VirtualFilterChain.doFilter(FilterChainProxy.java:374) ~[spring-security-web-6.0.1.jar:6.0.1]
	at org.springframework.security.web.context.SecurityContextHolderFilter.doFilter(SecurityContextHolderFilter.java:82) ~[spring-security-web-6.0.1.jar:6.0.1]
	at org.springframework.security.web.context.SecurityContextHolderFilter.doFilter(SecurityContextHolderFilter.java:69) ~[spring-security-web-6.0.1.jar:6.0.1]
	at org.springframework.security.web.FilterChainProxy$VirtualFilterChain.doFilter(FilterChainProxy.java:374) ~[spring-security-web-6.0.1.jar:6.0.1]
	at org.springframework.security.web.context.request.async.WebAsyncManagerIntegrationFilter.doFilterInternal(WebAsyncManagerIntegrationFilter.java:62) ~[spring-security-web-6.0.1.jar:6.0.1]
	at org.springframework.web.filter.OncePerRequestFilter.doFilter(OncePerRequestFilter.java:116) ~[spring-web-6.0.3.jar:6.0.3]
	at org.springframework.security.web.FilterChainProxy$VirtualFilterChain.doFilter(FilterChainProxy.java:374) ~[spring-security-web-6.0.1.jar:6.0.1]
	at org.springframework.security.web.session.DisableEncodeUrlFilter.doFilterInternal(DisableEncodeUrlFilter.java:42) ~[spring-security-web-6.0.1.jar:6.0.1]
	at org.springframework.web.filter.OncePerRequestFilter.doFilter(OncePerRequestFilter.java:116) ~[spring-web-6.0.3.jar:6.0.3]
	at org.springframework.security.web.FilterChainProxy$VirtualFilterChain.doFilter(FilterChainProxy.java:374) ~[spring-security-web-6.0.1.jar:6.0.1]
	at org.springframework.security.web.FilterChainProxy.doFilterInternal(FilterChainProxy.java:233) ~[spring-security-web-6.0.1.jar:6.0.1]
	at org.springframework.security.web.FilterChainProxy.doFilter(FilterChainProxy.java:191) ~[spring-security-web-6.0.1.jar:6.0.1]
	at org.springframework.web.filter.DelegatingFilterProxy.invokeDelegate(DelegatingFilterProxy.java:351) ~[spring-web-6.0.3.jar:6.0.3]
	at org.springframework.web.filter.DelegatingFilterProxy.doFilter(DelegatingFilterProxy.java:267) ~[spring-web-6.0.3.jar:6.0.3]
	at org.apache.catalina.core.ApplicationFilterChain.internalDoFilter(ApplicationFilterChain.java:185) ~[tomcat-embed-core-10.1.4.jar:10.1.4]
	at org.apache.catalina.core.ApplicationFilterChain.doFilter(ApplicationFilterChain.java:158) ~[tomcat-embed-core-10.1.4.jar:10.1.4]
	at org.springframework.web.filter.RequestContextFilter.doFilterInternal(RequestContextFilter.java:100) ~[spring-web-6.0.3.jar:6.0.3]
	at org.springframework.web.filter.OncePerRequestFilter.doFilter(OncePerRequestFilter.java:116) ~[spring-web-6.0.3.jar:6.0.3]
	at org.apache.catalina.core.ApplicationFilterChain.internalDoFilter(ApplicationFilterChain.java:185) ~[tomcat-embed-core-10.1.4.jar:10.1.4]
	at org.apache.catalina.core.ApplicationFilterChain.doFilter(ApplicationFilterChain.java:158) ~[tomcat-embed-core-10.1.4.jar:10.1.4]
	at org.springframework.web.filter.FormContentFilter.doFilterInternal(FormContentFilter.java:93) ~[spring-web-6.0.3.jar:6.0.3]
	at org.springframework.web.filter.OncePerRequestFilter.doFilter(OncePerRequestFilter.java:116) ~[spring-web-6.0.3.jar:6.0.3]
	at org.apache.catalina.core.ApplicationFilterChain.internalDoFilter(ApplicationFilterChain.java:185) ~[tomcat-embed-core-10.1.4.jar:10.1.4]
	at org.apache.catalina.core.ApplicationFilterChain.doFilter(ApplicationFilterChain.java:158) ~[tomcat-embed-core-10.1.4.jar:10.1.4]
	at org.springframework.web.filter.CharacterEncodingFilter.doFilterInternal(CharacterEncodingFilter.java:201) ~[spring-web-6.0.3.jar:6.0.3]
	at org.springframework.web.filter.OncePerRequestFilter.doFilter(OncePerRequestFilter.java:116) ~[spring-web-6.0.3.jar:6.0.3]
	at org.apache.catalina.core.ApplicationFilterChain.internalDoFilter(ApplicationFilterChain.java:185) ~[tomcat-embed-core-10.1.4.jar:10.1.4]
	at org.apache.catalina.core.ApplicationFilterChain.doFilter(ApplicationFilterChain.java:158) ~[tomcat-embed-core-10.1.4.jar:10.1.4]
	at org.apache.catalina.core.StandardWrapperValve.invoke(StandardWrapperValve.java:177) ~[tomcat-embed-core-10.1.4.jar:10.1.4]
	at org.apache.catalina.core.StandardContextValve.invoke(StandardContextValve.java:97) ~[tomcat-embed-core-10.1.4.jar:10.1.4]
	at org.apache.catalina.authenticator.AuthenticatorBase.invoke(AuthenticatorBase.java:542) ~[tomcat-embed-core-10.1.4.jar:10.1.4]
	at org.apache.catalina.core.StandardHostValve.invoke(StandardHostValve.java:119) ~[tomcat-embed-core-10.1.4.jar:10.1.4]
	at org.apache.catalina.valves.ErrorReportValve.invoke(ErrorReportValve.java:92) ~[tomcat-embed-core-10.1.4.jar:10.1.4]
	at org.apache.catalina.core.StandardEngineValve.invoke(StandardEngineValve.java:78) ~[tomcat-embed-core-10.1.4.jar:10.1.4]
	at org.apache.catalina.valves.RemoteIpValve.invoke(RemoteIpValve.java:741) ~[tomcat-embed-core-10.1.4.jar:10.1.4]
	at org.apache.catalina.connector.CoyoteAdapter.service(CoyoteAdapter.java:357) ~[tomcat-embed-core-10.1.4.jar:10.1.4]
	at org.apache.coyote.http11.Http11Processor.service(Http11Processor.java:400) ~[tomcat-embed-core-10.1.4.jar:10.1.4]
	at org.apache.coyote.AbstractProcessorLight.process(AbstractProcessorLight.java:65) ~[tomcat-embed-core-10.1.4.jar:10.1.4]
	at org.apache.coyote.AbstractProtocol$ConnectionHandler.process(AbstractProtocol.java:859) ~[tomcat-embed-core-10.1.4.jar:10.1.4]
	at org.apache.tomcat.util.net.NioEndpoint$SocketProcessor.doRun(NioEndpoint.java:1734) ~[tomcat-embed-core-10.1.4.jar:10.1.4]
	at org.apache.tomcat.util.net.SocketProcessorBase.run(SocketProcessorBase.java:52) ~[tomcat-embed-core-10.1.4.jar:10.1.4]
	at org.apache.tomcat.util.threads.ThreadPoolExecutor.runWorker(ThreadPoolExecutor.java:1191) ~[tomcat-embed-core-10.1.4.jar:10.1.4]
	at org.apache.tomcat.util.threads.ThreadPoolExecutor$Worker.run(ThreadPoolExecutor.java:659) ~[tomcat-embed-core-10.1.4.jar:10.1.4]
	at org.apache.tomcat.util.threads.TaskThread$WrappingRunnable.run(TaskThread.java:61) ~[tomcat-embed-core-10.1.4.jar:10.1.4]
	at java.lang.Thread.run(Thread.java:840) ~[?:?]
2025-11-06 07:37:13 DEBUG SQL - 
    select
        u1_0.user_id,
        u1_0.email,
        u1_0.mobile_number,
        u1_0.password,
        u1_0.user_role,
        u1_0.username 
    from
        user u1_0 
    where
        u1_0.username=?
2025-11-06 07:37:13 ERROR [dispatcherServlet] - Servlet.service() for servlet [dispatcherServlet] in context with path [] threw exception [Request processing failed: java.lang.RuntimeException: Invalid username or password] with root cause
java.lang.RuntimeException: Invalid username or password
	at com.examly.springapp.service.UserServiceImpl.loginUser(UserServiceImpl.java:71) ~[classes/:?]
	at com.examly.springapp.controller.UserController.loginUser(UserController.java:51) ~[classes/:?]
	at jdk.internal.reflect.NativeMethodAccessorImpl.invoke0(Native Method) ~[?:?]
	at jdk.internal.reflect.NativeMethodAccessorImpl.invoke(NativeMethodAccessorImpl.java:77) ~[?:?]
	at jdk.internal.reflect.DelegatingMethodAccessorImpl.invoke(DelegatingMethodAccessorImpl.java:43) ~[?:?]
	at java.lang.reflect.Method.invoke(Method.java:569) ~[?:?]
	at org.springframework.aop.support.AopUtils.invokeJoinpointUsingReflection(AopUtils.java:343) ~[spring-aop-6.0.3.jar:6.0.3]
	at org.springframework.aop.framework.CglibAopProxy$DynamicAdvisedInterceptor.intercept(CglibAopProxy.java:699) ~[spring-aop-6.0.3.jar:6.0.3]
	at com.examly.springapp.controller.UserController$$SpringCGLIB$$0.loginUser(<generated>) ~[classes/:?]
	at jdk.internal.reflect.NativeMethodAccessorImpl.invoke0(Native Method) ~[?:?]
	at jdk.internal.reflect.NativeMethodAccessorImpl.invoke(NativeMethodAccessorImpl.java:77) ~[?:?]
	at jdk.internal.reflect.DelegatingMethodAccessorImpl.invoke(DelegatingMethodAccessorImpl.java:43) ~[?:?]
	at java.lang.reflect.Method.invoke(Method.java:569) ~[?:?]
	at org.springframework.web.method.support.InvocableHandlerMethod.doInvoke(InvocableHandlerMethod.java:207) ~[spring-web-6.0.3.jar:6.0.3]
	at org.springframework.web.method.support.InvocableHandlerMethod.invokeForRequest(InvocableHandlerMethod.java:152) ~[spring-web-6.0.3.jar:6.0.3]
	at org.springframework.web.servlet.mvc.method.annotation.ServletInvocableHandlerMethod.invokeAndHandle(ServletInvocableHandlerMethod.java:117) ~[spring-webmvc-6.0.3.jar:6.0.3]
	at org.springframework.web.servlet.mvc.method.annotation.RequestMappingHandlerAdapter.invokeHandlerMethod(RequestMappingHandlerAdapter.java:884) ~[spring-webmvc-6.0.3.jar:6.0.3]
	at org.springframework.web.servlet.mvc.method.annotation.RequestMappingHandlerAdapter.handleInternal(RequestMappingHandlerAdapter.java:797) ~[spring-webmvc-6.0.3.jar:6.0.3]
	at org.springframework.web.servlet.mvc.method.AbstractHandlerMethodAdapter.handle(AbstractHandlerMethodAdapter.java:87) ~[spring-webmvc-6.0.3.jar:6.0.3]
	at org.springframework.web.servlet.DispatcherServlet.doDispatch(DispatcherServlet.java:1080) ~[spring-webmvc-6.0.3.jar:6.0.3]
	at org.springframework.web.servlet.DispatcherServlet.doService(DispatcherServlet.java:973) ~[spring-webmvc-6.0.3.jar:6.0.3]
	at org.springframework.web.servlet.FrameworkServlet.processRequest(FrameworkServlet.java:1010) ~[spring-webmvc-6.0.3.jar:6.0.3]
	at org.springframework.web.servlet.FrameworkServlet.doPost(FrameworkServlet.java:913) ~[spring-webmvc-6.0.3.jar:6.0.3]
	at jakarta.servlet.http.HttpServlet.service(HttpServlet.java:731) ~[tomcat-embed-core-10.1.4.jar:6.0]
	at org.springframework.web.servlet.FrameworkServlet.service(FrameworkServlet.java:884) ~[spring-webmvc-6.0.3.jar:6.0.3]
	at jakarta.servlet.http.HttpServlet.service(HttpServlet.java:814) ~[tomcat-embed-core-10.1.4.jar:6.0]
	at org.apache.catalina.core.ApplicationFilterChain.internalDoFilter(ApplicationFilterChain.java:223) ~[tomcat-embed-core-10.1.4.jar:10.1.4]
	at org.apache.catalina.core.ApplicationFilterChain.doFilter(ApplicationFilterChain.java:158) ~[tomcat-embed-core-10.1.4.jar:10.1.4]
	at org.apache.tomcat.websocket.server.WsFilter.doFilter(WsFilter.java:53) ~[tomcat-embed-websocket-10.1.4.jar:10.1.4]
	at org.apache.catalina.core.ApplicationFilterChain.internalDoFilter(ApplicationFilterChain.java:185) ~[tomcat-embed-core-10.1.4.jar:10.1.4]
	at org.apache.catalina.core.ApplicationFilterChain.doFilter(ApplicationFilterChain.java:158) ~[tomcat-embed-core-10.1.4.jar:10.1.4]
	at org.springframework.web.filter.OncePerRequestFilter.doFilter(OncePerRequestFilter.java:110) ~[spring-web-6.0.3.jar:6.0.3]
	at org.apache.catalina.core.ApplicationFilterChain.internalDoFilter(ApplicationFilterChain.java:185) ~[tomcat-embed-core-10.1.4.jar:10.1.4]
	at org.apache.catalina.core.ApplicationFilterChain.doFilter(ApplicationFilterChain.java:158) ~[tomcat-embed-core-10.1.4.jar:10.1.4]
	at org.springframework.security.web.FilterChainProxy.lambda$doFilterInternal$3(FilterChainProxy.java:231) ~[spring-security-web-6.0.1.jar:6.0.1]
	at org.springframework.security.web.FilterChainProxy$VirtualFilterChain.doFilter(FilterChainProxy.java:365) ~[spring-security-web-6.0.1.jar:6.0.1]
	at org.springframework.security.web.access.intercept.AuthorizationFilter.doFilter(AuthorizationFilter.java:100) ~[spring-security-web-6.0.1.jar:6.0.1]
	at org.springframework.security.web.FilterChainProxy$VirtualFilterChain.doFilter(FilterChainProxy.java:374) ~[spring-security-web-6.0.1.jar:6.0.1]
	at org.springframework.security.web.access.ExceptionTranslationFilter.doFilter(ExceptionTranslationFilter.java:126) ~[spring-security-web-6.0.1.jar:6.0.1]
	at org.springframework.security.web.access.ExceptionTranslationFilter.doFilter(ExceptionTranslationFilter.java:120) ~[spring-security-web-6.0.1.jar:6.0.1]
	at org.springframework.security.web.FilterChainProxy$VirtualFilterChain.doFilter(FilterChainProxy.java:374) ~[spring-security-web-6.0.1.jar:6.0.1]
	at org.springframework.security.web.session.SessionManagementFilter.doFilter(SessionManagementFilter.java:131) ~[spring-security-web-6.0.1.jar:6.0.1]
	at org.springframework.security.web.session.SessionManagementFilter.doFilter(SessionManagementFilter.java:85) ~[spring-security-web-6.0.1.jar:6.0.1]
	at org.springframework.security.web.FilterChainProxy$VirtualFilterChain.doFilter(FilterChainProxy.java:374) ~[spring-security-web-6.0.1.jar:6.0.1]
	at org.springframework.security.web.authentication.AnonymousAuthenticationFilter.doFilter(AnonymousAuthenticationFilter.java:100) ~[spring-security-web-6.0.1.jar:6.0.1]
	at org.springframework.security.web.FilterChainProxy$VirtualFilterChain.doFilter(FilterChainProxy.java:374) ~[spring-security-web-6.0.1.jar:6.0.1]
	at org.springframework.security.web.servletapi.SecurityContextHolderAwareRequestFilter.doFilter(SecurityContextHolderAwareRequestFilter.java:179) ~[spring-security-web-6.0.1.jar:6.0.1]
	at org.springframework.security.web.FilterChainProxy$VirtualFilterChain.doFilter(FilterChainProxy.java:374) ~[spring-security-web-6.0.1.jar:6.0.1]
	at org.springframework.security.web.savedrequest.RequestCacheAwareFilter.doFilter(RequestCacheAwareFilter.java:63) ~[spring-security-web-6.0.1.jar:6.0.1]
	at org.springframework.security.web.FilterChainProxy$VirtualFilterChain.doFilter(FilterChainProxy.java:374) ~[spring-security-web-6.0.1.jar:6.0.1]
	at org.springframework.security.web.authentication.www.BasicAuthenticationFilter.doFilterInternal(BasicAuthenticationFilter.java:170) ~[spring-security-web-6.0.1.jar:6.0.1]
	at org.springframework.web.filter.OncePerRequestFilter.doFilter(OncePerRequestFilter.java:116) ~[spring-web-6.0.3.jar:6.0.3]
	at org.springframework.security.web.FilterChainProxy$VirtualFilterChain.doFilter(FilterChainProxy.java:374) ~[spring-security-web-6.0.1.jar:6.0.1]
	at com.examly.springapp.config.JwtAuthenticationFilter.doFilterInternal(JwtAuthenticationFilter.java:58) ~[classes/:?]
	at org.springframework.web.filter.OncePerRequestFilter.doFilter(OncePerRequestFilter.java:116) ~[spring-web-6.0.3.jar:6.0.3]
	at org.springframework.security.web.FilterChainProxy$VirtualFilterChain.doFilter(FilterChainProxy.java:374) ~[spring-security-web-6.0.1.jar:6.0.1]
	at org.springframework.security.web.authentication.logout.LogoutFilter.doFilter(LogoutFilter.java:107) ~[spring-security-web-6.0.1.jar:6.0.1]
	at org.springframework.security.web.authentication.logout.LogoutFilter.doFilter(LogoutFilter.java:93) ~[spring-security-web-6.0.1.jar:6.0.1]
	at org.springframework.security.web.FilterChainProxy$VirtualFilterChain.doFilter(FilterChainProxy.java:374) ~[spring-security-web-6.0.1.jar:6.0.1]
	at org.springframework.web.filter.CorsFilter.doFilterInternal(CorsFilter.java:91) ~[spring-web-6.0.3.jar:6.0.3]
	at org.springframework.web.filter.OncePerRequestFilter.doFilter(OncePerRequestFilter.java:116) ~[spring-web-6.0.3.jar:6.0.3]
	at org.springframework.security.web.FilterChainProxy$VirtualFilterChain.doFilter(FilterChainProxy.java:374) ~[spring-security-web-6.0.1.jar:6.0.1]
	at org.springframework.security.web.header.HeaderWriterFilter.doHeadersAfter(HeaderWriterFilter.java:90) ~[spring-security-web-6.0.1.jar:6.0.1]
	at org.springframework.security.web.header.HeaderWriterFilter.doFilterInternal(HeaderWriterFilter.java:75) ~[spring-security-web-6.0.1.jar:6.0.1]
	at org.springframework.web.filter.OncePerRequestFilter.doFilter(OncePerRequestFilter.java:116) ~[spring-web-6.0.3.jar:6.0.3]
	at org.springframework.security.web.FilterChainProxy$VirtualFilterChain.doFilter(FilterChainProxy.java:374) ~[spring-security-web-6.0.1.jar:6.0.1]
	at org.springframework.security.web.context.SecurityContextHolderFilter.doFilter(SecurityContextHolderFilter.java:82) ~[spring-security-web-6.0.1.jar:6.0.1]
	at org.springframework.security.web.context.SecurityContextHolderFilter.doFilter(SecurityContextHolderFilter.java:69) ~[spring-security-web-6.0.1.jar:6.0.1]
	at org.springframework.security.web.FilterChainProxy$VirtualFilterChain.doFilter(FilterChainProxy.java:374) ~[spring-security-web-6.0.1.jar:6.0.1]
	at org.springframework.security.web.context.request.async.WebAsyncManagerIntegrationFilter.doFilterInternal(WebAsyncManagerIntegrationFilter.java:62) ~[spring-security-web-6.0.1.jar:6.0.1]
	at org.springframework.web.filter.OncePerRequestFilter.doFilter(OncePerRequestFilter.java:116) ~[spring-web-6.0.3.jar:6.0.3]
	at org.springframework.security.web.FilterChainProxy$VirtualFilterChain.doFilter(FilterChainProxy.java:374) ~[spring-security-web-6.0.1.jar:6.0.1]
	at org.springframework.security.web.session.DisableEncodeUrlFilter.doFilterInternal(DisableEncodeUrlFilter.java:42) ~[spring-security-web-6.0.1.jar:6.0.1]
	at org.springframework.web.filter.OncePerRequestFilter.doFilter(OncePerRequestFilter.java:116) ~[spring-web-6.0.3.jar:6.0.3]
	at org.springframework.security.web.FilterChainProxy$VirtualFilterChain.doFilter(FilterChainProxy.java:374) ~[spring-security-web-6.0.1.jar:6.0.1]
	at org.springframework.security.web.FilterChainProxy.doFilterInternal(FilterChainProxy.java:233) ~[spring-security-web-6.0.1.jar:6.0.1]
	at org.springframework.security.web.FilterChainProxy.doFilter(FilterChainProxy.java:191) ~[spring-security-web-6.0.1.jar:6.0.1]
	at org.springframework.web.filter.DelegatingFilterProxy.invokeDelegate(DelegatingFilterProxy.java:351) ~[spring-web-6.0.3.jar:6.0.3]
	at org.springframework.web.filter.DelegatingFilterProxy.doFilter(DelegatingFilterProxy.java:267) ~[spring-web-6.0.3.jar:6.0.3]
	at org.apache.catalina.core.ApplicationFilterChain.internalDoFilter(ApplicationFilterChain.java:185) ~[tomcat-embed-core-10.1.4.jar:10.1.4]
	at org.apache.catalina.core.ApplicationFilterChain.doFilter(ApplicationFilterChain.java:158) ~[tomcat-embed-core-10.1.4.jar:10.1.4]
	at org.springframework.web.filter.RequestContextFilter.doFilterInternal(RequestContextFilter.java:100) ~[spring-web-6.0.3.jar:6.0.3]
	at org.springframework.web.filter.OncePerRequestFilter.doFilter(OncePerRequestFilter.java:116) ~[spring-web-6.0.3.jar:6.0.3]
	at org.apache.catalina.core.ApplicationFilterChain.internalDoFilter(ApplicationFilterChain.java:185) ~[tomcat-embed-core-10.1.4.jar:10.1.4]
	at org.apache.catalina.core.ApplicationFilterChain.doFilter(ApplicationFilterChain.java:158) ~[tomcat-embed-core-10.1.4.jar:10.1.4]
	at org.springframework.web.filter.FormContentFilter.doFilterInternal(FormContentFilter.java:93) ~[spring-web-6.0.3.jar:6.0.3]
	at org.springframework.web.filter.OncePerRequestFilter.doFilter(OncePerRequestFilter.java:116) ~[spring-web-6.0.3.jar:6.0.3]
	at org.apache.catalina.core.ApplicationFilterChain.internalDoFilter(ApplicationFilterChain.java:185) ~[tomcat-embed-core-10.1.4.jar:10.1.4]
	at org.apache.catalina.core.ApplicationFilterChain.doFilter(ApplicationFilterChain.java:158) ~[tomcat-embed-core-10.1.4.jar:10.1.4]
	at org.springframework.web.filter.CharacterEncodingFilter.doFilterInternal(CharacterEncodingFilter.java:201) ~[spring-web-6.0.3.jar:6.0.3]
	at org.springframework.web.filter.OncePerRequestFilter.doFilter(OncePerRequestFilter.java:116) ~[spring-web-6.0.3.jar:6.0.3]
	at org.apache.catalina.core.ApplicationFilterChain.internalDoFilter(ApplicationFilterChain.java:185) ~[tomcat-embed-core-10.1.4.jar:10.1.4]
	at org.apache.catalina.core.ApplicationFilterChain.doFilter(ApplicationFilterChain.java:158) ~[tomcat-embed-core-10.1.4.jar:10.1.4]
	at org.apache.catalina.core.StandardWrapperValve.invoke(StandardWrapperValve.java:177) ~[tomcat-embed-core-10.1.4.jar:10.1.4]
	at org.apache.catalina.core.StandardContextValve.invoke(StandardContextValve.java:97) ~[tomcat-embed-core-10.1.4.jar:10.1.4]
	at org.apache.catalina.authenticator.AuthenticatorBase.invoke(AuthenticatorBase.java:542) ~[tomcat-embed-core-10.1.4.jar:10.1.4]
	at org.apache.catalina.core.StandardHostValve.invoke(StandardHostValve.java:119) ~[tomcat-embed-core-10.1.4.jar:10.1.4]
	at org.apache.catalina.valves.ErrorReportValve.invoke(ErrorReportValve.java:92) ~[tomcat-embed-core-10.1.4.jar:10.1.4]
	at org.apache.catalina.core.StandardEngineValve.invoke(StandardEngineValve.java:78) ~[tomcat-embed-core-10.1.4.jar:10.1.4]
	at org.apache.catalina.valves.RemoteIpValve.invoke(RemoteIpValve.java:741) ~[tomcat-embed-core-10.1.4.jar:10.1.4]
	at org.apache.catalina.connector.CoyoteAdapter.service(CoyoteAdapter.java:357) ~[tomcat-embed-core-10.1.4.jar:10.1.4]
	at org.apache.coyote.http11.Http11Processor.service(Http11Processor.java:400) ~[tomcat-embed-core-10.1.4.jar:10.1.4]
	at org.apache.coyote.AbstractProcessorLight.process(AbstractProcessorLight.java:65) ~[tomcat-embed-core-10.1.4.jar:10.1.4]
	at org.apache.coyote.AbstractProtocol$ConnectionHandler.process(AbstractProtocol.java:859) ~[tomcat-embed-core-10.1.4.jar:10.1.4]
	at org.apache.tomcat.util.net.NioEndpoint$SocketProcessor.doRun(NioEndpoint.java:1734) ~[tomcat-embed-core-10.1.4.jar:10.1.4]
	at org.apache.tomcat.util.net.SocketProcessorBase.run(SocketProcessorBase.java:52) ~[tomcat-embed-core-10.1.4.jar:10.1.4]
	at org.apache.tomcat.util.threads.ThreadPoolExecutor.runWorker(ThreadPoolExecutor.java:1191) ~[tomcat-embed-core-10.1.4.jar:10.1.4]
	at org.apache.tomcat.util.threads.ThreadPoolExecutor$Worker.run(ThreadPoolExecutor.java:659) ~[tomcat-embed-core-10.1.4.jar:10.1.4]
	at org.apache.tomcat.util.threads.TaskThread$WrappingRunnable.run(TaskThread.java:61) ~[tomcat-embed-core-10.1.4.jar:10.1.4]
	at java.lang.Thread.run(Thread.java:840) ~[?:?]
2025-11-06 07:37:21 DEBUG SQL - 
    select
        u1_0.user_id,
        u1_0.email,
        u1_0.mobile_number,
        u1_0.password,
        u1_0.user_role,
        u1_0.username 
    from
        user u1_0 
    where
        u1_0.username=?
2025-11-06 07:37:21 ERROR [dispatcherServlet] - Servlet.service() for servlet [dispatcherServlet] in context with path [] threw exception [Request processing failed: java.lang.RuntimeException: Invalid username or password] with root cause
java.lang.RuntimeException: Invalid username or password
	at com.examly.springapp.service.UserServiceImpl.loginUser(UserServiceImpl.java:71) ~[classes/:?]
	at com.examly.springapp.controller.UserController.loginUser(UserController.java:51) ~[classes/:?]
	at jdk.internal.reflect.NativeMethodAccessorImpl.invoke0(Native Method) ~[?:?]
	at jdk.internal.reflect.NativeMethodAccessorImpl.invoke(NativeMethodAccessorImpl.java:77) ~[?:?]
	at jdk.internal.reflect.DelegatingMethodAccessorImpl.invoke(DelegatingMethodAccessorImpl.java:43) ~[?:?]
	at java.lang.reflect.Method.invoke(Method.java:569) ~[?:?]
	at org.springframework.aop.support.AopUtils.invokeJoinpointUsingReflection(AopUtils.java:343) ~[spring-aop-6.0.3.jar:6.0.3]
	at org.springframework.aop.framework.CglibAopProxy$DynamicAdvisedInterceptor.intercept(CglibAopProxy.java:699) ~[spring-aop-6.0.3.jar:6.0.3]
	at com.examly.springapp.controller.UserController$$SpringCGLIB$$0.loginUser(<generated>) ~[classes/:?]
	at jdk.internal.reflect.NativeMethodAccessorImpl.invoke0(Native Method) ~[?:?]
	at jdk.internal.reflect.NativeMethodAccessorImpl.invoke(NativeMethodAccessorImpl.java:77) ~[?:?]
	at jdk.internal.reflect.DelegatingMethodAccessorImpl.invoke(DelegatingMethodAccessorImpl.java:43) ~[?:?]
	at java.lang.reflect.Method.invoke(Method.java:569) ~[?:?]
	at org.springframework.web.method.support.InvocableHandlerMethod.doInvoke(InvocableHandlerMethod.java:207) ~[spring-web-6.0.3.jar:6.0.3]
	at org.springframework.web.method.support.InvocableHandlerMethod.invokeForRequest(InvocableHandlerMethod.java:152) ~[spring-web-6.0.3.jar:6.0.3]
	at org.springframework.web.servlet.mvc.method.annotation.ServletInvocableHandlerMethod.invokeAndHandle(ServletInvocableHandlerMethod.java:117) ~[spring-webmvc-6.0.3.jar:6.0.3]
	at org.springframework.web.servlet.mvc.method.annotation.RequestMappingHandlerAdapter.invokeHandlerMethod(RequestMappingHandlerAdapter.java:884) ~[spring-webmvc-6.0.3.jar:6.0.3]
	at org.springframework.web.servlet.mvc.method.annotation.RequestMappingHandlerAdapter.handleInternal(RequestMappingHandlerAdapter.java:797) ~[spring-webmvc-6.0.3.jar:6.0.3]
	at org.springframework.web.servlet.mvc.method.AbstractHandlerMethodAdapter.handle(AbstractHandlerMethodAdapter.java:87) ~[spring-webmvc-6.0.3.jar:6.0.3]
	at org.springframework.web.servlet.DispatcherServlet.doDispatch(DispatcherServlet.java:1080) ~[spring-webmvc-6.0.3.jar:6.0.3]
	at org.springframework.web.servlet.DispatcherServlet.doService(DispatcherServlet.java:973) ~[spring-webmvc-6.0.3.jar:6.0.3]
	at org.springframework.web.servlet.FrameworkServlet.processRequest(FrameworkServlet.java:1010) ~[spring-webmvc-6.0.3.jar:6.0.3]
	at org.springframework.web.servlet.FrameworkServlet.doPost(FrameworkServlet.java:913) ~[spring-webmvc-6.0.3.jar:6.0.3]
	at jakarta.servlet.http.HttpServlet.service(HttpServlet.java:731) ~[tomcat-embed-core-10.1.4.jar:6.0]
	at org.springframework.web.servlet.FrameworkServlet.service(FrameworkServlet.java:884) ~[spring-webmvc-6.0.3.jar:6.0.3]
	at jakarta.servlet.http.HttpServlet.service(HttpServlet.java:814) ~[tomcat-embed-core-10.1.4.jar:6.0]
	at org.apache.catalina.core.ApplicationFilterChain.internalDoFilter(ApplicationFilterChain.java:223) ~[tomcat-embed-core-10.1.4.jar:10.1.4]
	at org.apache.catalina.core.ApplicationFilterChain.doFilter(ApplicationFilterChain.java:158) ~[tomcat-embed-core-10.1.4.jar:10.1.4]
	at org.apache.tomcat.websocket.server.WsFilter.doFilter(WsFilter.java:53) ~[tomcat-embed-websocket-10.1.4.jar:10.1.4]
	at org.apache.catalina.core.ApplicationFilterChain.internalDoFilter(ApplicationFilterChain.java:185) ~[tomcat-embed-core-10.1.4.jar:10.1.4]
	at org.apache.catalina.core.ApplicationFilterChain.doFilter(ApplicationFilterChain.java:158) ~[tomcat-embed-core-10.1.4.jar:10.1.4]
	at org.springframework.web.filter.OncePerRequestFilter.doFilter(OncePerRequestFilter.java:110) ~[spring-web-6.0.3.jar:6.0.3]
	at org.apache.catalina.core.ApplicationFilterChain.internalDoFilter(ApplicationFilterChain.java:185) ~[tomcat-embed-core-10.1.4.jar:10.1.4]
	at org.apache.catalina.core.ApplicationFilterChain.doFilter(ApplicationFilterChain.java:158) ~[tomcat-embed-core-10.1.4.jar:10.1.4]
	at org.springframework.security.web.FilterChainProxy.lambda$doFilterInternal$3(FilterChainProxy.java:231) ~[spring-security-web-6.0.1.jar:6.0.1]
	at org.springframework.security.web.FilterChainProxy$VirtualFilterChain.doFilter(FilterChainProxy.java:365) ~[spring-security-web-6.0.1.jar:6.0.1]
	at org.springframework.security.web.access.intercept.AuthorizationFilter.doFilter(AuthorizationFilter.java:100) ~[spring-security-web-6.0.1.jar:6.0.1]
	at org.springframework.security.web.FilterChainProxy$VirtualFilterChain.doFilter(FilterChainProxy.java:374) ~[spring-security-web-6.0.1.jar:6.0.1]
	at org.springframework.security.web.access.ExceptionTranslationFilter.doFilter(ExceptionTranslationFilter.java:126) ~[spring-security-web-6.0.1.jar:6.0.1]
	at org.springframework.security.web.access.ExceptionTranslationFilter.doFilter(ExceptionTranslationFilter.java:120) ~[spring-security-web-6.0.1.jar:6.0.1]
	at org.springframework.security.web.FilterChainProxy$VirtualFilterChain.doFilter(FilterChainProxy.java:374) ~[spring-security-web-6.0.1.jar:6.0.1]
	at org.springframework.security.web.session.SessionManagementFilter.doFilter(SessionManagementFilter.java:131) ~[spring-security-web-6.0.1.jar:6.0.1]
	at org.springframework.security.web.session.SessionManagementFilter.doFilter(SessionManagementFilter.java:85) ~[spring-security-web-6.0.1.jar:6.0.1]
	at org.springframework.security.web.FilterChainProxy$VirtualFilterChain.doFilter(FilterChainProxy.java:374) ~[spring-security-web-6.0.1.jar:6.0.1]
	at org.springframework.security.web.authentication.AnonymousAuthenticationFilter.doFilter(AnonymousAuthenticationFilter.java:100) ~[spring-security-web-6.0.1.jar:6.0.1]
	at org.springframework.security.web.FilterChainProxy$VirtualFilterChain.doFilter(FilterChainProxy.java:374) ~[spring-security-web-6.0.1.jar:6.0.1]
	at org.springframework.security.web.servletapi.SecurityContextHolderAwareRequestFilter.doFilter(SecurityContextHolderAwareRequestFilter.java:179) ~[spring-security-web-6.0.1.jar:6.0.1]
	at org.springframework.security.web.FilterChainProxy$VirtualFilterChain.doFilter(FilterChainProxy.java:374) ~[spring-security-web-6.0.1.jar:6.0.1]
	at org.springframework.security.web.savedrequest.RequestCacheAwareFilter.doFilter(RequestCacheAwareFilter.java:63) ~[spring-security-web-6.0.1.jar:6.0.1]
	at org.springframework.security.web.FilterChainProxy$VirtualFilterChain.doFilter(FilterChainProxy.java:374) ~[spring-security-web-6.0.1.jar:6.0.1]
	at org.springframework.security.web.authentication.www.BasicAuthenticationFilter.doFilterInternal(BasicAuthenticationFilter.java:170) ~[spring-security-web-6.0.1.jar:6.0.1]
	at org.springframework.web.filter.OncePerRequestFilter.doFilter(OncePerRequestFilter.java:116) ~[spring-web-6.0.3.jar:6.0.3]
	at org.springframework.security.web.FilterChainProxy$VirtualFilterChain.doFilter(FilterChainProxy.java:374) ~[spring-security-web-6.0.1.jar:6.0.1]
	at com.examly.springapp.config.JwtAuthenticationFilter.doFilterInternal(JwtAuthenticationFilter.java:58) ~[classes/:?]
	at org.springframework.web.filter.OncePerRequestFilter.doFilter(OncePerRequestFilter.java:116) ~[spring-web-6.0.3.jar:6.0.3]
	at org.springframework.security.web.FilterChainProxy$VirtualFilterChain.doFilter(FilterChainProxy.java:374) ~[spring-security-web-6.0.1.jar:6.0.1]
	at org.springframework.security.web.authentication.logout.LogoutFilter.doFilter(LogoutFilter.java:107) ~[spring-security-web-6.0.1.jar:6.0.1]
	at org.springframework.security.web.authentication.logout.LogoutFilter.doFilter(LogoutFilter.java:93) ~[spring-security-web-6.0.1.jar:6.0.1]
	at org.springframework.security.web.FilterChainProxy$VirtualFilterChain.doFilter(FilterChainProxy.java:374) ~[spring-security-web-6.0.1.jar:6.0.1]
	at org.springframework.web.filter.CorsFilter.doFilterInternal(CorsFilter.java:91) ~[spring-web-6.0.3.jar:6.0.3]
	at org.springframework.web.filter.OncePerRequestFilter.doFilter(OncePerRequestFilter.java:116) ~[spring-web-6.0.3.jar:6.0.3]
	at org.springframework.security.web.FilterChainProxy$VirtualFilterChain.doFilter(FilterChainProxy.java:374) ~[spring-security-web-6.0.1.jar:6.0.1]
	at org.springframework.security.web.header.HeaderWriterFilter.doHeadersAfter(HeaderWriterFilter.java:90) ~[spring-security-web-6.0.1.jar:6.0.1]
	at org.springframework.security.web.header.HeaderWriterFilter.doFilterInternal(HeaderWriterFilter.java:75) ~[spring-security-web-6.0.1.jar:6.0.1]
	at org.springframework.web.filter.OncePerRequestFilter.doFilter(OncePerRequestFilter.java:116) ~[spring-web-6.0.3.jar:6.0.3]
	at org.springframework.security.web.FilterChainProxy$VirtualFilterChain.doFilter(FilterChainProxy.java:374) ~[spring-security-web-6.0.1.jar:6.0.1]
	at org.springframework.security.web.context.SecurityContextHolderFilter.doFilter(SecurityContextHolderFilter.java:82) ~[spring-security-web-6.0.1.jar:6.0.1]
	at org.springframework.security.web.context.SecurityContextHolderFilter.doFilter(SecurityContextHolderFilter.java:69) ~[spring-security-web-6.0.1.jar:6.0.1]
	at org.springframework.security.web.FilterChainProxy$VirtualFilterChain.doFilter(FilterChainProxy.java:374) ~[spring-security-web-6.0.1.jar:6.0.1]
	at org.springframework.security.web.context.request.async.WebAsyncManagerIntegrationFilter.doFilterInternal(WebAsyncManagerIntegrationFilter.java:62) ~[spring-security-web-6.0.1.jar:6.0.1]
	at org.springframework.web.filter.OncePerRequestFilter.doFilter(OncePerRequestFilter.java:116) ~[spring-web-6.0.3.jar:6.0.3]
	at org.springframework.security.web.FilterChainProxy$VirtualFilterChain.doFilter(FilterChainProxy.java:374) ~[spring-security-web-6.0.1.jar:6.0.1]
	at org.springframework.security.web.session.DisableEncodeUrlFilter.doFilterInternal(DisableEncodeUrlFilter.java:42) ~[spring-security-web-6.0.1.jar:6.0.1]
	at org.springframework.web.filter.OncePerRequestFilter.doFilter(OncePerRequestFilter.java:116) ~[spring-web-6.0.3.jar:6.0.3]
	at org.springframework.security.web.FilterChainProxy$VirtualFilterChain.doFilter(FilterChainProxy.java:374) ~[spring-security-web-6.0.1.jar:6.0.1]
	at org.springframework.security.web.FilterChainProxy.doFilterInternal(FilterChainProxy.java:233) ~[spring-security-web-6.0.1.jar:6.0.1]
	at org.springframework.security.web.FilterChainProxy.doFilter(FilterChainProxy.java:191) ~[spring-security-web-6.0.1.jar:6.0.1]
	at org.springframework.web.filter.DelegatingFilterProxy.invokeDelegate(DelegatingFilterProxy.java:351) ~[spring-web-6.0.3.jar:6.0.3]
	at org.springframework.web.filter.DelegatingFilterProxy.doFilter(DelegatingFilterProxy.java:267) ~[spring-web-6.0.3.jar:6.0.3]
	at org.apache.catalina.core.ApplicationFilterChain.internalDoFilter(ApplicationFilterChain.java:185) ~[tomcat-embed-core-10.1.4.jar:10.1.4]
	at org.apache.catalina.core.ApplicationFilterChain.doFilter(ApplicationFilterChain.java:158) ~[tomcat-embed-core-10.1.4.jar:10.1.4]
	at org.springframework.web.filter.RequestContextFilter.doFilterInternal(RequestContextFilter.java:100) ~[spring-web-6.0.3.jar:6.0.3]
	at org.springframework.web.filter.OncePerRequestFilter.doFilter(OncePerRequestFilter.java:116) ~[spring-web-6.0.3.jar:6.0.3]
	at org.apache.catalina.core.ApplicationFilterChain.internalDoFilter(ApplicationFilterChain.java:185) ~[tomcat-embed-core-10.1.4.jar:10.1.4]
	at org.apache.catalina.core.ApplicationFilterChain.doFilter(ApplicationFilterChain.java:158) ~[tomcat-embed-core-10.1.4.jar:10.1.4]
	at org.springframework.web.filter.FormContentFilter.doFilterInternal(FormContentFilter.java:93) ~[spring-web-6.0.3.jar:6.0.3]
	at org.springframework.web.filter.OncePerRequestFilter.doFilter(OncePerRequestFilter.java:116) ~[spring-web-6.0.3.jar:6.0.3]
	at org.apache.catalina.core.ApplicationFilterChain.internalDoFilter(ApplicationFilterChain.java:185) ~[tomcat-embed-core-10.1.4.jar:10.1.4]
	at org.apache.catalina.core.ApplicationFilterChain.doFilter(ApplicationFilterChain.java:158) ~[tomcat-embed-core-10.1.4.jar:10.1.4]
	at org.springframework.web.filter.CharacterEncodingFilter.doFilterInternal(CharacterEncodingFilter.java:201) ~[spring-web-6.0.3.jar:6.0.3]
	at org.springframework.web.filter.OncePerRequestFilter.doFilter(OncePerRequestFilter.java:116) ~[spring-web-6.0.3.jar:6.0.3]
	at org.apache.catalina.core.ApplicationFilterChain.internalDoFilter(ApplicationFilterChain.java:185) ~[tomcat-embed-core-10.1.4.jar:10.1.4]
	at org.apache.catalina.core.ApplicationFilterChain.doFilter(ApplicationFilterChain.java:158) ~[tomcat-embed-core-10.1.4.jar:10.1.4]
	at org.apache.catalina.core.StandardWrapperValve.invoke(StandardWrapperValve.java:177) ~[tomcat-embed-core-10.1.4.jar:10.1.4]
	at org.apache.catalina.core.StandardContextValve.invoke(StandardContextValve.java:97) ~[tomcat-embed-core-10.1.4.jar:10.1.4]
	at org.apache.catalina.authenticator.AuthenticatorBase.invoke(AuthenticatorBase.java:542) ~[tomcat-embed-core-10.1.4.jar:10.1.4]
	at org.apache.catalina.core.StandardHostValve.invoke(StandardHostValve.java:119) ~[tomcat-embed-core-10.1.4.jar:10.1.4]
	at org.apache.catalina.valves.ErrorReportValve.invoke(ErrorReportValve.java:92) ~[tomcat-embed-core-10.1.4.jar:10.1.4]
	at org.apache.catalina.core.StandardEngineValve.invoke(StandardEngineValve.java:78) ~[tomcat-embed-core-10.1.4.jar:10.1.4]
	at org.apache.catalina.valves.RemoteIpValve.invoke(RemoteIpValve.java:741) ~[tomcat-embed-core-10.1.4.jar:10.1.4]
	at org.apache.catalina.connector.CoyoteAdapter.service(CoyoteAdapter.java:357) ~[tomcat-embed-core-10.1.4.jar:10.1.4]
	at org.apache.coyote.http11.Http11Processor.service(Http11Processor.java:400) ~[tomcat-embed-core-10.1.4.jar:10.1.4]
	at org.apache.coyote.AbstractProcessorLight.process(AbstractProcessorLight.java:65) ~[tomcat-embed-core-10.1.4.jar:10.1.4]
	at org.apache.coyote.AbstractProtocol$ConnectionHandler.process(AbstractProtocol.java:859) ~[tomcat-embed-core-10.1.4.jar:10.1.4]
	at org.apache.tomcat.util.net.NioEndpoint$SocketProcessor.doRun(NioEndpoint.java:1734) ~[tomcat-embed-core-10.1.4.jar:10.1.4]
	at org.apache.tomcat.util.net.SocketProcessorBase.run(SocketProcessorBase.java:52) ~[tomcat-embed-core-10.1.4.jar:10.1.4]
	at org.apache.tomcat.util.threads.ThreadPoolExecutor.runWorker(ThreadPoolExecutor.java:1191) ~[tomcat-embed-core-10.1.4.jar:10.1.4]
	at org.apache.tomcat.util.threads.ThreadPoolExecutor$Worker.run(ThreadPoolExecutor.java:659) ~[tomcat-embed-core-10.1.4.jar:10.1.4]
	at org.apache.tomcat.util.threads.TaskThread$WrappingRunnable.run(TaskThread.java:61) ~[tomcat-embed-core-10.1.4.jar:10.1.4]
	at java.lang.Thread.run(Thread.java:840) ~[?:?]
2025-11-06 07:37:24 DEBUG SQL - 
    select
        u1_0.user_id,
        u1_0.email,
        u1_0.mobile_number,
        u1_0.password,
        u1_0.user_role,
        u1_0.username 
    from
        user u1_0 
    where
        u1_0.username=?
2025-11-06 07:37:24 ERROR [dispatcherServlet] - Servlet.service() for servlet [dispatcherServlet] in context with path [] threw exception [Request processing failed: java.lang.RuntimeException: Invalid username or password] with root cause
java.lang.RuntimeException: Invalid username or password
	at com.examly.springapp.service.UserServiceImpl.loginUser(UserServiceImpl.java:71) ~[classes/:?]
	at com.examly.springapp.controller.UserController.loginUser(UserController.java:51) ~[classes/:?]
	at jdk.internal.reflect.NativeMethodAccessorImpl.invoke0(Native Method) ~[?:?]
	at jdk.internal.reflect.NativeMethodAccessorImpl.invoke(NativeMethodAccessorImpl.java:77) ~[?:?]
	at jdk.internal.reflect.DelegatingMethodAccessorImpl.invoke(DelegatingMethodAccessorImpl.java:43) ~[?:?]
	at java.lang.reflect.Method.invoke(Method.java:569) ~[?:?]
	at org.springframework.aop.support.AopUtils.invokeJoinpointUsingReflection(AopUtils.java:343) ~[spring-aop-6.0.3.jar:6.0.3]
	at org.springframework.aop.framework.CglibAopProxy$DynamicAdvisedInterceptor.intercept(CglibAopProxy.java:699) ~[spring-aop-6.0.3.jar:6.0.3]
	at com.examly.springapp.controller.UserController$$SpringCGLIB$$0.loginUser(<generated>) ~[classes/:?]
	at jdk.internal.reflect.NativeMethodAccessorImpl.invoke0(Native Method) ~[?:?]
	at jdk.internal.reflect.NativeMethodAccessorImpl.invoke(NativeMethodAccessorImpl.java:77) ~[?:?]
	at jdk.internal.reflect.DelegatingMethodAccessorImpl.invoke(DelegatingMethodAccessorImpl.java:43) ~[?:?]
	at java.lang.reflect.Method.invoke(Method.java:569) ~[?:?]
	at org.springframework.web.method.support.InvocableHandlerMethod.doInvoke(InvocableHandlerMethod.java:207) ~[spring-web-6.0.3.jar:6.0.3]
	at org.springframework.web.method.support.InvocableHandlerMethod.invokeForRequest(InvocableHandlerMethod.java:152) ~[spring-web-6.0.3.jar:6.0.3]
	at org.springframework.web.servlet.mvc.method.annotation.ServletInvocableHandlerMethod.invokeAndHandle(ServletInvocableHandlerMethod.java:117) ~[spring-webmvc-6.0.3.jar:6.0.3]
	at org.springframework.web.servlet.mvc.method.annotation.RequestMappingHandlerAdapter.invokeHandlerMethod(RequestMappingHandlerAdapter.java:884) ~[spring-webmvc-6.0.3.jar:6.0.3]
	at org.springframework.web.servlet.mvc.method.annotation.RequestMappingHandlerAdapter.handleInternal(RequestMappingHandlerAdapter.java:797) ~[spring-webmvc-6.0.3.jar:6.0.3]
	at org.springframework.web.servlet.mvc.method.AbstractHandlerMethodAdapter.handle(AbstractHandlerMethodAdapter.java:87) ~[spring-webmvc-6.0.3.jar:6.0.3]
	at org.springframework.web.servlet.DispatcherServlet.doDispatch(DispatcherServlet.java:1080) ~[spring-webmvc-6.0.3.jar:6.0.3]
	at org.springframework.web.servlet.DispatcherServlet.doService(DispatcherServlet.java:973) ~[spring-webmvc-6.0.3.jar:6.0.3]
	at org.springframework.web.servlet.FrameworkServlet.processRequest(FrameworkServlet.java:1010) ~[spring-webmvc-6.0.3.jar:6.0.3]
	at org.springframework.web.servlet.FrameworkServlet.doPost(FrameworkServlet.java:913) ~[spring-webmvc-6.0.3.jar:6.0.3]
	at jakarta.servlet.http.HttpServlet.service(HttpServlet.java:731) ~[tomcat-embed-core-10.1.4.jar:6.0]
	at org.springframework.web.servlet.FrameworkServlet.service(FrameworkServlet.java:884) ~[spring-webmvc-6.0.3.jar:6.0.3]
	at jakarta.servlet.http.HttpServlet.service(HttpServlet.java:814) ~[tomcat-embed-core-10.1.4.jar:6.0]
	at org.apache.catalina.core.ApplicationFilterChain.internalDoFilter(ApplicationFilterChain.java:223) ~[tomcat-embed-core-10.1.4.jar:10.1.4]
	at org.apache.catalina.core.ApplicationFilterChain.doFilter(ApplicationFilterChain.java:158) ~[tomcat-embed-core-10.1.4.jar:10.1.4]
	at org.apache.tomcat.websocket.server.WsFilter.doFilter(WsFilter.java:53) ~[tomcat-embed-websocket-10.1.4.jar:10.1.4]
	at org.apache.catalina.core.ApplicationFilterChain.internalDoFilter(ApplicationFilterChain.java:185) ~[tomcat-embed-core-10.1.4.jar:10.1.4]
	at org.apache.catalina.core.ApplicationFilterChain.doFilter(ApplicationFilterChain.java:158) ~[tomcat-embed-core-10.1.4.jar:10.1.4]
	at org.springframework.web.filter.OncePerRequestFilter.doFilter(OncePerRequestFilter.java:110) ~[spring-web-6.0.3.jar:6.0.3]
	at org.apache.catalina.core.ApplicationFilterChain.internalDoFilter(ApplicationFilterChain.java:185) ~[tomcat-embed-core-10.1.4.jar:10.1.4]
	at org.apache.catalina.core.ApplicationFilterChain.doFilter(ApplicationFilterChain.java:158) ~[tomcat-embed-core-10.1.4.jar:10.1.4]
	at org.springframework.security.web.FilterChainProxy.lambda$doFilterInternal$3(FilterChainProxy.java:231) ~[spring-security-web-6.0.1.jar:6.0.1]
	at org.springframework.security.web.FilterChainProxy$VirtualFilterChain.doFilter(FilterChainProxy.java:365) ~[spring-security-web-6.0.1.jar:6.0.1]
	at org.springframework.security.web.access.intercept.AuthorizationFilter.doFilter(AuthorizationFilter.java:100) ~[spring-security-web-6.0.1.jar:6.0.1]
	at org.springframework.security.web.FilterChainProxy$VirtualFilterChain.doFilter(FilterChainProxy.java:374) ~[spring-security-web-6.0.1.jar:6.0.1]
	at org.springframework.security.web.access.ExceptionTranslationFilter.doFilter(ExceptionTranslationFilter.java:126) ~[spring-security-web-6.0.1.jar:6.0.1]
	at org.springframework.security.web.access.ExceptionTranslationFilter.doFilter(ExceptionTranslationFilter.java:120) ~[spring-security-web-6.0.1.jar:6.0.1]
	at org.springframework.security.web.FilterChainProxy$VirtualFilterChain.doFilter(FilterChainProxy.java:374) ~[spring-security-web-6.0.1.jar:6.0.1]
	at org.springframework.security.web.session.SessionManagementFilter.doFilter(SessionManagementFilter.java:131) ~[spring-security-web-6.0.1.jar:6.0.1]
	at org.springframework.security.web.session.SessionManagementFilter.doFilter(SessionManagementFilter.java:85) ~[spring-security-web-6.0.1.jar:6.0.1]
	at org.springframework.security.web.FilterChainProxy$VirtualFilterChain.doFilter(FilterChainProxy.java:374) ~[spring-security-web-6.0.1.jar:6.0.1]
	at org.springframework.security.web.authentication.AnonymousAuthenticationFilter.doFilter(AnonymousAuthenticationFilter.java:100) ~[spring-security-web-6.0.1.jar:6.0.1]
	at org.springframework.security.web.FilterChainProxy$VirtualFilterChain.doFilter(FilterChainProxy.java:374) ~[spring-security-web-6.0.1.jar:6.0.1]
	at org.springframework.security.web.servletapi.SecurityContextHolderAwareRequestFilter.doFilter(SecurityContextHolderAwareRequestFilter.java:179) ~[spring-security-web-6.0.1.jar:6.0.1]
	at org.springframework.security.web.FilterChainProxy$VirtualFilterChain.doFilter(FilterChainProxy.java:374) ~[spring-security-web-6.0.1.jar:6.0.1]
	at org.springframework.security.web.savedrequest.RequestCacheAwareFilter.doFilter(RequestCacheAwareFilter.java:63) ~[spring-security-web-6.0.1.jar:6.0.1]
	at org.springframework.security.web.FilterChainProxy$VirtualFilterChain.doFilter(FilterChainProxy.java:374) ~[spring-security-web-6.0.1.jar:6.0.1]
	at org.springframework.security.web.authentication.www.BasicAuthenticationFilter.doFilterInternal(BasicAuthenticationFilter.java:170) ~[spring-security-web-6.0.1.jar:6.0.1]
	at org.springframework.web.filter.OncePerRequestFilter.doFilter(OncePerRequestFilter.java:116) ~[spring-web-6.0.3.jar:6.0.3]
	at org.springframework.security.web.FilterChainProxy$VirtualFilterChain.doFilter(FilterChainProxy.java:374) ~[spring-security-web-6.0.1.jar:6.0.1]
	at com.examly.springapp.config.JwtAuthenticationFilter.doFilterInternal(JwtAuthenticationFilter.java:58) ~[classes/:?]
	at org.springframework.web.filter.OncePerRequestFilter.doFilter(OncePerRequestFilter.java:116) ~[spring-web-6.0.3.jar:6.0.3]
	at org.springframework.security.web.FilterChainProxy$VirtualFilterChain.doFilter(FilterChainProxy.java:374) ~[spring-security-web-6.0.1.jar:6.0.1]
	at org.springframework.security.web.authentication.logout.LogoutFilter.doFilter(LogoutFilter.java:107) ~[spring-security-web-6.0.1.jar:6.0.1]
	at org.springframework.security.web.authentication.logout.LogoutFilter.doFilter(LogoutFilter.java:93) ~[spring-security-web-6.0.1.jar:6.0.1]
	at org.springframework.security.web.FilterChainProxy$VirtualFilterChain.doFilter(FilterChainProxy.java:374) ~[spring-security-web-6.0.1.jar:6.0.1]
	at org.springframework.web.filter.CorsFilter.doFilterInternal(CorsFilter.java:91) ~[spring-web-6.0.3.jar:6.0.3]
	at org.springframework.web.filter.OncePerRequestFilter.doFilter(OncePerRequestFilter.java:116) ~[spring-web-6.0.3.jar:6.0.3]
	at org.springframework.security.web.FilterChainProxy$VirtualFilterChain.doFilter(FilterChainProxy.java:374) ~[spring-security-web-6.0.1.jar:6.0.1]
	at org.springframework.security.web.header.HeaderWriterFilter.doHeadersAfter(HeaderWriterFilter.java:90) ~[spring-security-web-6.0.1.jar:6.0.1]
	at org.springframework.security.web.header.HeaderWriterFilter.doFilterInternal(HeaderWriterFilter.java:75) ~[spring-security-web-6.0.1.jar:6.0.1]
	at org.springframework.web.filter.OncePerRequestFilter.doFilter(OncePerRequestFilter.java:116) ~[spring-web-6.0.3.jar:6.0.3]
	at org.springframework.security.web.FilterChainProxy$VirtualFilterChain.doFilter(FilterChainProxy.java:374) ~[spring-security-web-6.0.1.jar:6.0.1]
	at org.springframework.security.web.context.SecurityContextHolderFilter.doFilter(SecurityContextHolderFilter.java:82) ~[spring-security-web-6.0.1.jar:6.0.1]
	at org.springframework.security.web.context.SecurityContextHolderFilter.doFilter(SecurityContextHolderFilter.java:69) ~[spring-security-web-6.0.1.jar:6.0.1]
	at org.springframework.security.web.FilterChainProxy$VirtualFilterChain.doFilter(FilterChainProxy.java:374) ~[spring-security-web-6.0.1.jar:6.0.1]
	at org.springframework.security.web.context.request.async.WebAsyncManagerIntegrationFilter.doFilterInternal(WebAsyncManagerIntegrationFilter.java:62) ~[spring-security-web-6.0.1.jar:6.0.1]
	at org.springframework.web.filter.OncePerRequestFilter.doFilter(OncePerRequestFilter.java:116) ~[spring-web-6.0.3.jar:6.0.3]
	at org.springframework.security.web.FilterChainProxy$VirtualFilterChain.doFilter(FilterChainProxy.java:374) ~[spring-security-web-6.0.1.jar:6.0.1]
	at org.springframework.security.web.session.DisableEncodeUrlFilter.doFilterInternal(DisableEncodeUrlFilter.java:42) ~[spring-security-web-6.0.1.jar:6.0.1]
	at org.springframework.web.filter.OncePerRequestFilter.doFilter(OncePerRequestFilter.java:116) ~[spring-web-6.0.3.jar:6.0.3]
	at org.springframework.security.web.FilterChainProxy$VirtualFilterChain.doFilter(FilterChainProxy.java:374) ~[spring-security-web-6.0.1.jar:6.0.1]
	at org.springframework.security.web.FilterChainProxy.doFilterInternal(FilterChainProxy.java:233) ~[spring-security-web-6.0.1.jar:6.0.1]
	at org.springframework.security.web.FilterChainProxy.doFilter(FilterChainProxy.java:191) ~[spring-security-web-6.0.1.jar:6.0.1]
	at org.springframework.web.filter.DelegatingFilterProxy.invokeDelegate(DelegatingFilterProxy.java:351) ~[spring-web-6.0.3.jar:6.0.3]
	at org.springframework.web.filter.DelegatingFilterProxy.doFilter(DelegatingFilterProxy.java:267) ~[spring-web-6.0.3.jar:6.0.3]
	at org.apache.catalina.core.ApplicationFilterChain.internalDoFilter(ApplicationFilterChain.java:185) ~[tomcat-embed-core-10.1.4.jar:10.1.4]
	at org.apache.catalina.core.ApplicationFilterChain.doFilter(ApplicationFilterChain.java:158) ~[tomcat-embed-core-10.1.4.jar:10.1.4]
	at org.springframework.web.filter.RequestContextFilter.doFilterInternal(RequestContextFilter.java:100) ~[spring-web-6.0.3.jar:6.0.3]
	at org.springframework.web.filter.OncePerRequestFilter.doFilter(OncePerRequestFilter.java:116) ~[spring-web-6.0.3.jar:6.0.3]
	at org.apache.catalina.core.ApplicationFilterChain.internalDoFilter(ApplicationFilterChain.java:185) ~[tomcat-embed-core-10.1.4.jar:10.1.4]
	at org.apache.catalina.core.ApplicationFilterChain.doFilter(ApplicationFilterChain.java:158) ~[tomcat-embed-core-10.1.4.jar:10.1.4]
	at org.springframework.web.filter.FormContentFilter.doFilterInternal(FormContentFilter.java:93) ~[spring-web-6.0.3.jar:6.0.3]
	at org.springframework.web.filter.OncePerRequestFilter.doFilter(OncePerRequestFilter.java:116) ~[spring-web-6.0.3.jar:6.0.3]
	at org.apache.catalina.core.ApplicationFilterChain.internalDoFilter(ApplicationFilterChain.java:185) ~[tomcat-embed-core-10.1.4.jar:10.1.4]
	at org.apache.catalina.core.ApplicationFilterChain.doFilter(ApplicationFilterChain.java:158) ~[tomcat-embed-core-10.1.4.jar:10.1.4]
	at org.springframework.web.filter.CharacterEncodingFilter.doFilterInternal(CharacterEncodingFilter.java:201) ~[spring-web-6.0.3.jar:6.0.3]
	at org.springframework.web.filter.OncePerRequestFilter.doFilter(OncePerRequestFilter.java:116) ~[spring-web-6.0.3.jar:6.0.3]
	at org.apache.catalina.core.ApplicationFilterChain.internalDoFilter(ApplicationFilterChain.java:185) ~[tomcat-embed-core-10.1.4.jar:10.1.4]
	at org.apache.catalina.core.ApplicationFilterChain.doFilter(ApplicationFilterChain.java:158) ~[tomcat-embed-core-10.1.4.jar:10.1.4]
	at org.apache.catalina.core.StandardWrapperValve.invoke(StandardWrapperValve.java:177) ~[tomcat-embed-core-10.1.4.jar:10.1.4]
	at org.apache.catalina.core.StandardContextValve.invoke(StandardContextValve.java:97) ~[tomcat-embed-core-10.1.4.jar:10.1.4]
	at org.apache.catalina.authenticator.AuthenticatorBase.invoke(AuthenticatorBase.java:542) ~[tomcat-embed-core-10.1.4.jar:10.1.4]
	at org.apache.catalina.core.StandardHostValve.invoke(StandardHostValve.java:119) ~[tomcat-embed-core-10.1.4.jar:10.1.4]
	at org.apache.catalina.valves.ErrorReportValve.invoke(ErrorReportValve.java:92) ~[tomcat-embed-core-10.1.4.jar:10.1.4]
	at org.apache.catalina.core.StandardEngineValve.invoke(StandardEngineValve.java:78) ~[tomcat-embed-core-10.1.4.jar:10.1.4]
	at org.apache.catalina.valves.RemoteIpValve.invoke(RemoteIpValve.java:741) ~[tomcat-embed-core-10.1.4.jar:10.1.4]
	at org.apache.catalina.connector.CoyoteAdapter.service(CoyoteAdapter.java:357) ~[tomcat-embed-core-10.1.4.jar:10.1.4]
	at org.apache.coyote.http11.Http11Processor.service(Http11Processor.java:400) ~[tomcat-embed-core-10.1.4.jar:10.1.4]
	at org.apache.coyote.AbstractProcessorLight.process(AbstractProcessorLight.java:65) ~[tomcat-embed-core-10.1.4.jar:10.1.4]
	at org.apache.coyote.AbstractProtocol$ConnectionHandler.process(AbstractProtocol.java:859) ~[tomcat-embed-core-10.1.4.jar:10.1.4]
	at org.apache.tomcat.util.net.NioEndpoint$SocketProcessor.doRun(NioEndpoint.java:1734) ~[tomcat-embed-core-10.1.4.jar:10.1.4]
	at org.apache.tomcat.util.net.SocketProcessorBase.run(SocketProcessorBase.java:52) ~[tomcat-embed-core-10.1.4.jar:10.1.4]
	at org.apache.tomcat.util.threads.ThreadPoolExecutor.runWorker(ThreadPoolExecutor.java:1191) ~[tomcat-embed-core-10.1.4.jar:10.1.4]
	at org.apache.tomcat.util.threads.ThreadPoolExecutor$Worker.run(ThreadPoolExecutor.java:659) ~[tomcat-embed-core-10.1.4.jar:10.1.4]
	at org.apache.tomcat.util.threads.TaskThread$WrappingRunnable.run(TaskThread.java:61) ~[tomcat-embed-core-10.1.4.jar:10.1.4]
	at java.lang.Thread.run(Thread.java:840) ~[?:?]
2025-11-06 07:37:27 DEBUG SQL - 
    select
        u1_0.user_id,
        u1_0.email,
        u1_0.mobile_number,
        u1_0.password,
        u1_0.user_role,
        u1_0.username 
    from
        user u1_0 
    where
        u1_0.username=?
2025-11-06 07:37:27 ERROR [dispatcherServlet] - Servlet.service() for servlet [dispatcherServlet] in context with path [] threw exception [Request processing failed: java.lang.RuntimeException: Invalid username or password] with root cause
java.lang.RuntimeException: Invalid username or password
	at com.examly.springapp.service.UserServiceImpl.loginUser(UserServiceImpl.java:71) ~[classes/:?]
	at com.examly.springapp.controller.UserController.loginUser(UserController.java:51) ~[classes/:?]
	at jdk.internal.reflect.NativeMethodAccessorImpl.invoke0(Native Method) ~[?:?]
	at jdk.internal.reflect.NativeMethodAccessorImpl.invoke(NativeMethodAccessorImpl.java:77) ~[?:?]
	at jdk.internal.reflect.DelegatingMethodAccessorImpl.invoke(DelegatingMethodAccessorImpl.java:43) ~[?:?]
	at java.lang.reflect.Method.invoke(Method.java:569) ~[?:?]
	at org.springframework.aop.support.AopUtils.invokeJoinpointUsingReflection(AopUtils.java:343) ~[spring-aop-6.0.3.jar:6.0.3]
	at org.springframework.aop.framework.CglibAopProxy$DynamicAdvisedInterceptor.intercept(CglibAopProxy.java:699) ~[spring-aop-6.0.3.jar:6.0.3]
	at com.examly.springapp.controller.UserController$$SpringCGLIB$$0.loginUser(<generated>) ~[classes/:?]
	at jdk.internal.reflect.NativeMethodAccessorImpl.invoke0(Native Method) ~[?:?]
	at jdk.internal.reflect.NativeMethodAccessorImpl.invoke(NativeMethodAccessorImpl.java:77) ~[?:?]
	at jdk.internal.reflect.DelegatingMethodAccessorImpl.invoke(DelegatingMethodAccessorImpl.java:43) ~[?:?]
	at java.lang.reflect.Method.invoke(Method.java:569) ~[?:?]
	at org.springframework.web.method.support.InvocableHandlerMethod.doInvoke(InvocableHandlerMethod.java:207) ~[spring-web-6.0.3.jar:6.0.3]
	at org.springframework.web.method.support.InvocableHandlerMethod.invokeForRequest(InvocableHandlerMethod.java:152) ~[spring-web-6.0.3.jar:6.0.3]
	at org.springframework.web.servlet.mvc.method.annotation.ServletInvocableHandlerMethod.invokeAndHandle(ServletInvocableHandlerMethod.java:117) ~[spring-webmvc-6.0.3.jar:6.0.3]
	at org.springframework.web.servlet.mvc.method.annotation.RequestMappingHandlerAdapter.invokeHandlerMethod(RequestMappingHandlerAdapter.java:884) ~[spring-webmvc-6.0.3.jar:6.0.3]
	at org.springframework.web.servlet.mvc.method.annotation.RequestMappingHandlerAdapter.handleInternal(RequestMappingHandlerAdapter.java:797) ~[spring-webmvc-6.0.3.jar:6.0.3]
	at org.springframework.web.servlet.mvc.method.AbstractHandlerMethodAdapter.handle(AbstractHandlerMethodAdapter.java:87) ~[spring-webmvc-6.0.3.jar:6.0.3]
	at org.springframework.web.servlet.DispatcherServlet.doDispatch(DispatcherServlet.java:1080) ~[spring-webmvc-6.0.3.jar:6.0.3]
	at org.springframework.web.servlet.DispatcherServlet.doService(DispatcherServlet.java:973) ~[spring-webmvc-6.0.3.jar:6.0.3]
	at org.springframework.web.servlet.FrameworkServlet.processRequest(FrameworkServlet.java:1010) ~[spring-webmvc-6.0.3.jar:6.0.3]
	at org.springframework.web.servlet.FrameworkServlet.doPost(FrameworkServlet.java:913) ~[spring-webmvc-6.0.3.jar:6.0.3]
	at jakarta.servlet.http.HttpServlet.service(HttpServlet.java:731) ~[tomcat-embed-core-10.1.4.jar:6.0]
	at org.springframework.web.servlet.FrameworkServlet.service(FrameworkServlet.java:884) ~[spring-webmvc-6.0.3.jar:6.0.3]
	at jakarta.servlet.http.HttpServlet.service(HttpServlet.java:814) ~[tomcat-embed-core-10.1.4.jar:6.0]
	at org.apache.catalina.core.ApplicationFilterChain.internalDoFilter(ApplicationFilterChain.java:223) ~[tomcat-embed-core-10.1.4.jar:10.1.4]
	at org.apache.catalina.core.ApplicationFilterChain.doFilter(ApplicationFilterChain.java:158) ~[tomcat-embed-core-10.1.4.jar:10.1.4]
	at org.apache.tomcat.websocket.server.WsFilter.doFilter(WsFilter.java:53) ~[tomcat-embed-websocket-10.1.4.jar:10.1.4]
	at org.apache.catalina.core.ApplicationFilterChain.internalDoFilter(ApplicationFilterChain.java:185) ~[tomcat-embed-core-10.1.4.jar:10.1.4]
	at org.apache.catalina.core.ApplicationFilterChain.doFilter(ApplicationFilterChain.java:158) ~[tomcat-embed-core-10.1.4.jar:10.1.4]
	at org.springframework.web.filter.OncePerRequestFilter.doFilter(OncePerRequestFilter.java:110) ~[spring-web-6.0.3.jar:6.0.3]
	at org.apache.catalina.core.ApplicationFilterChain.internalDoFilter(ApplicationFilterChain.java:185) ~[tomcat-embed-core-10.1.4.jar:10.1.4]
	at org.apache.catalina.core.ApplicationFilterChain.doFilter(ApplicationFilterChain.java:158) ~[tomcat-embed-core-10.1.4.jar:10.1.4]
	at org.springframework.security.web.FilterChainProxy.lambda$doFilterInternal$3(FilterChainProxy.java:231) ~[spring-security-web-6.0.1.jar:6.0.1]
	at org.springframework.security.web.FilterChainProxy$VirtualFilterChain.doFilter(FilterChainProxy.java:365) ~[spring-security-web-6.0.1.jar:6.0.1]
	at org.springframework.security.web.access.intercept.AuthorizationFilter.doFilter(AuthorizationFilter.java:100) ~[spring-security-web-6.0.1.jar:6.0.1]
	at org.springframework.security.web.FilterChainProxy$VirtualFilterChain.doFilter(FilterChainProxy.java:374) ~[spring-security-web-6.0.1.jar:6.0.1]
	at org.springframework.security.web.access.ExceptionTranslationFilter.doFilter(ExceptionTranslationFilter.java:126) ~[spring-security-web-6.0.1.jar:6.0.1]
	at org.springframework.security.web.access.ExceptionTranslationFilter.doFilter(ExceptionTranslationFilter.java:120) ~[spring-security-web-6.0.1.jar:6.0.1]
	at org.springframework.security.web.FilterChainProxy$VirtualFilterChain.doFilter(FilterChainProxy.java:374) ~[spring-security-web-6.0.1.jar:6.0.1]
	at org.springframework.security.web.session.SessionManagementFilter.doFilter(SessionManagementFilter.java:131) ~[spring-security-web-6.0.1.jar:6.0.1]
	at org.springframework.security.web.session.SessionManagementFilter.doFilter(SessionManagementFilter.java:85) ~[spring-security-web-6.0.1.jar:6.0.1]
	at org.springframework.security.web.FilterChainProxy$VirtualFilterChain.doFilter(FilterChainProxy.java:374) ~[spring-security-web-6.0.1.jar:6.0.1]
	at org.springframework.security.web.authentication.AnonymousAuthenticationFilter.doFilter(AnonymousAuthenticationFilter.java:100) ~[spring-security-web-6.0.1.jar:6.0.1]
	at org.springframework.security.web.FilterChainProxy$VirtualFilterChain.doFilter(FilterChainProxy.java:374) ~[spring-security-web-6.0.1.jar:6.0.1]
	at org.springframework.security.web.servletapi.SecurityContextHolderAwareRequestFilter.doFilter(SecurityContextHolderAwareRequestFilter.java:179) ~[spring-security-web-6.0.1.jar:6.0.1]
	at org.springframework.security.web.FilterChainProxy$VirtualFilterChain.doFilter(FilterChainProxy.java:374) ~[spring-security-web-6.0.1.jar:6.0.1]
	at org.springframework.security.web.savedrequest.RequestCacheAwareFilter.doFilter(RequestCacheAwareFilter.java:63) ~[spring-security-web-6.0.1.jar:6.0.1]
	at org.springframework.security.web.FilterChainProxy$VirtualFilterChain.doFilter(FilterChainProxy.java:374) ~[spring-security-web-6.0.1.jar:6.0.1]
	at org.springframework.security.web.authentication.www.BasicAuthenticationFilter.doFilterInternal(BasicAuthenticationFilter.java:170) ~[spring-security-web-6.0.1.jar:6.0.1]
	at org.springframework.web.filter.OncePerRequestFilter.doFilter(OncePerRequestFilter.java:116) ~[spring-web-6.0.3.jar:6.0.3]
	at org.springframework.security.web.FilterChainProxy$VirtualFilterChain.doFilter(FilterChainProxy.java:374) ~[spring-security-web-6.0.1.jar:6.0.1]
	at com.examly.springapp.config.JwtAuthenticationFilter.doFilterInternal(JwtAuthenticationFilter.java:58) ~[classes/:?]
	at org.springframework.web.filter.OncePerRequestFilter.doFilter(OncePerRequestFilter.java:116) ~[spring-web-6.0.3.jar:6.0.3]
	at org.springframework.security.web.FilterChainProxy$VirtualFilterChain.doFilter(FilterChainProxy.java:374) ~[spring-security-web-6.0.1.jar:6.0.1]
	at org.springframework.security.web.authentication.logout.LogoutFilter.doFilter(LogoutFilter.java:107) ~[spring-security-web-6.0.1.jar:6.0.1]
	at org.springframework.security.web.authentication.logout.LogoutFilter.doFilter(LogoutFilter.java:93) ~[spring-security-web-6.0.1.jar:6.0.1]
	at org.springframework.security.web.FilterChainProxy$VirtualFilterChain.doFilter(FilterChainProxy.java:374) ~[spring-security-web-6.0.1.jar:6.0.1]
	at org.springframework.web.filter.CorsFilter.doFilterInternal(CorsFilter.java:91) ~[spring-web-6.0.3.jar:6.0.3]
	at org.springframework.web.filter.OncePerRequestFilter.doFilter(OncePerRequestFilter.java:116) ~[spring-web-6.0.3.jar:6.0.3]
	at org.springframework.security.web.FilterChainProxy$VirtualFilterChain.doFilter(FilterChainProxy.java:374) ~[spring-security-web-6.0.1.jar:6.0.1]
	at org.springframework.security.web.header.HeaderWriterFilter.doHeadersAfter(HeaderWriterFilter.java:90) ~[spring-security-web-6.0.1.jar:6.0.1]
	at org.springframework.security.web.header.HeaderWriterFilter.doFilterInternal(HeaderWriterFilter.java:75) ~[spring-security-web-6.0.1.jar:6.0.1]
	at org.springframework.web.filter.OncePerRequestFilter.doFilter(OncePerRequestFilter.java:116) ~[spring-web-6.0.3.jar:6.0.3]
	at org.springframework.security.web.FilterChainProxy$VirtualFilterChain.doFilter(FilterChainProxy.java:374) ~[spring-security-web-6.0.1.jar:6.0.1]
	at org.springframework.security.web.context.SecurityContextHolderFilter.doFilter(SecurityContextHolderFilter.java:82) ~[spring-security-web-6.0.1.jar:6.0.1]
	at org.springframework.security.web.context.SecurityContextHolderFilter.doFilter(SecurityContextHolderFilter.java:69) ~[spring-security-web-6.0.1.jar:6.0.1]
	at org.springframework.security.web.FilterChainProxy$VirtualFilterChain.doFilter(FilterChainProxy.java:374) ~[spring-security-web-6.0.1.jar:6.0.1]
	at org.springframework.security.web.context.request.async.WebAsyncManagerIntegrationFilter.doFilterInternal(WebAsyncManagerIntegrationFilter.java:62) ~[spring-security-web-6.0.1.jar:6.0.1]
	at org.springframework.web.filter.OncePerRequestFilter.doFilter(OncePerRequestFilter.java:116) ~[spring-web-6.0.3.jar:6.0.3]
	at org.springframework.security.web.FilterChainProxy$VirtualFilterChain.doFilter(FilterChainProxy.java:374) ~[spring-security-web-6.0.1.jar:6.0.1]
	at org.springframework.security.web.session.DisableEncodeUrlFilter.doFilterInternal(DisableEncodeUrlFilter.java:42) ~[spring-security-web-6.0.1.jar:6.0.1]
	at org.springframework.web.filter.OncePerRequestFilter.doFilter(OncePerRequestFilter.java:116) ~[spring-web-6.0.3.jar:6.0.3]
	at org.springframework.security.web.FilterChainProxy$VirtualFilterChain.doFilter(FilterChainProxy.java:374) ~[spring-security-web-6.0.1.jar:6.0.1]
	at org.springframework.security.web.FilterChainProxy.doFilterInternal(FilterChainProxy.java:233) ~[spring-security-web-6.0.1.jar:6.0.1]
	at org.springframework.security.web.FilterChainProxy.doFilter(FilterChainProxy.java:191) ~[spring-security-web-6.0.1.jar:6.0.1]
	at org.springframework.web.filter.DelegatingFilterProxy.invokeDelegate(DelegatingFilterProxy.java:351) ~[spring-web-6.0.3.jar:6.0.3]
	at org.springframework.web.filter.DelegatingFilterProxy.doFilter(DelegatingFilterProxy.java:267) ~[spring-web-6.0.3.jar:6.0.3]
	at org.apache.catalina.core.ApplicationFilterChain.internalDoFilter(ApplicationFilterChain.java:185) ~[tomcat-embed-core-10.1.4.jar:10.1.4]
	at org.apache.catalina.core.ApplicationFilterChain.doFilter(ApplicationFilterChain.java:158) ~[tomcat-embed-core-10.1.4.jar:10.1.4]
	at org.springframework.web.filter.RequestContextFilter.doFilterInternal(RequestContextFilter.java:100) ~[spring-web-6.0.3.jar:6.0.3]
	at org.springframework.web.filter.OncePerRequestFilter.doFilter(OncePerRequestFilter.java:116) ~[spring-web-6.0.3.jar:6.0.3]
	at org.apache.catalina.core.ApplicationFilterChain.internalDoFilter(ApplicationFilterChain.java:185) ~[tomcat-embed-core-10.1.4.jar:10.1.4]
	at org.apache.catalina.core.ApplicationFilterChain.doFilter(ApplicationFilterChain.java:158) ~[tomcat-embed-core-10.1.4.jar:10.1.4]
	at org.springframework.web.filter.FormContentFilter.doFilterInternal(FormContentFilter.java:93) ~[spring-web-6.0.3.jar:6.0.3]
	at org.springframework.web.filter.OncePerRequestFilter.doFilter(OncePerRequestFilter.java:116) ~[spring-web-6.0.3.jar:6.0.3]
	at org.apache.catalina.core.ApplicationFilterChain.internalDoFilter(ApplicationFilterChain.java:185) ~[tomcat-embed-core-10.1.4.jar:10.1.4]
	at org.apache.catalina.core.ApplicationFilterChain.doFilter(ApplicationFilterChain.java:158) ~[tomcat-embed-core-10.1.4.jar:10.1.4]
	at org.springframework.web.filter.CharacterEncodingFilter.doFilterInternal(CharacterEncodingFilter.java:201) ~[spring-web-6.0.3.jar:6.0.3]
	at org.springframework.web.filter.OncePerRequestFilter.doFilter(OncePerRequestFilter.java:116) ~[spring-web-6.0.3.jar:6.0.3]
	at org.apache.catalina.core.ApplicationFilterChain.internalDoFilter(ApplicationFilterChain.java:185) ~[tomcat-embed-core-10.1.4.jar:10.1.4]
	at org.apache.catalina.core.ApplicationFilterChain.doFilter(ApplicationFilterChain.java:158) ~[tomcat-embed-core-10.1.4.jar:10.1.4]
	at org.apache.catalina.core.StandardWrapperValve.invoke(StandardWrapperValve.java:177) ~[tomcat-embed-core-10.1.4.jar:10.1.4]
	at org.apache.catalina.core.StandardContextValve.invoke(StandardContextValve.java:97) ~[tomcat-embed-core-10.1.4.jar:10.1.4]
	at org.apache.catalina.authenticator.AuthenticatorBase.invoke(AuthenticatorBase.java:542) ~[tomcat-embed-core-10.1.4.jar:10.1.4]
	at org.apache.catalina.core.StandardHostValve.invoke(StandardHostValve.java:119) ~[tomcat-embed-core-10.1.4.jar:10.1.4]
	at org.apache.catalina.valves.ErrorReportValve.invoke(ErrorReportValve.java:92) ~[tomcat-embed-core-10.1.4.jar:10.1.4]
	at org.apache.catalina.core.StandardEngineValve.invoke(StandardEngineValve.java:78) ~[tomcat-embed-core-10.1.4.jar:10.1.4]
	at org.apache.catalina.valves.RemoteIpValve.invoke(RemoteIpValve.java:741) ~[tomcat-embed-core-10.1.4.jar:10.1.4]
	at org.apache.catalina.connector.CoyoteAdapter.service(CoyoteAdapter.java:357) ~[tomcat-embed-core-10.1.4.jar:10.1.4]
	at org.apache.coyote.http11.Http11Processor.service(Http11Processor.java:400) ~[tomcat-embed-core-10.1.4.jar:10.1.4]
	at org.apache.coyote.AbstractProcessorLight.process(AbstractProcessorLight.java:65) ~[tomcat-embed-core-10.1.4.jar:10.1.4]
	at org.apache.coyote.AbstractProtocol$ConnectionHandler.process(AbstractProtocol.java:859) ~[tomcat-embed-core-10.1.4.jar:10.1.4]
	at org.apache.tomcat.util.net.NioEndpoint$SocketProcessor.doRun(NioEndpoint.java:1734) ~[tomcat-embed-core-10.1.4.jar:10.1.4]
	at org.apache.tomcat.util.net.SocketProcessorBase.run(SocketProcessorBase.java:52) ~[tomcat-embed-core-10.1.4.jar:10.1.4]
	at org.apache.tomcat.util.threads.ThreadPoolExecutor.runWorker(ThreadPoolExecutor.java:1191) ~[tomcat-embed-core-10.1.4.jar:10.1.4]
	at org.apache.tomcat.util.threads.ThreadPoolExecutor$Worker.run(ThreadPoolExecutor.java:659) ~[tomcat-embed-core-10.1.4.jar:10.1.4]
	at org.apache.tomcat.util.threads.TaskThread$WrappingRunnable.run(TaskThread.java:61) ~[tomcat-embed-core-10.1.4.jar:10.1.4]
	at java.lang.Thread.run(Thread.java:840) ~[?:?]
2025-11-06 07:37:29 DEBUG SQL - 
    select
        u1_0.user_id,
        u1_0.email,
        u1_0.mobile_number,
        u1_0.password,
        u1_0.user_role,
        u1_0.username 
    from
        user u1_0 
    where
        u1_0.username=?
2025-11-06 07:37:29 ERROR [dispatcherServlet] - Servlet.service() for servlet [dispatcherServlet] in context with path [] threw exception [Request processing failed: java.lang.RuntimeException: Invalid username or password] with root cause
java.lang.RuntimeException: Invalid username or password
	at com.examly.springapp.service.UserServiceImpl.loginUser(UserServiceImpl.java:71) ~[classes/:?]
	at com.examly.springapp.controller.UserController.loginUser(UserController.java:51) ~[classes/:?]
	at jdk.internal.reflect.NativeMethodAccessorImpl.invoke0(Native Method) ~[?:?]
	at jdk.internal.reflect.NativeMethodAccessorImpl.invoke(NativeMethodAccessorImpl.java:77) ~[?:?]
	at jdk.internal.reflect.DelegatingMethodAccessorImpl.invoke(DelegatingMethodAccessorImpl.java:43) ~[?:?]
	at java.lang.reflect.Method.invoke(Method.java:569) ~[?:?]
	at org.springframework.aop.support.AopUtils.invokeJoinpointUsingReflection(AopUtils.java:343) ~[spring-aop-6.0.3.jar:6.0.3]
	at org.springframework.aop.framework.CglibAopProxy$DynamicAdvisedInterceptor.intercept(CglibAopProxy.java:699) ~[spring-aop-6.0.3.jar:6.0.3]
	at com.examly.springapp.controller.UserController$$SpringCGLIB$$0.loginUser(<generated>) ~[classes/:?]
	at jdk.internal.reflect.NativeMethodAccessorImpl.invoke0(Native Method) ~[?:?]
	at jdk.internal.reflect.NativeMethodAccessorImpl.invoke(NativeMethodAccessorImpl.java:77) ~[?:?]
	at jdk.internal.reflect.DelegatingMethodAccessorImpl.invoke(DelegatingMethodAccessorImpl.java:43) ~[?:?]
	at java.lang.reflect.Method.invoke(Method.java:569) ~[?:?]
	at org.springframework.web.method.support.InvocableHandlerMethod.doInvoke(InvocableHandlerMethod.java:207) ~[spring-web-6.0.3.jar:6.0.3]
	at org.springframework.web.method.support.InvocableHandlerMethod.invokeForRequest(InvocableHandlerMethod.java:152) ~[spring-web-6.0.3.jar:6.0.3]
	at org.springframework.web.servlet.mvc.method.annotation.ServletInvocableHandlerMethod.invokeAndHandle(ServletInvocableHandlerMethod.java:117) ~[spring-webmvc-6.0.3.jar:6.0.3]
	at org.springframework.web.servlet.mvc.method.annotation.RequestMappingHandlerAdapter.invokeHandlerMethod(RequestMappingHandlerAdapter.java:884) ~[spring-webmvc-6.0.3.jar:6.0.3]
	at org.springframework.web.servlet.mvc.method.annotation.RequestMappingHandlerAdapter.handleInternal(RequestMappingHandlerAdapter.java:797) ~[spring-webmvc-6.0.3.jar:6.0.3]
	at org.springframework.web.servlet.mvc.method.AbstractHandlerMethodAdapter.handle(AbstractHandlerMethodAdapter.java:87) ~[spring-webmvc-6.0.3.jar:6.0.3]
	at org.springframework.web.servlet.DispatcherServlet.doDispatch(DispatcherServlet.java:1080) ~[spring-webmvc-6.0.3.jar:6.0.3]
	at org.springframework.web.servlet.DispatcherServlet.doService(DispatcherServlet.java:973) ~[spring-webmvc-6.0.3.jar:6.0.3]
	at org.springframework.web.servlet.FrameworkServlet.processRequest(FrameworkServlet.java:1010) ~[spring-webmvc-6.0.3.jar:6.0.3]
	at org.springframework.web.servlet.FrameworkServlet.doPost(FrameworkServlet.java:913) ~[spring-webmvc-6.0.3.jar:6.0.3]
	at jakarta.servlet.http.HttpServlet.service(HttpServlet.java:731) ~[tomcat-embed-core-10.1.4.jar:6.0]
	at org.springframework.web.servlet.FrameworkServlet.service(FrameworkServlet.java:884) ~[spring-webmvc-6.0.3.jar:6.0.3]
	at jakarta.servlet.http.HttpServlet.service(HttpServlet.java:814) ~[tomcat-embed-core-10.1.4.jar:6.0]
	at org.apache.catalina.core.ApplicationFilterChain.internalDoFilter(ApplicationFilterChain.java:223) ~[tomcat-embed-core-10.1.4.jar:10.1.4]
	at org.apache.catalina.core.ApplicationFilterChain.doFilter(ApplicationFilterChain.java:158) ~[tomcat-embed-core-10.1.4.jar:10.1.4]
	at org.apache.tomcat.websocket.server.WsFilter.doFilter(WsFilter.java:53) ~[tomcat-embed-websocket-10.1.4.jar:10.1.4]
	at org.apache.catalina.core.ApplicationFilterChain.internalDoFilter(ApplicationFilterChain.java:185) ~[tomcat-embed-core-10.1.4.jar:10.1.4]
	at org.apache.catalina.core.ApplicationFilterChain.doFilter(ApplicationFilterChain.java:158) ~[tomcat-embed-core-10.1.4.jar:10.1.4]
	at org.springframework.web.filter.OncePerRequestFilter.doFilter(OncePerRequestFilter.java:110) ~[spring-web-6.0.3.jar:6.0.3]
	at org.apache.catalina.core.ApplicationFilterChain.internalDoFilter(ApplicationFilterChain.java:185) ~[tomcat-embed-core-10.1.4.jar:10.1.4]
	at org.apache.catalina.core.ApplicationFilterChain.doFilter(ApplicationFilterChain.java:158) ~[tomcat-embed-core-10.1.4.jar:10.1.4]
	at org.springframework.security.web.FilterChainProxy.lambda$doFilterInternal$3(FilterChainProxy.java:231) ~[spring-security-web-6.0.1.jar:6.0.1]
	at org.springframework.security.web.FilterChainProxy$VirtualFilterChain.doFilter(FilterChainProxy.java:365) ~[spring-security-web-6.0.1.jar:6.0.1]
	at org.springframework.security.web.access.intercept.AuthorizationFilter.doFilter(AuthorizationFilter.java:100) ~[spring-security-web-6.0.1.jar:6.0.1]
	at org.springframework.security.web.FilterChainProxy$VirtualFilterChain.doFilter(FilterChainProxy.java:374) ~[spring-security-web-6.0.1.jar:6.0.1]
	at org.springframework.security.web.access.ExceptionTranslationFilter.doFilter(ExceptionTranslationFilter.java:126) ~[spring-security-web-6.0.1.jar:6.0.1]
	at org.springframework.security.web.access.ExceptionTranslationFilter.doFilter(ExceptionTranslationFilter.java:120) ~[spring-security-web-6.0.1.jar:6.0.1]
	at org.springframework.security.web.FilterChainProxy$VirtualFilterChain.doFilter(FilterChainProxy.java:374) ~[spring-security-web-6.0.1.jar:6.0.1]
	at org.springframework.security.web.session.SessionManagementFilter.doFilter(SessionManagementFilter.java:131) ~[spring-security-web-6.0.1.jar:6.0.1]
	at org.springframework.security.web.session.SessionManagementFilter.doFilter(SessionManagementFilter.java:85) ~[spring-security-web-6.0.1.jar:6.0.1]
	at org.springframework.security.web.FilterChainProxy$VirtualFilterChain.doFilter(FilterChainProxy.java:374) ~[spring-security-web-6.0.1.jar:6.0.1]
	at org.springframework.security.web.authentication.AnonymousAuthenticationFilter.doFilter(AnonymousAuthenticationFilter.java:100) ~[spring-security-web-6.0.1.jar:6.0.1]
	at org.springframework.security.web.FilterChainProxy$VirtualFilterChain.doFilter(FilterChainProxy.java:374) ~[spring-security-web-6.0.1.jar:6.0.1]
	at org.springframework.security.web.servletapi.SecurityContextHolderAwareRequestFilter.doFilter(SecurityContextHolderAwareRequestFilter.java:179) ~[spring-security-web-6.0.1.jar:6.0.1]
	at org.springframework.security.web.FilterChainProxy$VirtualFilterChain.doFilter(FilterChainProxy.java:374) ~[spring-security-web-6.0.1.jar:6.0.1]
	at org.springframework.security.web.savedrequest.RequestCacheAwareFilter.doFilter(RequestCacheAwareFilter.java:63) ~[spring-security-web-6.0.1.jar:6.0.1]
	at org.springframework.security.web.FilterChainProxy$VirtualFilterChain.doFilter(FilterChainProxy.java:374) ~[spring-security-web-6.0.1.jar:6.0.1]
	at org.springframework.security.web.authentication.www.BasicAuthenticationFilter.doFilterInternal(BasicAuthenticationFilter.java:170) ~[spring-security-web-6.0.1.jar:6.0.1]
	at org.springframework.web.filter.OncePerRequestFilter.doFilter(OncePerRequestFilter.java:116) ~[spring-web-6.0.3.jar:6.0.3]
	at org.springframework.security.web.FilterChainProxy$VirtualFilterChain.doFilter(FilterChainProxy.java:374) ~[spring-security-web-6.0.1.jar:6.0.1]
	at com.examly.springapp.config.JwtAuthenticationFilter.doFilterInternal(JwtAuthenticationFilter.java:58) ~[classes/:?]
	at org.springframework.web.filter.OncePerRequestFilter.doFilter(OncePerRequestFilter.java:116) ~[spring-web-6.0.3.jar:6.0.3]
	at org.springframework.security.web.FilterChainProxy$VirtualFilterChain.doFilter(FilterChainProxy.java:374) ~[spring-security-web-6.0.1.jar:6.0.1]
	at org.springframework.security.web.authentication.logout.LogoutFilter.doFilter(LogoutFilter.java:107) ~[spring-security-web-6.0.1.jar:6.0.1]
	at org.springframework.security.web.authentication.logout.LogoutFilter.doFilter(LogoutFilter.java:93) ~[spring-security-web-6.0.1.jar:6.0.1]
	at org.springframework.security.web.FilterChainProxy$VirtualFilterChain.doFilter(FilterChainProxy.java:374) ~[spring-security-web-6.0.1.jar:6.0.1]
	at org.springframework.web.filter.CorsFilter.doFilterInternal(CorsFilter.java:91) ~[spring-web-6.0.3.jar:6.0.3]
	at org.springframework.web.filter.OncePerRequestFilter.doFilter(OncePerRequestFilter.java:116) ~[spring-web-6.0.3.jar:6.0.3]
	at org.springframework.security.web.FilterChainProxy$VirtualFilterChain.doFilter(FilterChainProxy.java:374) ~[spring-security-web-6.0.1.jar:6.0.1]
	at org.springframework.security.web.header.HeaderWriterFilter.doHeadersAfter(HeaderWriterFilter.java:90) ~[spring-security-web-6.0.1.jar:6.0.1]
	at org.springframework.security.web.header.HeaderWriterFilter.doFilterInternal(HeaderWriterFilter.java:75) ~[spring-security-web-6.0.1.jar:6.0.1]
	at org.springframework.web.filter.OncePerRequestFilter.doFilter(OncePerRequestFilter.java:116) ~[spring-web-6.0.3.jar:6.0.3]
	at org.springframework.security.web.FilterChainProxy$VirtualFilterChain.doFilter(FilterChainProxy.java:374) ~[spring-security-web-6.0.1.jar:6.0.1]
	at org.springframework.security.web.context.SecurityContextHolderFilter.doFilter(SecurityContextHolderFilter.java:82) ~[spring-security-web-6.0.1.jar:6.0.1]
	at org.springframework.security.web.context.SecurityContextHolderFilter.doFilter(SecurityContextHolderFilter.java:69) ~[spring-security-web-6.0.1.jar:6.0.1]
	at org.springframework.security.web.FilterChainProxy$VirtualFilterChain.doFilter(FilterChainProxy.java:374) ~[spring-security-web-6.0.1.jar:6.0.1]
	at org.springframework.security.web.context.request.async.WebAsyncManagerIntegrationFilter.doFilterInternal(WebAsyncManagerIntegrationFilter.java:62) ~[spring-security-web-6.0.1.jar:6.0.1]
	at org.springframework.web.filter.OncePerRequestFilter.doFilter(OncePerRequestFilter.java:116) ~[spring-web-6.0.3.jar:6.0.3]
	at org.springframework.security.web.FilterChainProxy$VirtualFilterChain.doFilter(FilterChainProxy.java:374) ~[spring-security-web-6.0.1.jar:6.0.1]
	at org.springframework.security.web.session.DisableEncodeUrlFilter.doFilterInternal(DisableEncodeUrlFilter.java:42) ~[spring-security-web-6.0.1.jar:6.0.1]
	at org.springframework.web.filter.OncePerRequestFilter.doFilter(OncePerRequestFilter.java:116) ~[spring-web-6.0.3.jar:6.0.3]
	at org.springframework.security.web.FilterChainProxy$VirtualFilterChain.doFilter(FilterChainProxy.java:374) ~[spring-security-web-6.0.1.jar:6.0.1]
	at org.springframework.security.web.FilterChainProxy.doFilterInternal(FilterChainProxy.java:233) ~[spring-security-web-6.0.1.jar:6.0.1]
	at org.springframework.security.web.FilterChainProxy.doFilter(FilterChainProxy.java:191) ~[spring-security-web-6.0.1.jar:6.0.1]
	at org.springframework.web.filter.DelegatingFilterProxy.invokeDelegate(DelegatingFilterProxy.java:351) ~[spring-web-6.0.3.jar:6.0.3]
	at org.springframework.web.filter.DelegatingFilterProxy.doFilter(DelegatingFilterProxy.java:267) ~[spring-web-6.0.3.jar:6.0.3]
	at org.apache.catalina.core.ApplicationFilterChain.internalDoFilter(ApplicationFilterChain.java:185) ~[tomcat-embed-core-10.1.4.jar:10.1.4]
	at org.apache.catalina.core.ApplicationFilterChain.doFilter(ApplicationFilterChain.java:158) ~[tomcat-embed-core-10.1.4.jar:10.1.4]
	at org.springframework.web.filter.RequestContextFilter.doFilterInternal(RequestContextFilter.java:100) ~[spring-web-6.0.3.jar:6.0.3]
	at org.springframework.web.filter.OncePerRequestFilter.doFilter(OncePerRequestFilter.java:116) ~[spring-web-6.0.3.jar:6.0.3]
	at org.apache.catalina.core.ApplicationFilterChain.internalDoFilter(ApplicationFilterChain.java:185) ~[tomcat-embed-core-10.1.4.jar:10.1.4]
	at org.apache.catalina.core.ApplicationFilterChain.doFilter(ApplicationFilterChain.java:158) ~[tomcat-embed-core-10.1.4.jar:10.1.4]
	at org.springframework.web.filter.FormContentFilter.doFilterInternal(FormContentFilter.java:93) ~[spring-web-6.0.3.jar:6.0.3]
	at org.springframework.web.filter.OncePerRequestFilter.doFilter(OncePerRequestFilter.java:116) ~[spring-web-6.0.3.jar:6.0.3]
	at org.apache.catalina.core.ApplicationFilterChain.internalDoFilter(ApplicationFilterChain.java:185) ~[tomcat-embed-core-10.1.4.jar:10.1.4]
	at org.apache.catalina.core.ApplicationFilterChain.doFilter(ApplicationFilterChain.java:158) ~[tomcat-embed-core-10.1.4.jar:10.1.4]
	at org.springframework.web.filter.CharacterEncodingFilter.doFilterInternal(CharacterEncodingFilter.java:201) ~[spring-web-6.0.3.jar:6.0.3]
	at org.springframework.web.filter.OncePerRequestFilter.doFilter(OncePerRequestFilter.java:116) ~[spring-web-6.0.3.jar:6.0.3]
	at org.apache.catalina.core.ApplicationFilterChain.internalDoFilter(ApplicationFilterChain.java:185) ~[tomcat-embed-core-10.1.4.jar:10.1.4]
	at org.apache.catalina.core.ApplicationFilterChain.doFilter(ApplicationFilterChain.java:158) ~[tomcat-embed-core-10.1.4.jar:10.1.4]
	at org.apache.catalina.core.StandardWrapperValve.invoke(StandardWrapperValve.java:177) ~[tomcat-embed-core-10.1.4.jar:10.1.4]
	at org.apache.catalina.core.StandardContextValve.invoke(StandardContextValve.java:97) ~[tomcat-embed-core-10.1.4.jar:10.1.4]
	at org.apache.catalina.authenticator.AuthenticatorBase.invoke(AuthenticatorBase.java:542) ~[tomcat-embed-core-10.1.4.jar:10.1.4]
	at org.apache.catalina.core.StandardHostValve.invoke(StandardHostValve.java:119) ~[tomcat-embed-core-10.1.4.jar:10.1.4]
	at org.apache.catalina.valves.ErrorReportValve.invoke(ErrorReportValve.java:92) ~[tomcat-embed-core-10.1.4.jar:10.1.4]
	at org.apache.catalina.core.StandardEngineValve.invoke(StandardEngineValve.java:78) ~[tomcat-embed-core-10.1.4.jar:10.1.4]
	at org.apache.catalina.valves.RemoteIpValve.invoke(RemoteIpValve.java:741) ~[tomcat-embed-core-10.1.4.jar:10.1.4]
	at org.apache.catalina.connector.CoyoteAdapter.service(CoyoteAdapter.java:357) ~[tomcat-embed-core-10.1.4.jar:10.1.4]
	at org.apache.coyote.http11.Http11Processor.service(Http11Processor.java:400) ~[tomcat-embed-core-10.1.4.jar:10.1.4]
	at org.apache.coyote.AbstractProcessorLight.process(AbstractProcessorLight.java:65) ~[tomcat-embed-core-10.1.4.jar:10.1.4]
	at org.apache.coyote.AbstractProtocol$ConnectionHandler.process(AbstractProtocol.java:859) ~[tomcat-embed-core-10.1.4.jar:10.1.4]
	at org.apache.tomcat.util.net.NioEndpoint$SocketProcessor.doRun(NioEndpoint.java:1734) ~[tomcat-embed-core-10.1.4.jar:10.1.4]
	at org.apache.tomcat.util.net.SocketProcessorBase.run(SocketProcessorBase.java:52) ~[tomcat-embed-core-10.1.4.jar:10.1.4]
	at org.apache.tomcat.util.threads.ThreadPoolExecutor.runWorker(ThreadPoolExecutor.java:1191) ~[tomcat-embed-core-10.1.4.jar:10.1.4]
	at org.apache.tomcat.util.threads.ThreadPoolExecutor$Worker.run(ThreadPoolExecutor.java:659) ~[tomcat-embed-core-10.1.4.jar:10.1.4]
	at org.apache.tomcat.util.threads.TaskThread$WrappingRunnable.run(TaskThread.java:61) ~[tomcat-embed-core-10.1.4.jar:10.1.4]
	at java.lang.Thread.run(Thread.java:840) ~[?:?]
2025-11-06 07:37:30 DEBUG SQL - 
    select
        u1_0.user_id,
        u1_0.email,
        u1_0.mobile_number,
        u1_0.password,
        u1_0.user_role,
        u1_0.username 
    from
        user u1_0 
    where
        u1_0.username=?
2025-11-06 07:37:30 ERROR [dispatcherServlet] - Servlet.service() for servlet [dispatcherServlet] in context with path [] threw exception [Request processing failed: java.lang.RuntimeException: Invalid username or password] with root cause
java.lang.RuntimeException: Invalid username or password
	at com.examly.springapp.service.UserServiceImpl.loginUser(UserServiceImpl.java:71) ~[classes/:?]
	at com.examly.springapp.controller.UserController.loginUser(UserController.java:51) ~[classes/:?]
	at jdk.internal.reflect.NativeMethodAccessorImpl.invoke0(Native Method) ~[?:?]
	at jdk.internal.reflect.NativeMethodAccessorImpl.invoke(NativeMethodAccessorImpl.java:77) ~[?:?]
	at jdk.internal.reflect.DelegatingMethodAccessorImpl.invoke(DelegatingMethodAccessorImpl.java:43) ~[?:?]
	at java.lang.reflect.Method.invoke(Method.java:569) ~[?:?]
	at org.springframework.aop.support.AopUtils.invokeJoinpointUsingReflection(AopUtils.java:343) ~[spring-aop-6.0.3.jar:6.0.3]
	at org.springframework.aop.framework.CglibAopProxy$DynamicAdvisedInterceptor.intercept(CglibAopProxy.java:699) ~[spring-aop-6.0.3.jar:6.0.3]
	at com.examly.springapp.controller.UserController$$SpringCGLIB$$0.loginUser(<generated>) ~[classes/:?]
	at jdk.internal.reflect.NativeMethodAccessorImpl.invoke0(Native Method) ~[?:?]
	at jdk.internal.reflect.NativeMethodAccessorImpl.invoke(NativeMethodAccessorImpl.java:77) ~[?:?]
	at jdk.internal.reflect.DelegatingMethodAccessorImpl.invoke(DelegatingMethodAccessorImpl.java:43) ~[?:?]
	at java.lang.reflect.Method.invoke(Method.java:569) ~[?:?]
	at org.springframework.web.method.support.InvocableHandlerMethod.doInvoke(InvocableHandlerMethod.java:207) ~[spring-web-6.0.3.jar:6.0.3]
	at org.springframework.web.method.support.InvocableHandlerMethod.invokeForRequest(InvocableHandlerMethod.java:152) ~[spring-web-6.0.3.jar:6.0.3]
	at org.springframework.web.servlet.mvc.method.annotation.ServletInvocableHandlerMethod.invokeAndHandle(ServletInvocableHandlerMethod.java:117) ~[spring-webmvc-6.0.3.jar:6.0.3]
	at org.springframework.web.servlet.mvc.method.annotation.RequestMappingHandlerAdapter.invokeHandlerMethod(RequestMappingHandlerAdapter.java:884) ~[spring-webmvc-6.0.3.jar:6.0.3]
	at org.springframework.web.servlet.mvc.method.annotation.RequestMappingHandlerAdapter.handleInternal(RequestMappingHandlerAdapter.java:797) ~[spring-webmvc-6.0.3.jar:6.0.3]
	at org.springframework.web.servlet.mvc.method.AbstractHandlerMethodAdapter.handle(AbstractHandlerMethodAdapter.java:87) ~[spring-webmvc-6.0.3.jar:6.0.3]
	at org.springframework.web.servlet.DispatcherServlet.doDispatch(DispatcherServlet.java:1080) ~[spring-webmvc-6.0.3.jar:6.0.3]
	at org.springframework.web.servlet.DispatcherServlet.doService(DispatcherServlet.java:973) ~[spring-webmvc-6.0.3.jar:6.0.3]
	at org.springframework.web.servlet.FrameworkServlet.processRequest(FrameworkServlet.java:1010) ~[spring-webmvc-6.0.3.jar:6.0.3]
	at org.springframework.web.servlet.FrameworkServlet.doPost(FrameworkServlet.java:913) ~[spring-webmvc-6.0.3.jar:6.0.3]
	at jakarta.servlet.http.HttpServlet.service(HttpServlet.java:731) ~[tomcat-embed-core-10.1.4.jar:6.0]
	at org.springframework.web.servlet.FrameworkServlet.service(FrameworkServlet.java:884) ~[spring-webmvc-6.0.3.jar:6.0.3]
	at jakarta.servlet.http.HttpServlet.service(HttpServlet.java:814) ~[tomcat-embed-core-10.1.4.jar:6.0]
	at org.apache.catalina.core.ApplicationFilterChain.internalDoFilter(ApplicationFilterChain.java:223) ~[tomcat-embed-core-10.1.4.jar:10.1.4]
	at org.apache.catalina.core.ApplicationFilterChain.doFilter(ApplicationFilterChain.java:158) ~[tomcat-embed-core-10.1.4.jar:10.1.4]
	at org.apache.tomcat.websocket.server.WsFilter.doFilter(WsFilter.java:53) ~[tomcat-embed-websocket-10.1.4.jar:10.1.4]
	at org.apache.catalina.core.ApplicationFilterChain.internalDoFilter(ApplicationFilterChain.java:185) ~[tomcat-embed-core-10.1.4.jar:10.1.4]
	at org.apache.catalina.core.ApplicationFilterChain.doFilter(ApplicationFilterChain.java:158) ~[tomcat-embed-core-10.1.4.jar:10.1.4]
	at org.springframework.web.filter.OncePerRequestFilter.doFilter(OncePerRequestFilter.java:110) ~[spring-web-6.0.3.jar:6.0.3]
	at org.apache.catalina.core.ApplicationFilterChain.internalDoFilter(ApplicationFilterChain.java:185) ~[tomcat-embed-core-10.1.4.jar:10.1.4]
	at org.apache.catalina.core.ApplicationFilterChain.doFilter(ApplicationFilterChain.java:158) ~[tomcat-embed-core-10.1.4.jar:10.1.4]
	at org.springframework.security.web.FilterChainProxy.lambda$doFilterInternal$3(FilterChainProxy.java:231) ~[spring-security-web-6.0.1.jar:6.0.1]
	at org.springframework.security.web.FilterChainProxy$VirtualFilterChain.doFilter(FilterChainProxy.java:365) ~[spring-security-web-6.0.1.jar:6.0.1]
	at org.springframework.security.web.access.intercept.AuthorizationFilter.doFilter(AuthorizationFilter.java:100) ~[spring-security-web-6.0.1.jar:6.0.1]
	at org.springframework.security.web.FilterChainProxy$VirtualFilterChain.doFilter(FilterChainProxy.java:374) ~[spring-security-web-6.0.1.jar:6.0.1]
	at org.springframework.security.web.access.ExceptionTranslationFilter.doFilter(ExceptionTranslationFilter.java:126) ~[spring-security-web-6.0.1.jar:6.0.1]
	at org.springframework.security.web.access.ExceptionTranslationFilter.doFilter(ExceptionTranslationFilter.java:120) ~[spring-security-web-6.0.1.jar:6.0.1]
	at org.springframework.security.web.FilterChainProxy$VirtualFilterChain.doFilter(FilterChainProxy.java:374) ~[spring-security-web-6.0.1.jar:6.0.1]
	at org.springframework.security.web.session.SessionManagementFilter.doFilter(SessionManagementFilter.java:131) ~[spring-security-web-6.0.1.jar:6.0.1]
	at org.springframework.security.web.session.SessionManagementFilter.doFilter(SessionManagementFilter.java:85) ~[spring-security-web-6.0.1.jar:6.0.1]
	at org.springframework.security.web.FilterChainProxy$VirtualFilterChain.doFilter(FilterChainProxy.java:374) ~[spring-security-web-6.0.1.jar:6.0.1]
	at org.springframework.security.web.authentication.AnonymousAuthenticationFilter.doFilter(AnonymousAuthenticationFilter.java:100) ~[spring-security-web-6.0.1.jar:6.0.1]
	at org.springframework.security.web.FilterChainProxy$VirtualFilterChain.doFilter(FilterChainProxy.java:374) ~[spring-security-web-6.0.1.jar:6.0.1]
	at org.springframework.security.web.servletapi.SecurityContextHolderAwareRequestFilter.doFilter(SecurityContextHolderAwareRequestFilter.java:179) ~[spring-security-web-6.0.1.jar:6.0.1]
	at org.springframework.security.web.FilterChainProxy$VirtualFilterChain.doFilter(FilterChainProxy.java:374) ~[spring-security-web-6.0.1.jar:6.0.1]
	at org.springframework.security.web.savedrequest.RequestCacheAwareFilter.doFilter(RequestCacheAwareFilter.java:63) ~[spring-security-web-6.0.1.jar:6.0.1]
	at org.springframework.security.web.FilterChainProxy$VirtualFilterChain.doFilter(FilterChainProxy.java:374) ~[spring-security-web-6.0.1.jar:6.0.1]
	at org.springframework.security.web.authentication.www.BasicAuthenticationFilter.doFilterInternal(BasicAuthenticationFilter.java:170) ~[spring-security-web-6.0.1.jar:6.0.1]
	at org.springframework.web.filter.OncePerRequestFilter.doFilter(OncePerRequestFilter.java:116) ~[spring-web-6.0.3.jar:6.0.3]
	at org.springframework.security.web.FilterChainProxy$VirtualFilterChain.doFilter(FilterChainProxy.java:374) ~[spring-security-web-6.0.1.jar:6.0.1]
	at com.examly.springapp.config.JwtAuthenticationFilter.doFilterInternal(JwtAuthenticationFilter.java:58) ~[classes/:?]
	at org.springframework.web.filter.OncePerRequestFilter.doFilter(OncePerRequestFilter.java:116) ~[spring-web-6.0.3.jar:6.0.3]
	at org.springframework.security.web.FilterChainProxy$VirtualFilterChain.doFilter(FilterChainProxy.java:374) ~[spring-security-web-6.0.1.jar:6.0.1]
	at org.springframework.security.web.authentication.logout.LogoutFilter.doFilter(LogoutFilter.java:107) ~[spring-security-web-6.0.1.jar:6.0.1]
	at org.springframework.security.web.authentication.logout.LogoutFilter.doFilter(LogoutFilter.java:93) ~[spring-security-web-6.0.1.jar:6.0.1]
	at org.springframework.security.web.FilterChainProxy$VirtualFilterChain.doFilter(FilterChainProxy.java:374) ~[spring-security-web-6.0.1.jar:6.0.1]
	at org.springframework.web.filter.CorsFilter.doFilterInternal(CorsFilter.java:91) ~[spring-web-6.0.3.jar:6.0.3]
	at org.springframework.web.filter.OncePerRequestFilter.doFilter(OncePerRequestFilter.java:116) ~[spring-web-6.0.3.jar:6.0.3]
	at org.springframework.security.web.FilterChainProxy$VirtualFilterChain.doFilter(FilterChainProxy.java:374) ~[spring-security-web-6.0.1.jar:6.0.1]
	at org.springframework.security.web.header.HeaderWriterFilter.doHeadersAfter(HeaderWriterFilter.java:90) ~[spring-security-web-6.0.1.jar:6.0.1]
	at org.springframework.security.web.header.HeaderWriterFilter.doFilterInternal(HeaderWriterFilter.java:75) ~[spring-security-web-6.0.1.jar:6.0.1]
	at org.springframework.web.filter.OncePerRequestFilter.doFilter(OncePerRequestFilter.java:116) ~[spring-web-6.0.3.jar:6.0.3]
	at org.springframework.security.web.FilterChainProxy$VirtualFilterChain.doFilter(FilterChainProxy.java:374) ~[spring-security-web-6.0.1.jar:6.0.1]
	at org.springframework.security.web.context.SecurityContextHolderFilter.doFilter(SecurityContextHolderFilter.java:82) ~[spring-security-web-6.0.1.jar:6.0.1]
	at org.springframework.security.web.context.SecurityContextHolderFilter.doFilter(SecurityContextHolderFilter.java:69) ~[spring-security-web-6.0.1.jar:6.0.1]
	at org.springframework.security.web.FilterChainProxy$VirtualFilterChain.doFilter(FilterChainProxy.java:374) ~[spring-security-web-6.0.1.jar:6.0.1]
	at org.springframework.security.web.context.request.async.WebAsyncManagerIntegrationFilter.doFilterInternal(WebAsyncManagerIntegrationFilter.java:62) ~[spring-security-web-6.0.1.jar:6.0.1]
	at org.springframework.web.filter.OncePerRequestFilter.doFilter(OncePerRequestFilter.java:116) ~[spring-web-6.0.3.jar:6.0.3]
	at org.springframework.security.web.FilterChainProxy$VirtualFilterChain.doFilter(FilterChainProxy.java:374) ~[spring-security-web-6.0.1.jar:6.0.1]
	at org.springframework.security.web.session.DisableEncodeUrlFilter.doFilterInternal(DisableEncodeUrlFilter.java:42) ~[spring-security-web-6.0.1.jar:6.0.1]
	at org.springframework.web.filter.OncePerRequestFilter.doFilter(OncePerRequestFilter.java:116) ~[spring-web-6.0.3.jar:6.0.3]
	at org.springframework.security.web.FilterChainProxy$VirtualFilterChain.doFilter(FilterChainProxy.java:374) ~[spring-security-web-6.0.1.jar:6.0.1]
	at org.springframework.security.web.FilterChainProxy.doFilterInternal(FilterChainProxy.java:233) ~[spring-security-web-6.0.1.jar:6.0.1]
	at org.springframework.security.web.FilterChainProxy.doFilter(FilterChainProxy.java:191) ~[spring-security-web-6.0.1.jar:6.0.1]
	at org.springframework.web.filter.DelegatingFilterProxy.invokeDelegate(DelegatingFilterProxy.java:351) ~[spring-web-6.0.3.jar:6.0.3]
	at org.springframework.web.filter.DelegatingFilterProxy.doFilter(DelegatingFilterProxy.java:267) ~[spring-web-6.0.3.jar:6.0.3]
	at org.apache.catalina.core.ApplicationFilterChain.internalDoFilter(ApplicationFilterChain.java:185) ~[tomcat-embed-core-10.1.4.jar:10.1.4]
	at org.apache.catalina.core.ApplicationFilterChain.doFilter(ApplicationFilterChain.java:158) ~[tomcat-embed-core-10.1.4.jar:10.1.4]
	at org.springframework.web.filter.RequestContextFilter.doFilterInternal(RequestContextFilter.java:100) ~[spring-web-6.0.3.jar:6.0.3]
	at org.springframework.web.filter.OncePerRequestFilter.doFilter(OncePerRequestFilter.java:116) ~[spring-web-6.0.3.jar:6.0.3]
	at org.apache.catalina.core.ApplicationFilterChain.internalDoFilter(ApplicationFilterChain.java:185) ~[tomcat-embed-core-10.1.4.jar:10.1.4]
	at org.apache.catalina.core.ApplicationFilterChain.doFilter(ApplicationFilterChain.java:158) ~[tomcat-embed-core-10.1.4.jar:10.1.4]
	at org.springframework.web.filter.FormContentFilter.doFilterInternal(FormContentFilter.java:93) ~[spring-web-6.0.3.jar:6.0.3]
	at org.springframework.web.filter.OncePerRequestFilter.doFilter(OncePerRequestFilter.java:116) ~[spring-web-6.0.3.jar:6.0.3]
	at org.apache.catalina.core.ApplicationFilterChain.internalDoFilter(ApplicationFilterChain.java:185) ~[tomcat-embed-core-10.1.4.jar:10.1.4]
	at org.apache.catalina.core.ApplicationFilterChain.doFilter(ApplicationFilterChain.java:158) ~[tomcat-embed-core-10.1.4.jar:10.1.4]
	at org.springframework.web.filter.CharacterEncodingFilter.doFilterInternal(CharacterEncodingFilter.java:201) ~[spring-web-6.0.3.jar:6.0.3]
	at org.springframework.web.filter.OncePerRequestFilter.doFilter(OncePerRequestFilter.java:116) ~[spring-web-6.0.3.jar:6.0.3]
	at org.apache.catalina.core.ApplicationFilterChain.internalDoFilter(ApplicationFilterChain.java:185) ~[tomcat-embed-core-10.1.4.jar:10.1.4]
	at org.apache.catalina.core.ApplicationFilterChain.doFilter(ApplicationFilterChain.java:158) ~[tomcat-embed-core-10.1.4.jar:10.1.4]
	at org.apache.catalina.core.StandardWrapperValve.invoke(StandardWrapperValve.java:177) ~[tomcat-embed-core-10.1.4.jar:10.1.4]
	at org.apache.catalina.core.StandardContextValve.invoke(StandardContextValve.java:97) ~[tomcat-embed-core-10.1.4.jar:10.1.4]
	at org.apache.catalina.authenticator.AuthenticatorBase.invoke(AuthenticatorBase.java:542) ~[tomcat-embed-core-10.1.4.jar:10.1.4]
	at org.apache.catalina.core.StandardHostValve.invoke(StandardHostValve.java:119) ~[tomcat-embed-core-10.1.4.jar:10.1.4]
	at org.apache.catalina.valves.ErrorReportValve.invoke(ErrorReportValve.java:92) ~[tomcat-embed-core-10.1.4.jar:10.1.4]
	at org.apache.catalina.core.StandardEngineValve.invoke(StandardEngineValve.java:78) ~[tomcat-embed-core-10.1.4.jar:10.1.4]
	at org.apache.catalina.valves.RemoteIpValve.invoke(RemoteIpValve.java:741) ~[tomcat-embed-core-10.1.4.jar:10.1.4]
	at org.apache.catalina.connector.CoyoteAdapter.service(CoyoteAdapter.java:357) ~[tomcat-embed-core-10.1.4.jar:10.1.4]
	at org.apache.coyote.http11.Http11Processor.service(Http11Processor.java:400) ~[tomcat-embed-core-10.1.4.jar:10.1.4]
	at org.apache.coyote.AbstractProcessorLight.process(AbstractProcessorLight.java:65) ~[tomcat-embed-core-10.1.4.jar:10.1.4]
	at org.apache.coyote.AbstractProtocol$ConnectionHandler.process(AbstractProtocol.java:859) ~[tomcat-embed-core-10.1.4.jar:10.1.4]
	at org.apache.tomcat.util.net.NioEndpoint$SocketProcessor.doRun(NioEndpoint.java:1734) ~[tomcat-embed-core-10.1.4.jar:10.1.4]
	at org.apache.tomcat.util.net.SocketProcessorBase.run(SocketProcessorBase.java:52) ~[tomcat-embed-core-10.1.4.jar:10.1.4]
	at org.apache.tomcat.util.threads.ThreadPoolExecutor.runWorker(ThreadPoolExecutor.java:1191) ~[tomcat-embed-core-10.1.4.jar:10.1.4]
	at org.apache.tomcat.util.threads.ThreadPoolExecutor$Worker.run(ThreadPoolExecutor.java:659) ~[tomcat-embed-core-10.1.4.jar:10.1.4]
	at org.apache.tomcat.util.threads.TaskThread$WrappingRunnable.run(TaskThread.java:61) ~[tomcat-embed-core-10.1.4.jar:10.1.4]
	at java.lang.Thread.run(Thread.java:840) ~[?:?]
2025-11-06 07:37:31 DEBUG SQL - 
    select
        u1_0.user_id,
        u1_0.email,
        u1_0.mobile_number,
        u1_0.password,
        u1_0.user_role,
        u1_0.username 
    from
        user u1_0 
    where
        u1_0.username=?
2025-11-06 07:37:31 ERROR [dispatcherServlet] - Servlet.service() for servlet [dispatcherServlet] in context with path [] threw exception [Request processing failed: java.lang.RuntimeException: Invalid username or password] with root cause
java.lang.RuntimeException: Invalid username or password
	at com.examly.springapp.service.UserServiceImpl.loginUser(UserServiceImpl.java:71) ~[classes/:?]
	at com.examly.springapp.controller.UserController.loginUser(UserController.java:51) ~[classes/:?]
	at jdk.internal.reflect.NativeMethodAccessorImpl.invoke0(Native Method) ~[?:?]
	at jdk.internal.reflect.NativeMethodAccessorImpl.invoke(NativeMethodAccessorImpl.java:77) ~[?:?]
	at jdk.internal.reflect.DelegatingMethodAccessorImpl.invoke(DelegatingMethodAccessorImpl.java:43) ~[?:?]
	at java.lang.reflect.Method.invoke(Method.java:569) ~[?:?]
	at org.springframework.aop.support.AopUtils.invokeJoinpointUsingReflection(AopUtils.java:343) ~[spring-aop-6.0.3.jar:6.0.3]
	at org.springframework.aop.framework.CglibAopProxy$DynamicAdvisedInterceptor.intercept(CglibAopProxy.java:699) ~[spring-aop-6.0.3.jar:6.0.3]
	at com.examly.springapp.controller.UserController$$SpringCGLIB$$0.loginUser(<generated>) ~[classes/:?]
	at jdk.internal.reflect.NativeMethodAccessorImpl.invoke0(Native Method) ~[?:?]
	at jdk.internal.reflect.NativeMethodAccessorImpl.invoke(NativeMethodAccessorImpl.java:77) ~[?:?]
	at jdk.internal.reflect.DelegatingMethodAccessorImpl.invoke(DelegatingMethodAccessorImpl.java:43) ~[?:?]
	at java.lang.reflect.Method.invoke(Method.java:569) ~[?:?]
	at org.springframework.web.method.support.InvocableHandlerMethod.doInvoke(InvocableHandlerMethod.java:207) ~[spring-web-6.0.3.jar:6.0.3]
	at org.springframework.web.method.support.InvocableHandlerMethod.invokeForRequest(InvocableHandlerMethod.java:152) ~[spring-web-6.0.3.jar:6.0.3]
	at org.springframework.web.servlet.mvc.method.annotation.ServletInvocableHandlerMethod.invokeAndHandle(ServletInvocableHandlerMethod.java:117) ~[spring-webmvc-6.0.3.jar:6.0.3]
	at org.springframework.web.servlet.mvc.method.annotation.RequestMappingHandlerAdapter.invokeHandlerMethod(RequestMappingHandlerAdapter.java:884) ~[spring-webmvc-6.0.3.jar:6.0.3]
	at org.springframework.web.servlet.mvc.method.annotation.RequestMappingHandlerAdapter.handleInternal(RequestMappingHandlerAdapter.java:797) ~[spring-webmvc-6.0.3.jar:6.0.3]
	at org.springframework.web.servlet.mvc.method.AbstractHandlerMethodAdapter.handle(AbstractHandlerMethodAdapter.java:87) ~[spring-webmvc-6.0.3.jar:6.0.3]
	at org.springframework.web.servlet.DispatcherServlet.doDispatch(DispatcherServlet.java:1080) ~[spring-webmvc-6.0.3.jar:6.0.3]
	at org.springframework.web.servlet.DispatcherServlet.doService(DispatcherServlet.java:973) ~[spring-webmvc-6.0.3.jar:6.0.3]
	at org.springframework.web.servlet.FrameworkServlet.processRequest(FrameworkServlet.java:1010) ~[spring-webmvc-6.0.3.jar:6.0.3]
	at org.springframework.web.servlet.FrameworkServlet.doPost(FrameworkServlet.java:913) ~[spring-webmvc-6.0.3.jar:6.0.3]
	at jakarta.servlet.http.HttpServlet.service(HttpServlet.java:731) ~[tomcat-embed-core-10.1.4.jar:6.0]
	at org.springframework.web.servlet.FrameworkServlet.service(FrameworkServlet.java:884) ~[spring-webmvc-6.0.3.jar:6.0.3]
	at jakarta.servlet.http.HttpServlet.service(HttpServlet.java:814) ~[tomcat-embed-core-10.1.4.jar:6.0]
	at org.apache.catalina.core.ApplicationFilterChain.internalDoFilter(ApplicationFilterChain.java:223) ~[tomcat-embed-core-10.1.4.jar:10.1.4]
	at org.apache.catalina.core.ApplicationFilterChain.doFilter(ApplicationFilterChain.java:158) ~[tomcat-embed-core-10.1.4.jar:10.1.4]
	at org.apache.tomcat.websocket.server.WsFilter.doFilter(WsFilter.java:53) ~[tomcat-embed-websocket-10.1.4.jar:10.1.4]
	at org.apache.catalina.core.ApplicationFilterChain.internalDoFilter(ApplicationFilterChain.java:185) ~[tomcat-embed-core-10.1.4.jar:10.1.4]
	at org.apache.catalina.core.ApplicationFilterChain.doFilter(ApplicationFilterChain.java:158) ~[tomcat-embed-core-10.1.4.jar:10.1.4]
	at org.springframework.web.filter.OncePerRequestFilter.doFilter(OncePerRequestFilter.java:110) ~[spring-web-6.0.3.jar:6.0.3]
	at org.apache.catalina.core.ApplicationFilterChain.internalDoFilter(ApplicationFilterChain.java:185) ~[tomcat-embed-core-10.1.4.jar:10.1.4]
	at org.apache.catalina.core.ApplicationFilterChain.doFilter(ApplicationFilterChain.java:158) ~[tomcat-embed-core-10.1.4.jar:10.1.4]
	at org.springframework.security.web.FilterChainProxy.lambda$doFilterInternal$3(FilterChainProxy.java:231) ~[spring-security-web-6.0.1.jar:6.0.1]
	at org.springframework.security.web.FilterChainProxy$VirtualFilterChain.doFilter(FilterChainProxy.java:365) ~[spring-security-web-6.0.1.jar:6.0.1]
	at org.springframework.security.web.access.intercept.AuthorizationFilter.doFilter(AuthorizationFilter.java:100) ~[spring-security-web-6.0.1.jar:6.0.1]
	at org.springframework.security.web.FilterChainProxy$VirtualFilterChain.doFilter(FilterChainProxy.java:374) ~[spring-security-web-6.0.1.jar:6.0.1]
	at org.springframework.security.web.access.ExceptionTranslationFilter.doFilter(ExceptionTranslationFilter.java:126) ~[spring-security-web-6.0.1.jar:6.0.1]
	at org.springframework.security.web.access.ExceptionTranslationFilter.doFilter(ExceptionTranslationFilter.java:120) ~[spring-security-web-6.0.1.jar:6.0.1]
	at org.springframework.security.web.FilterChainProxy$VirtualFilterChain.doFilter(FilterChainProxy.java:374) ~[spring-security-web-6.0.1.jar:6.0.1]
	at org.springframework.security.web.session.SessionManagementFilter.doFilter(SessionManagementFilter.java:131) ~[spring-security-web-6.0.1.jar:6.0.1]
	at org.springframework.security.web.session.SessionManagementFilter.doFilter(SessionManagementFilter.java:85) ~[spring-security-web-6.0.1.jar:6.0.1]
	at org.springframework.security.web.FilterChainProxy$VirtualFilterChain.doFilter(FilterChainProxy.java:374) ~[spring-security-web-6.0.1.jar:6.0.1]
	at org.springframework.security.web.authentication.AnonymousAuthenticationFilter.doFilter(AnonymousAuthenticationFilter.java:100) ~[spring-security-web-6.0.1.jar:6.0.1]
	at org.springframework.security.web.FilterChainProxy$VirtualFilterChain.doFilter(FilterChainProxy.java:374) ~[spring-security-web-6.0.1.jar:6.0.1]
	at org.springframework.security.web.servletapi.SecurityContextHolderAwareRequestFilter.doFilter(SecurityContextHolderAwareRequestFilter.java:179) ~[spring-security-web-6.0.1.jar:6.0.1]
	at org.springframework.security.web.FilterChainProxy$VirtualFilterChain.doFilter(FilterChainProxy.java:374) ~[spring-security-web-6.0.1.jar:6.0.1]
	at org.springframework.security.web.savedrequest.RequestCacheAwareFilter.doFilter(RequestCacheAwareFilter.java:63) ~[spring-security-web-6.0.1.jar:6.0.1]
	at org.springframework.security.web.FilterChainProxy$VirtualFilterChain.doFilter(FilterChainProxy.java:374) ~[spring-security-web-6.0.1.jar:6.0.1]
	at org.springframework.security.web.authentication.www.BasicAuthenticationFilter.doFilterInternal(BasicAuthenticationFilter.java:170) ~[spring-security-web-6.0.1.jar:6.0.1]
	at org.springframework.web.filter.OncePerRequestFilter.doFilter(OncePerRequestFilter.java:116) ~[spring-web-6.0.3.jar:6.0.3]
	at org.springframework.security.web.FilterChainProxy$VirtualFilterChain.doFilter(FilterChainProxy.java:374) ~[spring-security-web-6.0.1.jar:6.0.1]
	at com.examly.springapp.config.JwtAuthenticationFilter.doFilterInternal(JwtAuthenticationFilter.java:58) ~[classes/:?]
	at org.springframework.web.filter.OncePerRequestFilter.doFilter(OncePerRequestFilter.java:116) ~[spring-web-6.0.3.jar:6.0.3]
	at org.springframework.security.web.FilterChainProxy$VirtualFilterChain.doFilter(FilterChainProxy.java:374) ~[spring-security-web-6.0.1.jar:6.0.1]
	at org.springframework.security.web.authentication.logout.LogoutFilter.doFilter(LogoutFilter.java:107) ~[spring-security-web-6.0.1.jar:6.0.1]
	at org.springframework.security.web.authentication.logout.LogoutFilter.doFilter(LogoutFilter.java:93) ~[spring-security-web-6.0.1.jar:6.0.1]
	at org.springframework.security.web.FilterChainProxy$VirtualFilterChain.doFilter(FilterChainProxy.java:374) ~[spring-security-web-6.0.1.jar:6.0.1]
	at org.springframework.web.filter.CorsFilter.doFilterInternal(CorsFilter.java:91) ~[spring-web-6.0.3.jar:6.0.3]
	at org.springframework.web.filter.OncePerRequestFilter.doFilter(OncePerRequestFilter.java:116) ~[spring-web-6.0.3.jar:6.0.3]
	at org.springframework.security.web.FilterChainProxy$VirtualFilterChain.doFilter(FilterChainProxy.java:374) ~[spring-security-web-6.0.1.jar:6.0.1]
	at org.springframework.security.web.header.HeaderWriterFilter.doHeadersAfter(HeaderWriterFilter.java:90) ~[spring-security-web-6.0.1.jar:6.0.1]
	at org.springframework.security.web.header.HeaderWriterFilter.doFilterInternal(HeaderWriterFilter.java:75) ~[spring-security-web-6.0.1.jar:6.0.1]
	at org.springframework.web.filter.OncePerRequestFilter.doFilter(OncePerRequestFilter.java:116) ~[spring-web-6.0.3.jar:6.0.3]
	at org.springframework.security.web.FilterChainProxy$VirtualFilterChain.doFilter(FilterChainProxy.java:374) ~[spring-security-web-6.0.1.jar:6.0.1]
	at org.springframework.security.web.context.SecurityContextHolderFilter.doFilter(SecurityContextHolderFilter.java:82) ~[spring-security-web-6.0.1.jar:6.0.1]
	at org.springframework.security.web.context.SecurityContextHolderFilter.doFilter(SecurityContextHolderFilter.java:69) ~[spring-security-web-6.0.1.jar:6.0.1]
	at org.springframework.security.web.FilterChainProxy$VirtualFilterChain.doFilter(FilterChainProxy.java:374) ~[spring-security-web-6.0.1.jar:6.0.1]
	at org.springframework.security.web.context.request.async.WebAsyncManagerIntegrationFilter.doFilterInternal(WebAsyncManagerIntegrationFilter.java:62) ~[spring-security-web-6.0.1.jar:6.0.1]
	at org.springframework.web.filter.OncePerRequestFilter.doFilter(OncePerRequestFilter.java:116) ~[spring-web-6.0.3.jar:6.0.3]
	at org.springframework.security.web.FilterChainProxy$VirtualFilterChain.doFilter(FilterChainProxy.java:374) ~[spring-security-web-6.0.1.jar:6.0.1]
	at org.springframework.security.web.session.DisableEncodeUrlFilter.doFilterInternal(DisableEncodeUrlFilter.java:42) ~[spring-security-web-6.0.1.jar:6.0.1]
	at org.springframework.web.filter.OncePerRequestFilter.doFilter(OncePerRequestFilter.java:116) ~[spring-web-6.0.3.jar:6.0.3]
	at org.springframework.security.web.FilterChainProxy$VirtualFilterChain.doFilter(FilterChainProxy.java:374) ~[spring-security-web-6.0.1.jar:6.0.1]
	at org.springframework.security.web.FilterChainProxy.doFilterInternal(FilterChainProxy.java:233) ~[spring-security-web-6.0.1.jar:6.0.1]
	at org.springframework.security.web.FilterChainProxy.doFilter(FilterChainProxy.java:191) ~[spring-security-web-6.0.1.jar:6.0.1]
	at org.springframework.web.filter.DelegatingFilterProxy.invokeDelegate(DelegatingFilterProxy.java:351) ~[spring-web-6.0.3.jar:6.0.3]
	at org.springframework.web.filter.DelegatingFilterProxy.doFilter(DelegatingFilterProxy.java:267) ~[spring-web-6.0.3.jar:6.0.3]
	at org.apache.catalina.core.ApplicationFilterChain.internalDoFilter(ApplicationFilterChain.java:185) ~[tomcat-embed-core-10.1.4.jar:10.1.4]
	at org.apache.catalina.core.ApplicationFilterChain.doFilter(ApplicationFilterChain.java:158) ~[tomcat-embed-core-10.1.4.jar:10.1.4]
	at org.springframework.web.filter.RequestContextFilter.doFilterInternal(RequestContextFilter.java:100) ~[spring-web-6.0.3.jar:6.0.3]
	at org.springframework.web.filter.OncePerRequestFilter.doFilter(OncePerRequestFilter.java:116) ~[spring-web-6.0.3.jar:6.0.3]
	at org.apache.catalina.core.ApplicationFilterChain.internalDoFilter(ApplicationFilterChain.java:185) ~[tomcat-embed-core-10.1.4.jar:10.1.4]
	at org.apache.catalina.core.ApplicationFilterChain.doFilter(ApplicationFilterChain.java:158) ~[tomcat-embed-core-10.1.4.jar:10.1.4]
	at org.springframework.web.filter.FormContentFilter.doFilterInternal(FormContentFilter.java:93) ~[spring-web-6.0.3.jar:6.0.3]
	at org.springframework.web.filter.OncePerRequestFilter.doFilter(OncePerRequestFilter.java:116) ~[spring-web-6.0.3.jar:6.0.3]
	at org.apache.catalina.core.ApplicationFilterChain.internalDoFilter(ApplicationFilterChain.java:185) ~[tomcat-embed-core-10.1.4.jar:10.1.4]
	at org.apache.catalina.core.ApplicationFilterChain.doFilter(ApplicationFilterChain.java:158) ~[tomcat-embed-core-10.1.4.jar:10.1.4]
	at org.springframework.web.filter.CharacterEncodingFilter.doFilterInternal(CharacterEncodingFilter.java:201) ~[spring-web-6.0.3.jar:6.0.3]
	at org.springframework.web.filter.OncePerRequestFilter.doFilter(OncePerRequestFilter.java:116) ~[spring-web-6.0.3.jar:6.0.3]
	at org.apache.catalina.core.ApplicationFilterChain.internalDoFilter(ApplicationFilterChain.java:185) ~[tomcat-embed-core-10.1.4.jar:10.1.4]
	at org.apache.catalina.core.ApplicationFilterChain.doFilter(ApplicationFilterChain.java:158) ~[tomcat-embed-core-10.1.4.jar:10.1.4]
	at org.apache.catalina.core.StandardWrapperValve.invoke(StandardWrapperValve.java:177) ~[tomcat-embed-core-10.1.4.jar:10.1.4]
	at org.apache.catalina.core.StandardContextValve.invoke(StandardContextValve.java:97) ~[tomcat-embed-core-10.1.4.jar:10.1.4]
	at org.apache.catalina.authenticator.AuthenticatorBase.invoke(AuthenticatorBase.java:542) ~[tomcat-embed-core-10.1.4.jar:10.1.4]
	at org.apache.catalina.core.StandardHostValve.invoke(StandardHostValve.java:119) ~[tomcat-embed-core-10.1.4.jar:10.1.4]
	at org.apache.catalina.valves.ErrorReportValve.invoke(ErrorReportValve.java:92) ~[tomcat-embed-core-10.1.4.jar:10.1.4]
	at org.apache.catalina.core.StandardEngineValve.invoke(StandardEngineValve.java:78) ~[tomcat-embed-core-10.1.4.jar:10.1.4]
	at org.apache.catalina.valves.RemoteIpValve.invoke(RemoteIpValve.java:741) ~[tomcat-embed-core-10.1.4.jar:10.1.4]
	at org.apache.catalina.connector.CoyoteAdapter.service(CoyoteAdapter.java:357) ~[tomcat-embed-core-10.1.4.jar:10.1.4]
	at org.apache.coyote.http11.Http11Processor.service(Http11Processor.java:400) ~[tomcat-embed-core-10.1.4.jar:10.1.4]
	at org.apache.coyote.AbstractProcessorLight.process(AbstractProcessorLight.java:65) ~[tomcat-embed-core-10.1.4.jar:10.1.4]
	at org.apache.coyote.AbstractProtocol$ConnectionHandler.process(AbstractProtocol.java:859) ~[tomcat-embed-core-10.1.4.jar:10.1.4]
	at org.apache.tomcat.util.net.NioEndpoint$SocketProcessor.doRun(NioEndpoint.java:1734) ~[tomcat-embed-core-10.1.4.jar:10.1.4]
	at org.apache.tomcat.util.net.SocketProcessorBase.run(SocketProcessorBase.java:52) ~[tomcat-embed-core-10.1.4.jar:10.1.4]
	at org.apache.tomcat.util.threads.ThreadPoolExecutor.runWorker(ThreadPoolExecutor.java:1191) ~[tomcat-embed-core-10.1.4.jar:10.1.4]
	at org.apache.tomcat.util.threads.ThreadPoolExecutor$Worker.run(ThreadPoolExecutor.java:659) ~[tomcat-embed-core-10.1.4.jar:10.1.4]
	at org.apache.tomcat.util.threads.TaskThread$WrappingRunnable.run(TaskThread.java:61) ~[tomcat-embed-core-10.1.4.jar:10.1.4]
	at java.lang.Thread.run(Thread.java:840) ~[?:?]
2025-11-06 07:37:45 DEBUG SQL - 
    select
        u1_0.user_id,
        u1_0.email,
        u1_0.mobile_number,
        u1_0.password,
        u1_0.user_role,
        u1_0.username 
    from
        user u1_0 
    where
        u1_0.username=?
2025-11-06 07:37:45 DEBUG SQL - 
    select
        p1_0.product_id,
        p1_0.category,
        p1_0.created_at,
        p1_0.description,
        p1_0.name,
        p1_0.photo_image,
        p1_0.price,
        p1_0.stock,
        p1_0.updated_at,
        p1_0.user_id 
    from
        product p1_0
2025-11-06 07:37:45 DEBUG SQL - 
    select
        u1_0.user_id,
        u1_0.email,
        u1_0.mobile_number,
        u1_0.password,
        u1_0.user_role,
        u1_0.username 
    from
        user u1_0 
    where
        u1_0.user_id=?
2025-11-06 07:37:45 DEBUG SQL - 
    select
        u1_0.user_id,
        u1_0.email,
        u1_0.mobile_number,
        u1_0.password,
        u1_0.user_role,
        u1_0.username 
    from
        user u1_0 
    where
        u1_0.user_id=?
2025-11-06 07:37:59 DEBUG SQL - 
    select
        u1_0.user_id,
        u1_0.email,
        u1_0.mobile_number,
        u1_0.password,
        u1_0.user_role,
        u1_0.username 
    from
        user u1_0 
    where
        u1_0.username=?
2025-11-06 07:37:59 DEBUG SQL - 
    select
        u1_0.user_id,
        u1_0.email,
        u1_0.mobile_number,
        u1_0.password,
        u1_0.user_role,
        u1_0.username 
    from
        user u1_0 
    where
        u1_0.username=?
2025-11-06 07:38:08 DEBUG SQL - 
    select
        u1_0.user_id,
        u1_0.email,
        u1_0.mobile_number,
        u1_0.password,
        u1_0.user_role,
        u1_0.username 
    from
        user u1_0 
    where
        u1_0.username=?
2025-11-06 07:38:08 DEBUG SQL - 
    select
        next_val as id_val 
    from
        user_seq for update
2025-11-06 07:38:08 DEBUG SQL - 
    update
        user_seq 
    set
        next_val= ? 
    where
        next_val=?
2025-11-06 07:38:08 DEBUG SQL - 
    insert 
    into
        user
        (email, mobile_number, password, user_role, username, user_id) 
    values
        (?, ?, ?, ?, ?, ?)
2025-11-06 07:38:09 DEBUG SQL - 
    select
        u1_0.user_id,
        u1_0.email,
        u1_0.mobile_number,
        u1_0.password,
        u1_0.user_role,
        u1_0.username 
    from
        user u1_0 
    where
        u1_0.username=?
2025-11-06 07:38:09 WARN  ExceptionHandlerExceptionResolver - Resolved [com.examly.springapp.exception.UsernameAlreadyExistsException: Username already exists]
2025-11-06 07:38:15 DEBUG SQL - 
    select
        u1_0.user_id,
        u1_0.email,
        u1_0.mobile_number,
        u1_0.password,
        u1_0.user_role,
        u1_0.username 
    from
        user u1_0 
    where
        u1_0.username=?
2025-11-06 07:38:15 DEBUG SQL - 
    select
        o1_0.order_id,
        o1_0.created_at,
        o1_0.quantity,
        o1_0.shipping_address,
        o1_0.status,
        o1_0.total_amount,
        o1_0.updated_at,
        o1_0.user_id 
    from
        orders o1_0
2025-11-06 07:38:15 DEBUG SQL - 
    select
        u1_0.user_id,
        u1_0.email,
        u1_0.mobile_number,
        u1_0.password,
        u1_0.user_role,
        u1_0.username 
    from
        user u1_0 
    where
        u1_0.user_id=?
2025-11-06 07:38:15 DEBUG SQL - 
    select
        u1_0.user_id,
        u1_0.email,
        u1_0.mobile_number,
        u1_0.password,
        u1_0.user_role,
        u1_0.username 
    from
        user u1_0 
    where
        u1_0.user_id=?
2025-11-06 07:38:15 DEBUG SQL - 
    select
        u1_0.user_id,
        u1_0.email,
        u1_0.mobile_number,
        u1_0.password,
        u1_0.user_role,
        u1_0.username 
    from
        user u1_0 
    where
        u1_0.user_id=?
2025-11-06 07:38:15 DEBUG SQL - 
    select
        u1_0.user_id,
        u1_0.email,
        u1_0.mobile_number,
        u1_0.password,
        u1_0.user_role,
        u1_0.username 
    from
        user u1_0 
    where
        u1_0.user_id=?
2025-11-06 07:38:15 DEBUG SQL - 
    select
        p1_0.order_id,
        p1_1.product_id,
        p1_1.category,
        p1_1.created_at,
        p1_1.description,
        p1_1.name,
        p1_1.photo_image,
        p1_1.price,
        p1_1.stock,
        p1_1.updated_at,
        u1_0.user_id,
        u1_0.email,
        u1_0.mobile_number,
        u1_0.password,
        u1_0.user_role,
        u1_0.username 
    from
        order_products p1_0 
    join
        product p1_1 
            on p1_1.product_id=p1_0.product_id 
    left join
        user u1_0 
            on u1_0.user_id=p1_1.user_id 
    where
        p1_0.order_id=?
2025-11-06 07:38:15 DEBUG SQL - 
    select
        p1_0.order_id,
        p1_1.product_id,
        p1_1.category,
        p1_1.created_at,
        p1_1.description,
        p1_1.name,
        p1_1.photo_image,
        p1_1.price,
        p1_1.stock,
        p1_1.updated_at,
        u1_0.user_id,
        u1_0.email,
        u1_0.mobile_number,
        u1_0.password,
        u1_0.user_role,
        u1_0.username 
    from
        order_products p1_0 
    join
        product p1_1 
            on p1_1.product_id=p1_0.product_id 
    left join
        user u1_0 
            on u1_0.user_id=p1_1.user_id 
    where
        p1_0.order_id=?
2025-11-06 07:38:15 DEBUG SQL - 
    select
        p1_0.order_id,
        p1_1.product_id,
        p1_1.category,
        p1_1.created_at,
        p1_1.description,
        p1_1.name,
        p1_1.photo_image,
        p1_1.price,
        p1_1.stock,
        p1_1.updated_at,
        u1_0.user_id,
        u1_0.email,
        u1_0.mobile_number,
        u1_0.password,
        u1_0.user_role,
        u1_0.username 
    from
        order_products p1_0 
    join
        product p1_1 
            on p1_1.product_id=p1_0.product_id 
    left join
        user u1_0 
            on u1_0.user_id=p1_1.user_id 
    where
        p1_0.order_id=?
2025-11-06 07:38:15 DEBUG SQL - 
    select
        p1_0.order_id,
        p1_1.product_id,
        p1_1.category,
        p1_1.created_at,
        p1_1.description,
        p1_1.name,
        p1_1.photo_image,
        p1_1.price,
        p1_1.stock,
        p1_1.updated_at,
        u1_0.user_id,
        u1_0.email,
        u1_0.mobile_number,
        u1_0.password,
        u1_0.user_role,
        u1_0.username 
    from
        order_products p1_0 
    join
        product p1_1 
            on p1_1.product_id=p1_0.product_id 
    left join
        user u1_0 
            on u1_0.user_id=p1_1.user_id 
    where
        p1_0.order_id=?
2025-11-06 07:38:25 DEBUG SQL - 
    select
        u1_0.user_id,
        u1_0.email,
        u1_0.mobile_number,
        u1_0.password,
        u1_0.user_role,
        u1_0.username 
    from
        user u1_0 
    where
        u1_0.username=?
2025-11-06 07:38:25 ERROR [dispatcherServlet] - Servlet.service() for servlet [dispatcherServlet] in context with path [] threw exception [Request processing failed: java.lang.RuntimeException: Invalid username or password] with root cause
java.lang.RuntimeException: Invalid username or password
	at com.examly.springapp.service.UserServiceImpl.loginUser(UserServiceImpl.java:71) ~[classes/:?]
	at com.examly.springapp.controller.UserController.loginUser(UserController.java:51) ~[classes/:?]
	at jdk.internal.reflect.GeneratedMethodAccessor51.invoke(Unknown Source) ~[?:?]
	at jdk.internal.reflect.DelegatingMethodAccessorImpl.invoke(DelegatingMethodAccessorImpl.java:43) ~[?:?]
	at java.lang.reflect.Method.invoke(Method.java:569) ~[?:?]
	at org.springframework.aop.support.AopUtils.invokeJoinpointUsingReflection(AopUtils.java:343) ~[spring-aop-6.0.3.jar:6.0.3]
	at org.springframework.aop.framework.CglibAopProxy$DynamicAdvisedInterceptor.intercept(CglibAopProxy.java:699) ~[spring-aop-6.0.3.jar:6.0.3]
	at com.examly.springapp.controller.UserController$$SpringCGLIB$$0.loginUser(<generated>) ~[classes/:?]
	at jdk.internal.reflect.GeneratedMethodAccessor51.invoke(Unknown Source) ~[?:?]
	at jdk.internal.reflect.DelegatingMethodAccessorImpl.invoke(DelegatingMethodAccessorImpl.java:43) ~[?:?]
	at java.lang.reflect.Method.invoke(Method.java:569) ~[?:?]
	at org.springframework.web.method.support.InvocableHandlerMethod.doInvoke(InvocableHandlerMethod.java:207) ~[spring-web-6.0.3.jar:6.0.3]
	at org.springframework.web.method.support.InvocableHandlerMethod.invokeForRequest(InvocableHandlerMethod.java:152) ~[spring-web-6.0.3.jar:6.0.3]
	at org.springframework.web.servlet.mvc.method.annotation.ServletInvocableHandlerMethod.invokeAndHandle(ServletInvocableHandlerMethod.java:117) ~[spring-webmvc-6.0.3.jar:6.0.3]
	at org.springframework.web.servlet.mvc.method.annotation.RequestMappingHandlerAdapter.invokeHandlerMethod(RequestMappingHandlerAdapter.java:884) ~[spring-webmvc-6.0.3.jar:6.0.3]
	at org.springframework.web.servlet.mvc.method.annotation.RequestMappingHandlerAdapter.handleInternal(RequestMappingHandlerAdapter.java:797) ~[spring-webmvc-6.0.3.jar:6.0.3]
	at org.springframework.web.servlet.mvc.method.AbstractHandlerMethodAdapter.handle(AbstractHandlerMethodAdapter.java:87) ~[spring-webmvc-6.0.3.jar:6.0.3]
	at org.springframework.web.servlet.DispatcherServlet.doDispatch(DispatcherServlet.java:1080) ~[spring-webmvc-6.0.3.jar:6.0.3]
	at org.springframework.web.servlet.DispatcherServlet.doService(DispatcherServlet.java:973) ~[spring-webmvc-6.0.3.jar:6.0.3]
	at org.springframework.web.servlet.FrameworkServlet.processRequest(FrameworkServlet.java:1010) ~[spring-webmvc-6.0.3.jar:6.0.3]
	at org.springframework.web.servlet.FrameworkServlet.doPost(FrameworkServlet.java:913) ~[spring-webmvc-6.0.3.jar:6.0.3]
	at jakarta.servlet.http.HttpServlet.service(HttpServlet.java:731) ~[tomcat-embed-core-10.1.4.jar:6.0]
	at org.springframework.web.servlet.FrameworkServlet.service(FrameworkServlet.java:884) ~[spring-webmvc-6.0.3.jar:6.0.3]
	at jakarta.servlet.http.HttpServlet.service(HttpServlet.java:814) ~[tomcat-embed-core-10.1.4.jar:6.0]
	at org.apache.catalina.core.ApplicationFilterChain.internalDoFilter(ApplicationFilterChain.java:223) ~[tomcat-embed-core-10.1.4.jar:10.1.4]
	at org.apache.catalina.core.ApplicationFilterChain.doFilter(ApplicationFilterChain.java:158) ~[tomcat-embed-core-10.1.4.jar:10.1.4]
	at org.apache.tomcat.websocket.server.WsFilter.doFilter(WsFilter.java:53) ~[tomcat-embed-websocket-10.1.4.jar:10.1.4]
	at org.apache.catalina.core.ApplicationFilterChain.internalDoFilter(ApplicationFilterChain.java:185) ~[tomcat-embed-core-10.1.4.jar:10.1.4]
	at org.apache.catalina.core.ApplicationFilterChain.doFilter(ApplicationFilterChain.java:158) ~[tomcat-embed-core-10.1.4.jar:10.1.4]
	at org.springframework.web.filter.OncePerRequestFilter.doFilter(OncePerRequestFilter.java:110) ~[spring-web-6.0.3.jar:6.0.3]
	at org.apache.catalina.core.ApplicationFilterChain.internalDoFilter(ApplicationFilterChain.java:185) ~[tomcat-embed-core-10.1.4.jar:10.1.4]
	at org.apache.catalina.core.ApplicationFilterChain.doFilter(ApplicationFilterChain.java:158) ~[tomcat-embed-core-10.1.4.jar:10.1.4]
	at org.springframework.security.web.FilterChainProxy.lambda$doFilterInternal$3(FilterChainProxy.java:231) ~[spring-security-web-6.0.1.jar:6.0.1]
	at org.springframework.security.web.FilterChainProxy$VirtualFilterChain.doFilter(FilterChainProxy.java:365) ~[spring-security-web-6.0.1.jar:6.0.1]
	at org.springframework.security.web.access.intercept.AuthorizationFilter.doFilter(AuthorizationFilter.java:100) ~[spring-security-web-6.0.1.jar:6.0.1]
	at org.springframework.security.web.FilterChainProxy$VirtualFilterChain.doFilter(FilterChainProxy.java:374) ~[spring-security-web-6.0.1.jar:6.0.1]
	at org.springframework.security.web.access.ExceptionTranslationFilter.doFilter(ExceptionTranslationFilter.java:126) ~[spring-security-web-6.0.1.jar:6.0.1]
	at org.springframework.security.web.access.ExceptionTranslationFilter.doFilter(ExceptionTranslationFilter.java:120) ~[spring-security-web-6.0.1.jar:6.0.1]
	at org.springframework.security.web.FilterChainProxy$VirtualFilterChain.doFilter(FilterChainProxy.java:374) ~[spring-security-web-6.0.1.jar:6.0.1]
	at org.springframework.security.web.session.SessionManagementFilter.doFilter(SessionManagementFilter.java:131) ~[spring-security-web-6.0.1.jar:6.0.1]
	at org.springframework.security.web.session.SessionManagementFilter.doFilter(SessionManagementFilter.java:85) ~[spring-security-web-6.0.1.jar:6.0.1]
	at org.springframework.security.web.FilterChainProxy$VirtualFilterChain.doFilter(FilterChainProxy.java:374) ~[spring-security-web-6.0.1.jar:6.0.1]
	at org.springframework.security.web.authentication.AnonymousAuthenticationFilter.doFilter(AnonymousAuthenticationFilter.java:100) ~[spring-security-web-6.0.1.jar:6.0.1]
	at org.springframework.security.web.FilterChainProxy$VirtualFilterChain.doFilter(FilterChainProxy.java:374) ~[spring-security-web-6.0.1.jar:6.0.1]
	at org.springframework.security.web.servletapi.SecurityContextHolderAwareRequestFilter.doFilter(SecurityContextHolderAwareRequestFilter.java:179) ~[spring-security-web-6.0.1.jar:6.0.1]
	at org.springframework.security.web.FilterChainProxy$VirtualFilterChain.doFilter(FilterChainProxy.java:374) ~[spring-security-web-6.0.1.jar:6.0.1]
	at org.springframework.security.web.savedrequest.RequestCacheAwareFilter.doFilter(RequestCacheAwareFilter.java:63) ~[spring-security-web-6.0.1.jar:6.0.1]
	at org.springframework.security.web.FilterChainProxy$VirtualFilterChain.doFilter(FilterChainProxy.java:374) ~[spring-security-web-6.0.1.jar:6.0.1]
	at org.springframework.security.web.authentication.www.BasicAuthenticationFilter.doFilterInternal(BasicAuthenticationFilter.java:170) ~[spring-security-web-6.0.1.jar:6.0.1]
	at org.springframework.web.filter.OncePerRequestFilter.doFilter(OncePerRequestFilter.java:116) ~[spring-web-6.0.3.jar:6.0.3]
	at org.springframework.security.web.FilterChainProxy$VirtualFilterChain.doFilter(FilterChainProxy.java:374) ~[spring-security-web-6.0.1.jar:6.0.1]
	at com.examly.springapp.config.JwtAuthenticationFilter.doFilterInternal(JwtAuthenticationFilter.java:58) ~[classes/:?]
	at org.springframework.web.filter.OncePerRequestFilter.doFilter(OncePerRequestFilter.java:116) ~[spring-web-6.0.3.jar:6.0.3]
	at org.springframework.security.web.FilterChainProxy$VirtualFilterChain.doFilter(FilterChainProxy.java:374) ~[spring-security-web-6.0.1.jar:6.0.1]
	at org.springframework.security.web.authentication.logout.LogoutFilter.doFilter(LogoutFilter.java:107) ~[spring-security-web-6.0.1.jar:6.0.1]
	at org.springframework.security.web.authentication.logout.LogoutFilter.doFilter(LogoutFilter.java:93) ~[spring-security-web-6.0.1.jar:6.0.1]
	at org.springframework.security.web.FilterChainProxy$VirtualFilterChain.doFilter(FilterChainProxy.java:374) ~[spring-security-web-6.0.1.jar:6.0.1]
	at org.springframework.web.filter.CorsFilter.doFilterInternal(CorsFilter.java:91) ~[spring-web-6.0.3.jar:6.0.3]
	at org.springframework.web.filter.OncePerRequestFilter.doFilter(OncePerRequestFilter.java:116) ~[spring-web-6.0.3.jar:6.0.3]
	at org.springframework.security.web.FilterChainProxy$VirtualFilterChain.doFilter(FilterChainProxy.java:374) ~[spring-security-web-6.0.1.jar:6.0.1]
	at org.springframework.security.web.header.HeaderWriterFilter.doHeadersAfter(HeaderWriterFilter.java:90) ~[spring-security-web-6.0.1.jar:6.0.1]
	at org.springframework.security.web.header.HeaderWriterFilter.doFilterInternal(HeaderWriterFilter.java:75) ~[spring-security-web-6.0.1.jar:6.0.1]
	at org.springframework.web.filter.OncePerRequestFilter.doFilter(OncePerRequestFilter.java:116) ~[spring-web-6.0.3.jar:6.0.3]
	at org.springframework.security.web.FilterChainProxy$VirtualFilterChain.doFilter(FilterChainProxy.java:374) ~[spring-security-web-6.0.1.jar:6.0.1]
	at org.springframework.security.web.context.SecurityContextHolderFilter.doFilter(SecurityContextHolderFilter.java:82) ~[spring-security-web-6.0.1.jar:6.0.1]
	at org.springframework.security.web.context.SecurityContextHolderFilter.doFilter(SecurityContextHolderFilter.java:69) ~[spring-security-web-6.0.1.jar:6.0.1]
	at org.springframework.security.web.FilterChainProxy$VirtualFilterChain.doFilter(FilterChainProxy.java:374) ~[spring-security-web-6.0.1.jar:6.0.1]
	at org.springframework.security.web.context.request.async.WebAsyncManagerIntegrationFilter.doFilterInternal(WebAsyncManagerIntegrationFilter.java:62) ~[spring-security-web-6.0.1.jar:6.0.1]
	at org.springframework.web.filter.OncePerRequestFilter.doFilter(OncePerRequestFilter.java:116) ~[spring-web-6.0.3.jar:6.0.3]
	at org.springframework.security.web.FilterChainProxy$VirtualFilterChain.doFilter(FilterChainProxy.java:374) ~[spring-security-web-6.0.1.jar:6.0.1]
	at org.springframework.security.web.session.DisableEncodeUrlFilter.doFilterInternal(DisableEncodeUrlFilter.java:42) ~[spring-security-web-6.0.1.jar:6.0.1]
	at org.springframework.web.filter.OncePerRequestFilter.doFilter(OncePerRequestFilter.java:116) ~[spring-web-6.0.3.jar:6.0.3]
	at org.springframework.security.web.FilterChainProxy$VirtualFilterChain.doFilter(FilterChainProxy.java:374) ~[spring-security-web-6.0.1.jar:6.0.1]
	at org.springframework.security.web.FilterChainProxy.doFilterInternal(FilterChainProxy.java:233) ~[spring-security-web-6.0.1.jar:6.0.1]
	at org.springframework.security.web.FilterChainProxy.doFilter(FilterChainProxy.java:191) ~[spring-security-web-6.0.1.jar:6.0.1]
	at org.springframework.web.filter.DelegatingFilterProxy.invokeDelegate(DelegatingFilterProxy.java:351) ~[spring-web-6.0.3.jar:6.0.3]
	at org.springframework.web.filter.DelegatingFilterProxy.doFilter(DelegatingFilterProxy.java:267) ~[spring-web-6.0.3.jar:6.0.3]
	at org.apache.catalina.core.ApplicationFilterChain.internalDoFilter(ApplicationFilterChain.java:185) ~[tomcat-embed-core-10.1.4.jar:10.1.4]
	at org.apache.catalina.core.ApplicationFilterChain.doFilter(ApplicationFilterChain.java:158) ~[tomcat-embed-core-10.1.4.jar:10.1.4]
	at org.springframework.web.filter.RequestContextFilter.doFilterInternal(RequestContextFilter.java:100) ~[spring-web-6.0.3.jar:6.0.3]
	at org.springframework.web.filter.OncePerRequestFilter.doFilter(OncePerRequestFilter.java:116) ~[spring-web-6.0.3.jar:6.0.3]
	at org.apache.catalina.core.ApplicationFilterChain.internalDoFilter(ApplicationFilterChain.java:185) ~[tomcat-embed-core-10.1.4.jar:10.1.4]
	at org.apache.catalina.core.ApplicationFilterChain.doFilter(ApplicationFilterChain.java:158) ~[tomcat-embed-core-10.1.4.jar:10.1.4]
	at org.springframework.web.filter.FormContentFilter.doFilterInternal(FormContentFilter.java:93) ~[spring-web-6.0.3.jar:6.0.3]
	at org.springframework.web.filter.OncePerRequestFilter.doFilter(OncePerRequestFilter.java:116) ~[spring-web-6.0.3.jar:6.0.3]
	at org.apache.catalina.core.ApplicationFilterChain.internalDoFilter(ApplicationFilterChain.java:185) ~[tomcat-embed-core-10.1.4.jar:10.1.4]
	at org.apache.catalina.core.ApplicationFilterChain.doFilter(ApplicationFilterChain.java:158) ~[tomcat-embed-core-10.1.4.jar:10.1.4]
	at org.springframework.web.filter.CharacterEncodingFilter.doFilterInternal(CharacterEncodingFilter.java:201) ~[spring-web-6.0.3.jar:6.0.3]
	at org.springframework.web.filter.OncePerRequestFilter.doFilter(OncePerRequestFilter.java:116) ~[spring-web-6.0.3.jar:6.0.3]
	at org.apache.catalina.core.ApplicationFilterChain.internalDoFilter(ApplicationFilterChain.java:185) ~[tomcat-embed-core-10.1.4.jar:10.1.4]
	at org.apache.catalina.core.ApplicationFilterChain.doFilter(ApplicationFilterChain.java:158) ~[tomcat-embed-core-10.1.4.jar:10.1.4]
	at org.apache.catalina.core.StandardWrapperValve.invoke(StandardWrapperValve.java:177) ~[tomcat-embed-core-10.1.4.jar:10.1.4]
	at org.apache.catalina.core.StandardContextValve.invoke(StandardContextValve.java:97) ~[tomcat-embed-core-10.1.4.jar:10.1.4]
	at org.apache.catalina.authenticator.AuthenticatorBase.invoke(AuthenticatorBase.java:542) ~[tomcat-embed-core-10.1.4.jar:10.1.4]
	at org.apache.catalina.core.StandardHostValve.invoke(StandardHostValve.java:119) ~[tomcat-embed-core-10.1.4.jar:10.1.4]
	at org.apache.catalina.valves.ErrorReportValve.invoke(ErrorReportValve.java:92) ~[tomcat-embed-core-10.1.4.jar:10.1.4]
	at org.apache.catalina.core.StandardEngineValve.invoke(StandardEngineValve.java:78) ~[tomcat-embed-core-10.1.4.jar:10.1.4]
	at org.apache.catalina.valves.RemoteIpValve.invoke(RemoteIpValve.java:741) ~[tomcat-embed-core-10.1.4.jar:10.1.4]
	at org.apache.catalina.connector.CoyoteAdapter.service(CoyoteAdapter.java:357) ~[tomcat-embed-core-10.1.4.jar:10.1.4]
	at org.apache.coyote.http11.Http11Processor.service(Http11Processor.java:400) ~[tomcat-embed-core-10.1.4.jar:10.1.4]
	at org.apache.coyote.AbstractProcessorLight.process(AbstractProcessorLight.java:65) ~[tomcat-embed-core-10.1.4.jar:10.1.4]
	at org.apache.coyote.AbstractProtocol$ConnectionHandler.process(AbstractProtocol.java:859) ~[tomcat-embed-core-10.1.4.jar:10.1.4]
	at org.apache.tomcat.util.net.NioEndpoint$SocketProcessor.doRun(NioEndpoint.java:1734) ~[tomcat-embed-core-10.1.4.jar:10.1.4]
	at org.apache.tomcat.util.net.SocketProcessorBase.run(SocketProcessorBase.java:52) ~[tomcat-embed-core-10.1.4.jar:10.1.4]
	at org.apache.tomcat.util.threads.ThreadPoolExecutor.runWorker(ThreadPoolExecutor.java:1191) ~[tomcat-embed-core-10.1.4.jar:10.1.4]
	at org.apache.tomcat.util.threads.ThreadPoolExecutor$Worker.run(ThreadPoolExecutor.java:659) ~[tomcat-embed-core-10.1.4.jar:10.1.4]
	at org.apache.tomcat.util.threads.TaskThread$WrappingRunnable.run(TaskThread.java:61) ~[tomcat-embed-core-10.1.4.jar:10.1.4]
	at java.lang.Thread.run(Thread.java:840) ~[?:?]
2025-11-06 07:38:27 DEBUG SQL - 
    select
        u1_0.user_id,
        u1_0.email,
        u1_0.mobile_number,
        u1_0.password,
        u1_0.user_role,
        u1_0.username 
    from
        user u1_0 
    where
        u1_0.username=?
2025-11-06 07:38:27 ERROR [dispatcherServlet] - Servlet.service() for servlet [dispatcherServlet] in context with path [] threw exception [Request processing failed: java.lang.RuntimeException: Invalid username or password] with root cause
java.lang.RuntimeException: Invalid username or password
	at com.examly.springapp.service.UserServiceImpl.loginUser(UserServiceImpl.java:71) ~[classes/:?]
	at com.examly.springapp.controller.UserController.loginUser(UserController.java:51) ~[classes/:?]
	at jdk.internal.reflect.GeneratedMethodAccessor51.invoke(Unknown Source) ~[?:?]
	at jdk.internal.reflect.DelegatingMethodAccessorImpl.invoke(DelegatingMethodAccessorImpl.java:43) ~[?:?]
	at java.lang.reflect.Method.invoke(Method.java:569) ~[?:?]
	at org.springframework.aop.support.AopUtils.invokeJoinpointUsingReflection(AopUtils.java:343) ~[spring-aop-6.0.3.jar:6.0.3]
	at org.springframework.aop.framework.CglibAopProxy$DynamicAdvisedInterceptor.intercept(CglibAopProxy.java:699) ~[spring-aop-6.0.3.jar:6.0.3]
	at com.examly.springapp.controller.UserController$$SpringCGLIB$$0.loginUser(<generated>) ~[classes/:?]
	at jdk.internal.reflect.GeneratedMethodAccessor51.invoke(Unknown Source) ~[?:?]
	at jdk.internal.reflect.DelegatingMethodAccessorImpl.invoke(DelegatingMethodAccessorImpl.java:43) ~[?:?]
	at java.lang.reflect.Method.invoke(Method.java:569) ~[?:?]
	at org.springframework.web.method.support.InvocableHandlerMethod.doInvoke(InvocableHandlerMethod.java:207) ~[spring-web-6.0.3.jar:6.0.3]
	at org.springframework.web.method.support.InvocableHandlerMethod.invokeForRequest(InvocableHandlerMethod.java:152) ~[spring-web-6.0.3.jar:6.0.3]
	at org.springframework.web.servlet.mvc.method.annotation.ServletInvocableHandlerMethod.invokeAndHandle(ServletInvocableHandlerMethod.java:117) ~[spring-webmvc-6.0.3.jar:6.0.3]
	at org.springframework.web.servlet.mvc.method.annotation.RequestMappingHandlerAdapter.invokeHandlerMethod(RequestMappingHandlerAdapter.java:884) ~[spring-webmvc-6.0.3.jar:6.0.3]
	at org.springframework.web.servlet.mvc.method.annotation.RequestMappingHandlerAdapter.handleInternal(RequestMappingHandlerAdapter.java:797) ~[spring-webmvc-6.0.3.jar:6.0.3]
	at org.springframework.web.servlet.mvc.method.AbstractHandlerMethodAdapter.handle(AbstractHandlerMethodAdapter.java:87) ~[spring-webmvc-6.0.3.jar:6.0.3]
	at org.springframework.web.servlet.DispatcherServlet.doDispatch(DispatcherServlet.java:1080) ~[spring-webmvc-6.0.3.jar:6.0.3]
	at org.springframework.web.servlet.DispatcherServlet.doService(DispatcherServlet.java:973) ~[spring-webmvc-6.0.3.jar:6.0.3]
	at org.springframework.web.servlet.FrameworkServlet.processRequest(FrameworkServlet.java:1010) ~[spring-webmvc-6.0.3.jar:6.0.3]
	at org.springframework.web.servlet.FrameworkServlet.doPost(FrameworkServlet.java:913) ~[spring-webmvc-6.0.3.jar:6.0.3]
	at jakarta.servlet.http.HttpServlet.service(HttpServlet.java:731) ~[tomcat-embed-core-10.1.4.jar:6.0]
	at org.springframework.web.servlet.FrameworkServlet.service(FrameworkServlet.java:884) ~[spring-webmvc-6.0.3.jar:6.0.3]
	at jakarta.servlet.http.HttpServlet.service(HttpServlet.java:814) ~[tomcat-embed-core-10.1.4.jar:6.0]
	at org.apache.catalina.core.ApplicationFilterChain.internalDoFilter(ApplicationFilterChain.java:223) ~[tomcat-embed-core-10.1.4.jar:10.1.4]
	at org.apache.catalina.core.ApplicationFilterChain.doFilter(ApplicationFilterChain.java:158) ~[tomcat-embed-core-10.1.4.jar:10.1.4]
	at org.apache.tomcat.websocket.server.WsFilter.doFilter(WsFilter.java:53) ~[tomcat-embed-websocket-10.1.4.jar:10.1.4]
	at org.apache.catalina.core.ApplicationFilterChain.internalDoFilter(ApplicationFilterChain.java:185) ~[tomcat-embed-core-10.1.4.jar:10.1.4]
	at org.apache.catalina.core.ApplicationFilterChain.doFilter(ApplicationFilterChain.java:158) ~[tomcat-embed-core-10.1.4.jar:10.1.4]
	at org.springframework.web.filter.OncePerRequestFilter.doFilter(OncePerRequestFilter.java:110) ~[spring-web-6.0.3.jar:6.0.3]
	at org.apache.catalina.core.ApplicationFilterChain.internalDoFilter(ApplicationFilterChain.java:185) ~[tomcat-embed-core-10.1.4.jar:10.1.4]
	at org.apache.catalina.core.ApplicationFilterChain.doFilter(ApplicationFilterChain.java:158) ~[tomcat-embed-core-10.1.4.jar:10.1.4]
	at org.springframework.security.web.FilterChainProxy.lambda$doFilterInternal$3(FilterChainProxy.java:231) ~[spring-security-web-6.0.1.jar:6.0.1]
	at org.springframework.security.web.FilterChainProxy$VirtualFilterChain.doFilter(FilterChainProxy.java:365) ~[spring-security-web-6.0.1.jar:6.0.1]
	at org.springframework.security.web.access.intercept.AuthorizationFilter.doFilter(AuthorizationFilter.java:100) ~[spring-security-web-6.0.1.jar:6.0.1]
	at org.springframework.security.web.FilterChainProxy$VirtualFilterChain.doFilter(FilterChainProxy.java:374) ~[spring-security-web-6.0.1.jar:6.0.1]
	at org.springframework.security.web.access.ExceptionTranslationFilter.doFilter(ExceptionTranslationFilter.java:126) ~[spring-security-web-6.0.1.jar:6.0.1]
	at org.springframework.security.web.access.ExceptionTranslationFilter.doFilter(ExceptionTranslationFilter.java:120) ~[spring-security-web-6.0.1.jar:6.0.1]
	at org.springframework.security.web.FilterChainProxy$VirtualFilterChain.doFilter(FilterChainProxy.java:374) ~[spring-security-web-6.0.1.jar:6.0.1]
	at org.springframework.security.web.session.SessionManagementFilter.doFilter(SessionManagementFilter.java:131) ~[spring-security-web-6.0.1.jar:6.0.1]
	at org.springframework.security.web.session.SessionManagementFilter.doFilter(SessionManagementFilter.java:85) ~[spring-security-web-6.0.1.jar:6.0.1]
	at org.springframework.security.web.FilterChainProxy$VirtualFilterChain.doFilter(FilterChainProxy.java:374) ~[spring-security-web-6.0.1.jar:6.0.1]
	at org.springframework.security.web.authentication.AnonymousAuthenticationFilter.doFilter(AnonymousAuthenticationFilter.java:100) ~[spring-security-web-6.0.1.jar:6.0.1]
	at org.springframework.security.web.FilterChainProxy$VirtualFilterChain.doFilter(FilterChainProxy.java:374) ~[spring-security-web-6.0.1.jar:6.0.1]
	at org.springframework.security.web.servletapi.SecurityContextHolderAwareRequestFilter.doFilter(SecurityContextHolderAwareRequestFilter.java:179) ~[spring-security-web-6.0.1.jar:6.0.1]
	at org.springframework.security.web.FilterChainProxy$VirtualFilterChain.doFilter(FilterChainProxy.java:374) ~[spring-security-web-6.0.1.jar:6.0.1]
	at org.springframework.security.web.savedrequest.RequestCacheAwareFilter.doFilter(RequestCacheAwareFilter.java:63) ~[spring-security-web-6.0.1.jar:6.0.1]
	at org.springframework.security.web.FilterChainProxy$VirtualFilterChain.doFilter(FilterChainProxy.java:374) ~[spring-security-web-6.0.1.jar:6.0.1]
	at org.springframework.security.web.authentication.www.BasicAuthenticationFilter.doFilterInternal(BasicAuthenticationFilter.java:170) ~[spring-security-web-6.0.1.jar:6.0.1]
	at org.springframework.web.filter.OncePerRequestFilter.doFilter(OncePerRequestFilter.java:116) ~[spring-web-6.0.3.jar:6.0.3]
	at org.springframework.security.web.FilterChainProxy$VirtualFilterChain.doFilter(FilterChainProxy.java:374) ~[spring-security-web-6.0.1.jar:6.0.1]
	at com.examly.springapp.config.JwtAuthenticationFilter.doFilterInternal(JwtAuthenticationFilter.java:58) ~[classes/:?]
	at org.springframework.web.filter.OncePerRequestFilter.doFilter(OncePerRequestFilter.java:116) ~[spring-web-6.0.3.jar:6.0.3]
	at org.springframework.security.web.FilterChainProxy$VirtualFilterChain.doFilter(FilterChainProxy.java:374) ~[spring-security-web-6.0.1.jar:6.0.1]
	at org.springframework.security.web.authentication.logout.LogoutFilter.doFilter(LogoutFilter.java:107) ~[spring-security-web-6.0.1.jar:6.0.1]
	at org.springframework.security.web.authentication.logout.LogoutFilter.doFilter(LogoutFilter.java:93) ~[spring-security-web-6.0.1.jar:6.0.1]
	at org.springframework.security.web.FilterChainProxy$VirtualFilterChain.doFilter(FilterChainProxy.java:374) ~[spring-security-web-6.0.1.jar:6.0.1]
	at org.springframework.web.filter.CorsFilter.doFilterInternal(CorsFilter.java:91) ~[spring-web-6.0.3.jar:6.0.3]
	at org.springframework.web.filter.OncePerRequestFilter.doFilter(OncePerRequestFilter.java:116) ~[spring-web-6.0.3.jar:6.0.3]
	at org.springframework.security.web.FilterChainProxy$VirtualFilterChain.doFilter(FilterChainProxy.java:374) ~[spring-security-web-6.0.1.jar:6.0.1]
	at org.springframework.security.web.header.HeaderWriterFilter.doHeadersAfter(HeaderWriterFilter.java:90) ~[spring-security-web-6.0.1.jar:6.0.1]
	at org.springframework.security.web.header.HeaderWriterFilter.doFilterInternal(HeaderWriterFilter.java:75) ~[spring-security-web-6.0.1.jar:6.0.1]
	at org.springframework.web.filter.OncePerRequestFilter.doFilter(OncePerRequestFilter.java:116) ~[spring-web-6.0.3.jar:6.0.3]
	at org.springframework.security.web.FilterChainProxy$VirtualFilterChain.doFilter(FilterChainProxy.java:374) ~[spring-security-web-6.0.1.jar:6.0.1]
	at org.springframework.security.web.context.SecurityContextHolderFilter.doFilter(SecurityContextHolderFilter.java:82) ~[spring-security-web-6.0.1.jar:6.0.1]
	at org.springframework.security.web.context.SecurityContextHolderFilter.doFilter(SecurityContextHolderFilter.java:69) ~[spring-security-web-6.0.1.jar:6.0.1]
	at org.springframework.security.web.FilterChainProxy$VirtualFilterChain.doFilter(FilterChainProxy.java:374) ~[spring-security-web-6.0.1.jar:6.0.1]
	at org.springframework.security.web.context.request.async.WebAsyncManagerIntegrationFilter.doFilterInternal(WebAsyncManagerIntegrationFilter.java:62) ~[spring-security-web-6.0.1.jar:6.0.1]
	at org.springframework.web.filter.OncePerRequestFilter.doFilter(OncePerRequestFilter.java:116) ~[spring-web-6.0.3.jar:6.0.3]
	at org.springframework.security.web.FilterChainProxy$VirtualFilterChain.doFilter(FilterChainProxy.java:374) ~[spring-security-web-6.0.1.jar:6.0.1]
	at org.springframework.security.web.session.DisableEncodeUrlFilter.doFilterInternal(DisableEncodeUrlFilter.java:42) ~[spring-security-web-6.0.1.jar:6.0.1]
	at org.springframework.web.filter.OncePerRequestFilter.doFilter(OncePerRequestFilter.java:116) ~[spring-web-6.0.3.jar:6.0.3]
	at org.springframework.security.web.FilterChainProxy$VirtualFilterChain.doFilter(FilterChainProxy.java:374) ~[spring-security-web-6.0.1.jar:6.0.1]
	at org.springframework.security.web.FilterChainProxy.doFilterInternal(FilterChainProxy.java:233) ~[spring-security-web-6.0.1.jar:6.0.1]
	at org.springframework.security.web.FilterChainProxy.doFilter(FilterChainProxy.java:191) ~[spring-security-web-6.0.1.jar:6.0.1]
	at org.springframework.web.filter.DelegatingFilterProxy.invokeDelegate(DelegatingFilterProxy.java:351) ~[spring-web-6.0.3.jar:6.0.3]
	at org.springframework.web.filter.DelegatingFilterProxy.doFilter(DelegatingFilterProxy.java:267) ~[spring-web-6.0.3.jar:6.0.3]
	at org.apache.catalina.core.ApplicationFilterChain.internalDoFilter(ApplicationFilterChain.java:185) ~[tomcat-embed-core-10.1.4.jar:10.1.4]
	at org.apache.catalina.core.ApplicationFilterChain.doFilter(ApplicationFilterChain.java:158) ~[tomcat-embed-core-10.1.4.jar:10.1.4]
	at org.springframework.web.filter.RequestContextFilter.doFilterInternal(RequestContextFilter.java:100) ~[spring-web-6.0.3.jar:6.0.3]
	at org.springframework.web.filter.OncePerRequestFilter.doFilter(OncePerRequestFilter.java:116) ~[spring-web-6.0.3.jar:6.0.3]
	at org.apache.catalina.core.ApplicationFilterChain.internalDoFilter(ApplicationFilterChain.java:185) ~[tomcat-embed-core-10.1.4.jar:10.1.4]
	at org.apache.catalina.core.ApplicationFilterChain.doFilter(ApplicationFilterChain.java:158) ~[tomcat-embed-core-10.1.4.jar:10.1.4]
	at org.springframework.web.filter.FormContentFilter.doFilterInternal(FormContentFilter.java:93) ~[spring-web-6.0.3.jar:6.0.3]
	at org.springframework.web.filter.OncePerRequestFilter.doFilter(OncePerRequestFilter.java:116) ~[spring-web-6.0.3.jar:6.0.3]
	at org.apache.catalina.core.ApplicationFilterChain.internalDoFilter(ApplicationFilterChain.java:185) ~[tomcat-embed-core-10.1.4.jar:10.1.4]
	at org.apache.catalina.core.ApplicationFilterChain.doFilter(ApplicationFilterChain.java:158) ~[tomcat-embed-core-10.1.4.jar:10.1.4]
	at org.springframework.web.filter.CharacterEncodingFilter.doFilterInternal(CharacterEncodingFilter.java:201) ~[spring-web-6.0.3.jar:6.0.3]
	at org.springframework.web.filter.OncePerRequestFilter.doFilter(OncePerRequestFilter.java:116) ~[spring-web-6.0.3.jar:6.0.3]
	at org.apache.catalina.core.ApplicationFilterChain.internalDoFilter(ApplicationFilterChain.java:185) ~[tomcat-embed-core-10.1.4.jar:10.1.4]
	at org.apache.catalina.core.ApplicationFilterChain.doFilter(ApplicationFilterChain.java:158) ~[tomcat-embed-core-10.1.4.jar:10.1.4]
	at org.apache.catalina.core.StandardWrapperValve.invoke(StandardWrapperValve.java:177) ~[tomcat-embed-core-10.1.4.jar:10.1.4]
	at org.apache.catalina.core.StandardContextValve.invoke(StandardContextValve.java:97) ~[tomcat-embed-core-10.1.4.jar:10.1.4]
	at org.apache.catalina.authenticator.AuthenticatorBase.invoke(AuthenticatorBase.java:542) ~[tomcat-embed-core-10.1.4.jar:10.1.4]
	at org.apache.catalina.core.StandardHostValve.invoke(StandardHostValve.java:119) ~[tomcat-embed-core-10.1.4.jar:10.1.4]
	at org.apache.catalina.valves.ErrorReportValve.invoke(ErrorReportValve.java:92) ~[tomcat-embed-core-10.1.4.jar:10.1.4]
	at org.apache.catalina.core.StandardEngineValve.invoke(StandardEngineValve.java:78) ~[tomcat-embed-core-10.1.4.jar:10.1.4]
	at org.apache.catalina.valves.RemoteIpValve.invoke(RemoteIpValve.java:741) ~[tomcat-embed-core-10.1.4.jar:10.1.4]
	at org.apache.catalina.connector.CoyoteAdapter.service(CoyoteAdapter.java:357) ~[tomcat-embed-core-10.1.4.jar:10.1.4]
	at org.apache.coyote.http11.Http11Processor.service(Http11Processor.java:400) ~[tomcat-embed-core-10.1.4.jar:10.1.4]
	at org.apache.coyote.AbstractProcessorLight.process(AbstractProcessorLight.java:65) ~[tomcat-embed-core-10.1.4.jar:10.1.4]
	at org.apache.coyote.AbstractProtocol$ConnectionHandler.process(AbstractProtocol.java:859) ~[tomcat-embed-core-10.1.4.jar:10.1.4]
	at org.apache.tomcat.util.net.NioEndpoint$SocketProcessor.doRun(NioEndpoint.java:1734) ~[tomcat-embed-core-10.1.4.jar:10.1.4]
	at org.apache.tomcat.util.net.SocketProcessorBase.run(SocketProcessorBase.java:52) ~[tomcat-embed-core-10.1.4.jar:10.1.4]
	at org.apache.tomcat.util.threads.ThreadPoolExecutor.runWorker(ThreadPoolExecutor.java:1191) ~[tomcat-embed-core-10.1.4.jar:10.1.4]
	at org.apache.tomcat.util.threads.ThreadPoolExecutor$Worker.run(ThreadPoolExecutor.java:659) ~[tomcat-embed-core-10.1.4.jar:10.1.4]
	at org.apache.tomcat.util.threads.TaskThread$WrappingRunnable.run(TaskThread.java:61) ~[tomcat-embed-core-10.1.4.jar:10.1.4]
	at java.lang.Thread.run(Thread.java:840) ~[?:?]
2025-11-06 07:38:47 DEBUG SQL - 
    select
        u1_0.user_id,
        u1_0.email,
        u1_0.mobile_number,
        u1_0.password,
        u1_0.user_role,
        u1_0.username 
    from
        user u1_0 
    where
        u1_0.username=?
2025-11-06 07:38:47 ERROR [dispatcherServlet] - Servlet.service() for servlet [dispatcherServlet] in context with path [] threw exception [Request processing failed: java.lang.RuntimeException: Invalid username or password] with root cause
java.lang.RuntimeException: Invalid username or password
	at com.examly.springapp.service.UserServiceImpl.loginUser(UserServiceImpl.java:71) ~[classes/:?]
	at com.examly.springapp.controller.UserController.loginUser(UserController.java:51) ~[classes/:?]
	at jdk.internal.reflect.GeneratedMethodAccessor51.invoke(Unknown Source) ~[?:?]
	at jdk.internal.reflect.DelegatingMethodAccessorImpl.invoke(DelegatingMethodAccessorImpl.java:43) ~[?:?]
	at java.lang.reflect.Method.invoke(Method.java:569) ~[?:?]
	at org.springframework.aop.support.AopUtils.invokeJoinpointUsingReflection(AopUtils.java:343) ~[spring-aop-6.0.3.jar:6.0.3]
	at org.springframework.aop.framework.CglibAopProxy$DynamicAdvisedInterceptor.intercept(CglibAopProxy.java:699) ~[spring-aop-6.0.3.jar:6.0.3]
	at com.examly.springapp.controller.UserController$$SpringCGLIB$$0.loginUser(<generated>) ~[classes/:?]
	at jdk.internal.reflect.GeneratedMethodAccessor51.invoke(Unknown Source) ~[?:?]
	at jdk.internal.reflect.DelegatingMethodAccessorImpl.invoke(DelegatingMethodAccessorImpl.java:43) ~[?:?]
	at java.lang.reflect.Method.invoke(Method.java:569) ~[?:?]
	at org.springframework.web.method.support.InvocableHandlerMethod.doInvoke(InvocableHandlerMethod.java:207) ~[spring-web-6.0.3.jar:6.0.3]
	at org.springframework.web.method.support.InvocableHandlerMethod.invokeForRequest(InvocableHandlerMethod.java:152) ~[spring-web-6.0.3.jar:6.0.3]
	at org.springframework.web.servlet.mvc.method.annotation.ServletInvocableHandlerMethod.invokeAndHandle(ServletInvocableHandlerMethod.java:117) ~[spring-webmvc-6.0.3.jar:6.0.3]
	at org.springframework.web.servlet.mvc.method.annotation.RequestMappingHandlerAdapter.invokeHandlerMethod(RequestMappingHandlerAdapter.java:884) ~[spring-webmvc-6.0.3.jar:6.0.3]
	at org.springframework.web.servlet.mvc.method.annotation.RequestMappingHandlerAdapter.handleInternal(RequestMappingHandlerAdapter.java:797) ~[spring-webmvc-6.0.3.jar:6.0.3]
	at org.springframework.web.servlet.mvc.method.AbstractHandlerMethodAdapter.handle(AbstractHandlerMethodAdapter.java:87) ~[spring-webmvc-6.0.3.jar:6.0.3]
	at org.springframework.web.servlet.DispatcherServlet.doDispatch(DispatcherServlet.java:1080) ~[spring-webmvc-6.0.3.jar:6.0.3]
	at org.springframework.web.servlet.DispatcherServlet.doService(DispatcherServlet.java:973) ~[spring-webmvc-6.0.3.jar:6.0.3]
	at org.springframework.web.servlet.FrameworkServlet.processRequest(FrameworkServlet.java:1010) ~[spring-webmvc-6.0.3.jar:6.0.3]
	at org.springframework.web.servlet.FrameworkServlet.doPost(FrameworkServlet.java:913) ~[spring-webmvc-6.0.3.jar:6.0.3]
	at jakarta.servlet.http.HttpServlet.service(HttpServlet.java:731) ~[tomcat-embed-core-10.1.4.jar:6.0]
	at org.springframework.web.servlet.FrameworkServlet.service(FrameworkServlet.java:884) ~[spring-webmvc-6.0.3.jar:6.0.3]
	at jakarta.servlet.http.HttpServlet.service(HttpServlet.java:814) ~[tomcat-embed-core-10.1.4.jar:6.0]
	at org.apache.catalina.core.ApplicationFilterChain.internalDoFilter(ApplicationFilterChain.java:223) ~[tomcat-embed-core-10.1.4.jar:10.1.4]
	at org.apache.catalina.core.ApplicationFilterChain.doFilter(ApplicationFilterChain.java:158) ~[tomcat-embed-core-10.1.4.jar:10.1.4]
	at org.apache.tomcat.websocket.server.WsFilter.doFilter(WsFilter.java:53) ~[tomcat-embed-websocket-10.1.4.jar:10.1.4]
	at org.apache.catalina.core.ApplicationFilterChain.internalDoFilter(ApplicationFilterChain.java:185) ~[tomcat-embed-core-10.1.4.jar:10.1.4]
	at org.apache.catalina.core.ApplicationFilterChain.doFilter(ApplicationFilterChain.java:158) ~[tomcat-embed-core-10.1.4.jar:10.1.4]
	at org.springframework.web.filter.OncePerRequestFilter.doFilter(OncePerRequestFilter.java:110) ~[spring-web-6.0.3.jar:6.0.3]
	at org.apache.catalina.core.ApplicationFilterChain.internalDoFilter(ApplicationFilterChain.java:185) ~[tomcat-embed-core-10.1.4.jar:10.1.4]
	at org.apache.catalina.core.ApplicationFilterChain.doFilter(ApplicationFilterChain.java:158) ~[tomcat-embed-core-10.1.4.jar:10.1.4]
	at org.springframework.security.web.FilterChainProxy.lambda$doFilterInternal$3(FilterChainProxy.java:231) ~[spring-security-web-6.0.1.jar:6.0.1]
	at org.springframework.security.web.FilterChainProxy$VirtualFilterChain.doFilter(FilterChainProxy.java:365) ~[spring-security-web-6.0.1.jar:6.0.1]
	at org.springframework.security.web.access.intercept.AuthorizationFilter.doFilter(AuthorizationFilter.java:100) ~[spring-security-web-6.0.1.jar:6.0.1]
	at org.springframework.security.web.FilterChainProxy$VirtualFilterChain.doFilter(FilterChainProxy.java:374) ~[spring-security-web-6.0.1.jar:6.0.1]
	at org.springframework.security.web.access.ExceptionTranslationFilter.doFilter(ExceptionTranslationFilter.java:126) ~[spring-security-web-6.0.1.jar:6.0.1]
	at org.springframework.security.web.access.ExceptionTranslationFilter.doFilter(ExceptionTranslationFilter.java:120) ~[spring-security-web-6.0.1.jar:6.0.1]
	at org.springframework.security.web.FilterChainProxy$VirtualFilterChain.doFilter(FilterChainProxy.java:374) ~[spring-security-web-6.0.1.jar:6.0.1]
	at org.springframework.security.web.session.SessionManagementFilter.doFilter(SessionManagementFilter.java:131) ~[spring-security-web-6.0.1.jar:6.0.1]
	at org.springframework.security.web.session.SessionManagementFilter.doFilter(SessionManagementFilter.java:85) ~[spring-security-web-6.0.1.jar:6.0.1]
	at org.springframework.security.web.FilterChainProxy$VirtualFilterChain.doFilter(FilterChainProxy.java:374) ~[spring-security-web-6.0.1.jar:6.0.1]
	at org.springframework.security.web.authentication.AnonymousAuthenticationFilter.doFilter(AnonymousAuthenticationFilter.java:100) ~[spring-security-web-6.0.1.jar:6.0.1]
	at org.springframework.security.web.FilterChainProxy$VirtualFilterChain.doFilter(FilterChainProxy.java:374) ~[spring-security-web-6.0.1.jar:6.0.1]
	at org.springframework.security.web.servletapi.SecurityContextHolderAwareRequestFilter.doFilter(SecurityContextHolderAwareRequestFilter.java:179) ~[spring-security-web-6.0.1.jar:6.0.1]
	at org.springframework.security.web.FilterChainProxy$VirtualFilterChain.doFilter(FilterChainProxy.java:374) ~[spring-security-web-6.0.1.jar:6.0.1]
	at org.springframework.security.web.savedrequest.RequestCacheAwareFilter.doFilter(RequestCacheAwareFilter.java:63) ~[spring-security-web-6.0.1.jar:6.0.1]
	at org.springframework.security.web.FilterChainProxy$VirtualFilterChain.doFilter(FilterChainProxy.java:374) ~[spring-security-web-6.0.1.jar:6.0.1]
	at org.springframework.security.web.authentication.www.BasicAuthenticationFilter.doFilterInternal(BasicAuthenticationFilter.java:170) ~[spring-security-web-6.0.1.jar:6.0.1]
	at org.springframework.web.filter.OncePerRequestFilter.doFilter(OncePerRequestFilter.java:116) ~[spring-web-6.0.3.jar:6.0.3]
	at org.springframework.security.web.FilterChainProxy$VirtualFilterChain.doFilter(FilterChainProxy.java:374) ~[spring-security-web-6.0.1.jar:6.0.1]
	at com.examly.springapp.config.JwtAuthenticationFilter.doFilterInternal(JwtAuthenticationFilter.java:58) ~[classes/:?]
	at org.springframework.web.filter.OncePerRequestFilter.doFilter(OncePerRequestFilter.java:116) ~[spring-web-6.0.3.jar:6.0.3]
	at org.springframework.security.web.FilterChainProxy$VirtualFilterChain.doFilter(FilterChainProxy.java:374) ~[spring-security-web-6.0.1.jar:6.0.1]
	at org.springframework.security.web.authentication.logout.LogoutFilter.doFilter(LogoutFilter.java:107) ~[spring-security-web-6.0.1.jar:6.0.1]
	at org.springframework.security.web.authentication.logout.LogoutFilter.doFilter(LogoutFilter.java:93) ~[spring-security-web-6.0.1.jar:6.0.1]
	at org.springframework.security.web.FilterChainProxy$VirtualFilterChain.doFilter(FilterChainProxy.java:374) ~[spring-security-web-6.0.1.jar:6.0.1]
	at org.springframework.web.filter.CorsFilter.doFilterInternal(CorsFilter.java:91) ~[spring-web-6.0.3.jar:6.0.3]
	at org.springframework.web.filter.OncePerRequestFilter.doFilter(OncePerRequestFilter.java:116) ~[spring-web-6.0.3.jar:6.0.3]
	at org.springframework.security.web.FilterChainProxy$VirtualFilterChain.doFilter(FilterChainProxy.java:374) ~[spring-security-web-6.0.1.jar:6.0.1]
	at org.springframework.security.web.header.HeaderWriterFilter.doHeadersAfter(HeaderWriterFilter.java:90) ~[spring-security-web-6.0.1.jar:6.0.1]
	at org.springframework.security.web.header.HeaderWriterFilter.doFilterInternal(HeaderWriterFilter.java:75) ~[spring-security-web-6.0.1.jar:6.0.1]
	at org.springframework.web.filter.OncePerRequestFilter.doFilter(OncePerRequestFilter.java:116) ~[spring-web-6.0.3.jar:6.0.3]
	at org.springframework.security.web.FilterChainProxy$VirtualFilterChain.doFilter(FilterChainProxy.java:374) ~[spring-security-web-6.0.1.jar:6.0.1]
	at org.springframework.security.web.context.SecurityContextHolderFilter.doFilter(SecurityContextHolderFilter.java:82) ~[spring-security-web-6.0.1.jar:6.0.1]
	at org.springframework.security.web.context.SecurityContextHolderFilter.doFilter(SecurityContextHolderFilter.java:69) ~[spring-security-web-6.0.1.jar:6.0.1]
	at org.springframework.security.web.FilterChainProxy$VirtualFilterChain.doFilter(FilterChainProxy.java:374) ~[spring-security-web-6.0.1.jar:6.0.1]
	at org.springframework.security.web.context.request.async.WebAsyncManagerIntegrationFilter.doFilterInternal(WebAsyncManagerIntegrationFilter.java:62) ~[spring-security-web-6.0.1.jar:6.0.1]
	at org.springframework.web.filter.OncePerRequestFilter.doFilter(OncePerRequestFilter.java:116) ~[spring-web-6.0.3.jar:6.0.3]
	at org.springframework.security.web.FilterChainProxy$VirtualFilterChain.doFilter(FilterChainProxy.java:374) ~[spring-security-web-6.0.1.jar:6.0.1]
	at org.springframework.security.web.session.DisableEncodeUrlFilter.doFilterInternal(DisableEncodeUrlFilter.java:42) ~[spring-security-web-6.0.1.jar:6.0.1]
	at org.springframework.web.filter.OncePerRequestFilter.doFilter(OncePerRequestFilter.java:116) ~[spring-web-6.0.3.jar:6.0.3]
	at org.springframework.security.web.FilterChainProxy$VirtualFilterChain.doFilter(FilterChainProxy.java:374) ~[spring-security-web-6.0.1.jar:6.0.1]
	at org.springframework.security.web.FilterChainProxy.doFilterInternal(FilterChainProxy.java:233) ~[spring-security-web-6.0.1.jar:6.0.1]
	at org.springframework.security.web.FilterChainProxy.doFilter(FilterChainProxy.java:191) ~[spring-security-web-6.0.1.jar:6.0.1]
	at org.springframework.web.filter.DelegatingFilterProxy.invokeDelegate(DelegatingFilterProxy.java:351) ~[spring-web-6.0.3.jar:6.0.3]
	at org.springframework.web.filter.DelegatingFilterProxy.doFilter(DelegatingFilterProxy.java:267) ~[spring-web-6.0.3.jar:6.0.3]
	at org.apache.catalina.core.ApplicationFilterChain.internalDoFilter(ApplicationFilterChain.java:185) ~[tomcat-embed-core-10.1.4.jar:10.1.4]
	at org.apache.catalina.core.ApplicationFilterChain.doFilter(ApplicationFilterChain.java:158) ~[tomcat-embed-core-10.1.4.jar:10.1.4]
	at org.springframework.web.filter.RequestContextFilter.doFilterInternal(RequestContextFilter.java:100) ~[spring-web-6.0.3.jar:6.0.3]
	at org.springframework.web.filter.OncePerRequestFilter.doFilter(OncePerRequestFilter.java:116) ~[spring-web-6.0.3.jar:6.0.3]
	at org.apache.catalina.core.ApplicationFilterChain.internalDoFilter(ApplicationFilterChain.java:185) ~[tomcat-embed-core-10.1.4.jar:10.1.4]
	at org.apache.catalina.core.ApplicationFilterChain.doFilter(ApplicationFilterChain.java:158) ~[tomcat-embed-core-10.1.4.jar:10.1.4]
	at org.springframework.web.filter.FormContentFilter.doFilterInternal(FormContentFilter.java:93) ~[spring-web-6.0.3.jar:6.0.3]
	at org.springframework.web.filter.OncePerRequestFilter.doFilter(OncePerRequestFilter.java:116) ~[spring-web-6.0.3.jar:6.0.3]
	at org.apache.catalina.core.ApplicationFilterChain.internalDoFilter(ApplicationFilterChain.java:185) ~[tomcat-embed-core-10.1.4.jar:10.1.4]
	at org.apache.catalina.core.ApplicationFilterChain.doFilter(ApplicationFilterChain.java:158) ~[tomcat-embed-core-10.1.4.jar:10.1.4]
	at org.springframework.web.filter.CharacterEncodingFilter.doFilterInternal(CharacterEncodingFilter.java:201) ~[spring-web-6.0.3.jar:6.0.3]
	at org.springframework.web.filter.OncePerRequestFilter.doFilter(OncePerRequestFilter.java:116) ~[spring-web-6.0.3.jar:6.0.3]
	at org.apache.catalina.core.ApplicationFilterChain.internalDoFilter(ApplicationFilterChain.java:185) ~[tomcat-embed-core-10.1.4.jar:10.1.4]
	at org.apache.catalina.core.ApplicationFilterChain.doFilter(ApplicationFilterChain.java:158) ~[tomcat-embed-core-10.1.4.jar:10.1.4]
	at org.apache.catalina.core.StandardWrapperValve.invoke(StandardWrapperValve.java:177) ~[tomcat-embed-core-10.1.4.jar:10.1.4]
	at org.apache.catalina.core.StandardContextValve.invoke(StandardContextValve.java:97) ~[tomcat-embed-core-10.1.4.jar:10.1.4]
	at org.apache.catalina.authenticator.AuthenticatorBase.invoke(AuthenticatorBase.java:542) ~[tomcat-embed-core-10.1.4.jar:10.1.4]
	at org.apache.catalina.core.StandardHostValve.invoke(StandardHostValve.java:119) ~[tomcat-embed-core-10.1.4.jar:10.1.4]
	at org.apache.catalina.valves.ErrorReportValve.invoke(ErrorReportValve.java:92) ~[tomcat-embed-core-10.1.4.jar:10.1.4]
	at org.apache.catalina.core.StandardEngineValve.invoke(StandardEngineValve.java:78) ~[tomcat-embed-core-10.1.4.jar:10.1.4]
	at org.apache.catalina.valves.RemoteIpValve.invoke(RemoteIpValve.java:741) ~[tomcat-embed-core-10.1.4.jar:10.1.4]
	at org.apache.catalina.connector.CoyoteAdapter.service(CoyoteAdapter.java:357) ~[tomcat-embed-core-10.1.4.jar:10.1.4]
	at org.apache.coyote.http11.Http11Processor.service(Http11Processor.java:400) ~[tomcat-embed-core-10.1.4.jar:10.1.4]
	at org.apache.coyote.AbstractProcessorLight.process(AbstractProcessorLight.java:65) ~[tomcat-embed-core-10.1.4.jar:10.1.4]
	at org.apache.coyote.AbstractProtocol$ConnectionHandler.process(AbstractProtocol.java:859) ~[tomcat-embed-core-10.1.4.jar:10.1.4]
	at org.apache.tomcat.util.net.NioEndpoint$SocketProcessor.doRun(NioEndpoint.java:1734) ~[tomcat-embed-core-10.1.4.jar:10.1.4]
	at org.apache.tomcat.util.net.SocketProcessorBase.run(SocketProcessorBase.java:52) ~[tomcat-embed-core-10.1.4.jar:10.1.4]
	at org.apache.tomcat.util.threads.ThreadPoolExecutor.runWorker(ThreadPoolExecutor.java:1191) ~[tomcat-embed-core-10.1.4.jar:10.1.4]
	at org.apache.tomcat.util.threads.ThreadPoolExecutor$Worker.run(ThreadPoolExecutor.java:659) ~[tomcat-embed-core-10.1.4.jar:10.1.4]
	at org.apache.tomcat.util.threads.TaskThread$WrappingRunnable.run(TaskThread.java:61) ~[tomcat-embed-core-10.1.4.jar:10.1.4]
	at java.lang.Thread.run(Thread.java:840) ~[?:?]
2025-11-06 07:38:59 DEBUG SQL - 
    select
        u1_0.user_id,
        u1_0.email,
        u1_0.mobile_number,
        u1_0.password,
        u1_0.user_role,
        u1_0.username 
    from
        user u1_0 
    where
        u1_0.username=?
2025-11-06 07:38:59 DEBUG SQL - 
    select
        u1_0.user_id,
        u1_0.email,
        u1_0.mobile_number,
        u1_0.password,
        u1_0.user_role,
        u1_0.username 
    from
        user u1_0 
    where
        u1_0.user_id=?
2025-11-06 07:38:59 DEBUG SQL - 
    select
        o1_0.order_id,
        o1_0.created_at,
        o1_0.quantity,
        o1_0.shipping_address,
        o1_0.status,
        o1_0.total_amount,
        o1_0.updated_at,
        o1_0.user_id 
    from
        orders o1_0 
    where
        o1_0.user_id=?
2025-11-06 07:38:59 DEBUG SQL - 
    select
        p1_0.order_id,
        p1_1.product_id,
        p1_1.category,
        p1_1.created_at,
        p1_1.description,
        p1_1.name,
        p1_1.photo_image,
        p1_1.price,
        p1_1.stock,
        p1_1.updated_at,
        u1_0.user_id,
        u1_0.email,
        u1_0.mobile_number,
        u1_0.password,
        u1_0.user_role,
        u1_0.username 
    from
        order_products p1_0 
    join
        product p1_1 
            on p1_1.product_id=p1_0.product_id 
    left join
        user u1_0 
            on u1_0.user_id=p1_1.user_id 
    where
        p1_0.order_id=?
2025-11-06 07:39:00 DEBUG SQL - 
    select
        u1_0.user_id,
        u1_0.email,
        u1_0.mobile_number,
        u1_0.password,
        u1_0.user_role,
        u1_0.username 
    from
        user u1_0 
    where
        u1_0.username=?
2025-11-06 07:39:00 DEBUG SQL - 
    select
        p1_0.product_id,
        p1_0.category,
        p1_0.created_at,
        p1_0.description,
        p1_0.name,
        p1_0.photo_image,
        p1_0.price,
        p1_0.stock,
        p1_0.updated_at,
        u1_0.user_id,
        u1_0.email,
        u1_0.mobile_number,
        u1_0.password,
        u1_0.user_role,
        u1_0.username 
    from
        product p1_0 
    left join
        user u1_0 
            on u1_0.user_id=p1_0.user_id 
    where
        p1_0.product_id=?
2025-11-06 07:39:17 DEBUG SQL - 
    select
        u1_0.user_id,
        u1_0.email,
        u1_0.mobile_number,
        u1_0.password,
        u1_0.user_role,
        u1_0.username 
    from
        user u1_0 
    where
        u1_0.username=?
2025-11-06 07:39:17 INFO  OrderController - Update  order Method Called
2025-11-06 07:39:17 DEBUG SQL - 
    select
        o1_0.order_id,
        o1_0.created_at,
        o1_0.quantity,
        o1_0.shipping_address,
        o1_0.status,
        o1_0.total_amount,
        o1_0.updated_at,
        u1_0.user_id,
        u1_0.email,
        u1_0.mobile_number,
        u1_0.password,
        u1_0.user_role,
        u1_0.username 
    from
        orders o1_0 
    join
        user u1_0 
            on u1_0.user_id=o1_0.user_id 
    where
        o1_0.order_id=?
2025-11-06 07:39:17 DEBUG SQL - 
    select
        p1_0.order_id,
        p1_1.product_id,
        p1_1.category,
        p1_1.created_at,
        p1_1.description,
        p1_1.name,
        p1_1.photo_image,
        p1_1.price,
        p1_1.stock,
        p1_1.updated_at,
        u1_0.user_id,
        u1_0.email,
        u1_0.mobile_number,
        u1_0.password,
        u1_0.user_role,
        u1_0.username 
    from
        order_products p1_0 
    join
        product p1_1 
            on p1_1.product_id=p1_0.product_id 
    left join
        user u1_0 
            on u1_0.user_id=p1_1.user_id 
    where
        p1_0.order_id=?
2025-11-06 07:39:17 DEBUG SQL - 
    update
        orders 
    set
        created_at=?,
        quantity=?,
        shipping_address=?,
        status=?,
        total_amount=?,
        updated_at=?,
        user_id=? 
    where
        order_id=?
2025-11-06 07:39:17 DEBUG SQL - 
    delete 
    from
        order_products 
    where
        order_id=?
2025-11-06 07:39:17 DEBUG SQL - 
    insert 
    into
        order_products
        (order_id, product_id) 
    values
        (?, ?)
2025-11-06 07:40:42 DEBUG SQL - 
    select
        u1_0.user_id,
        u1_0.email,
        u1_0.mobile_number,
        u1_0.password,
        u1_0.user_role,
        u1_0.username 
    from
        user u1_0 
    where
        u1_0.username=?
2025-11-06 07:40:42 ERROR [dispatcherServlet] - Servlet.service() for servlet [dispatcherServlet] in context with path [] threw exception [Request processing failed: java.lang.RuntimeException: Invalid username or password] with root cause
java.lang.RuntimeException: Invalid username or password
	at com.examly.springapp.service.UserServiceImpl.loginUser(UserServiceImpl.java:71) ~[classes/:?]
	at com.examly.springapp.controller.UserController.loginUser(UserController.java:51) ~[classes/:?]
	at jdk.internal.reflect.GeneratedMethodAccessor51.invoke(Unknown Source) ~[?:?]
	at jdk.internal.reflect.DelegatingMethodAccessorImpl.invoke(DelegatingMethodAccessorImpl.java:43) ~[?:?]
	at java.lang.reflect.Method.invoke(Method.java:569) ~[?:?]
	at org.springframework.aop.support.AopUtils.invokeJoinpointUsingReflection(AopUtils.java:343) ~[spring-aop-6.0.3.jar:6.0.3]
	at org.springframework.aop.framework.CglibAopProxy$DynamicAdvisedInterceptor.intercept(CglibAopProxy.java:699) ~[spring-aop-6.0.3.jar:6.0.3]
	at com.examly.springapp.controller.UserController$$SpringCGLIB$$0.loginUser(<generated>) ~[classes/:?]
	at jdk.internal.reflect.GeneratedMethodAccessor51.invoke(Unknown Source) ~[?:?]
	at jdk.internal.reflect.DelegatingMethodAccessorImpl.invoke(DelegatingMethodAccessorImpl.java:43) ~[?:?]
	at java.lang.reflect.Method.invoke(Method.java:569) ~[?:?]
	at org.springframework.web.method.support.InvocableHandlerMethod.doInvoke(InvocableHandlerMethod.java:207) ~[spring-web-6.0.3.jar:6.0.3]
	at org.springframework.web.method.support.InvocableHandlerMethod.invokeForRequest(InvocableHandlerMethod.java:152) ~[spring-web-6.0.3.jar:6.0.3]
	at org.springframework.web.servlet.mvc.method.annotation.ServletInvocableHandlerMethod.invokeAndHandle(ServletInvocableHandlerMethod.java:117) ~[spring-webmvc-6.0.3.jar:6.0.3]
	at org.springframework.web.servlet.mvc.method.annotation.RequestMappingHandlerAdapter.invokeHandlerMethod(RequestMappingHandlerAdapter.java:884) ~[spring-webmvc-6.0.3.jar:6.0.3]
	at org.springframework.web.servlet.mvc.method.annotation.RequestMappingHandlerAdapter.handleInternal(RequestMappingHandlerAdapter.java:797) ~[spring-webmvc-6.0.3.jar:6.0.3]
	at org.springframework.web.servlet.mvc.method.AbstractHandlerMethodAdapter.handle(AbstractHandlerMethodAdapter.java:87) ~[spring-webmvc-6.0.3.jar:6.0.3]
	at org.springframework.web.servlet.DispatcherServlet.doDispatch(DispatcherServlet.java:1080) ~[spring-webmvc-6.0.3.jar:6.0.3]
	at org.springframework.web.servlet.DispatcherServlet.doService(DispatcherServlet.java:973) ~[spring-webmvc-6.0.3.jar:6.0.3]
	at org.springframework.web.servlet.FrameworkServlet.processRequest(FrameworkServlet.java:1010) ~[spring-webmvc-6.0.3.jar:6.0.3]
	at org.springframework.web.servlet.FrameworkServlet.doPost(FrameworkServlet.java:913) ~[spring-webmvc-6.0.3.jar:6.0.3]
	at jakarta.servlet.http.HttpServlet.service(HttpServlet.java:731) ~[tomcat-embed-core-10.1.4.jar:6.0]
	at org.springframework.web.servlet.FrameworkServlet.service(FrameworkServlet.java:884) ~[spring-webmvc-6.0.3.jar:6.0.3]
	at jakarta.servlet.http.HttpServlet.service(HttpServlet.java:814) ~[tomcat-embed-core-10.1.4.jar:6.0]
	at org.apache.catalina.core.ApplicationFilterChain.internalDoFilter(ApplicationFilterChain.java:223) ~[tomcat-embed-core-10.1.4.jar:10.1.4]
	at org.apache.catalina.core.ApplicationFilterChain.doFilter(ApplicationFilterChain.java:158) ~[tomcat-embed-core-10.1.4.jar:10.1.4]
	at org.apache.tomcat.websocket.server.WsFilter.doFilter(WsFilter.java:53) ~[tomcat-embed-websocket-10.1.4.jar:10.1.4]
	at org.apache.catalina.core.ApplicationFilterChain.internalDoFilter(ApplicationFilterChain.java:185) ~[tomcat-embed-core-10.1.4.jar:10.1.4]
	at org.apache.catalina.core.ApplicationFilterChain.doFilter(ApplicationFilterChain.java:158) ~[tomcat-embed-core-10.1.4.jar:10.1.4]
	at org.springframework.web.filter.OncePerRequestFilter.doFilter(OncePerRequestFilter.java:110) ~[spring-web-6.0.3.jar:6.0.3]
	at org.apache.catalina.core.ApplicationFilterChain.internalDoFilter(ApplicationFilterChain.java:185) ~[tomcat-embed-core-10.1.4.jar:10.1.4]
	at org.apache.catalina.core.ApplicationFilterChain.doFilter(ApplicationFilterChain.java:158) ~[tomcat-embed-core-10.1.4.jar:10.1.4]
	at org.springframework.security.web.FilterChainProxy.lambda$doFilterInternal$3(FilterChainProxy.java:231) ~[spring-security-web-6.0.1.jar:6.0.1]
	at org.springframework.security.web.FilterChainProxy$VirtualFilterChain.doFilter(FilterChainProxy.java:365) ~[spring-security-web-6.0.1.jar:6.0.1]
	at org.springframework.security.web.access.intercept.AuthorizationFilter.doFilter(AuthorizationFilter.java:100) ~[spring-security-web-6.0.1.jar:6.0.1]
	at org.springframework.security.web.FilterChainProxy$VirtualFilterChain.doFilter(FilterChainProxy.java:374) ~[spring-security-web-6.0.1.jar:6.0.1]
	at org.springframework.security.web.access.ExceptionTranslationFilter.doFilter(ExceptionTranslationFilter.java:126) ~[spring-security-web-6.0.1.jar:6.0.1]
	at org.springframework.security.web.access.ExceptionTranslationFilter.doFilter(ExceptionTranslationFilter.java:120) ~[spring-security-web-6.0.1.jar:6.0.1]
	at org.springframework.security.web.FilterChainProxy$VirtualFilterChain.doFilter(FilterChainProxy.java:374) ~[spring-security-web-6.0.1.jar:6.0.1]
	at org.springframework.security.web.session.SessionManagementFilter.doFilter(SessionManagementFilter.java:131) ~[spring-security-web-6.0.1.jar:6.0.1]
	at org.springframework.security.web.session.SessionManagementFilter.doFilter(SessionManagementFilter.java:85) ~[spring-security-web-6.0.1.jar:6.0.1]
	at org.springframework.security.web.FilterChainProxy$VirtualFilterChain.doFilter(FilterChainProxy.java:374) ~[spring-security-web-6.0.1.jar:6.0.1]
	at org.springframework.security.web.authentication.AnonymousAuthenticationFilter.doFilter(AnonymousAuthenticationFilter.java:100) ~[spring-security-web-6.0.1.jar:6.0.1]
	at org.springframework.security.web.FilterChainProxy$VirtualFilterChain.doFilter(FilterChainProxy.java:374) ~[spring-security-web-6.0.1.jar:6.0.1]
	at org.springframework.security.web.servletapi.SecurityContextHolderAwareRequestFilter.doFilter(SecurityContextHolderAwareRequestFilter.java:179) ~[spring-security-web-6.0.1.jar:6.0.1]
	at org.springframework.security.web.FilterChainProxy$VirtualFilterChain.doFilter(FilterChainProxy.java:374) ~[spring-security-web-6.0.1.jar:6.0.1]
	at org.springframework.security.web.savedrequest.RequestCacheAwareFilter.doFilter(RequestCacheAwareFilter.java:63) ~[spring-security-web-6.0.1.jar:6.0.1]
	at org.springframework.security.web.FilterChainProxy$VirtualFilterChain.doFilter(FilterChainProxy.java:374) ~[spring-security-web-6.0.1.jar:6.0.1]
	at org.springframework.security.web.authentication.www.BasicAuthenticationFilter.doFilterInternal(BasicAuthenticationFilter.java:170) ~[spring-security-web-6.0.1.jar:6.0.1]
	at org.springframework.web.filter.OncePerRequestFilter.doFilter(OncePerRequestFilter.java:116) ~[spring-web-6.0.3.jar:6.0.3]
	at org.springframework.security.web.FilterChainProxy$VirtualFilterChain.doFilter(FilterChainProxy.java:374) ~[spring-security-web-6.0.1.jar:6.0.1]
	at com.examly.springapp.config.JwtAuthenticationFilter.doFilterInternal(JwtAuthenticationFilter.java:58) ~[classes/:?]
	at org.springframework.web.filter.OncePerRequestFilter.doFilter(OncePerRequestFilter.java:116) ~[spring-web-6.0.3.jar:6.0.3]
	at org.springframework.security.web.FilterChainProxy$VirtualFilterChain.doFilter(FilterChainProxy.java:374) ~[spring-security-web-6.0.1.jar:6.0.1]
	at org.springframework.security.web.authentication.logout.LogoutFilter.doFilter(LogoutFilter.java:107) ~[spring-security-web-6.0.1.jar:6.0.1]
	at org.springframework.security.web.authentication.logout.LogoutFilter.doFilter(LogoutFilter.java:93) ~[spring-security-web-6.0.1.jar:6.0.1]
	at org.springframework.security.web.FilterChainProxy$VirtualFilterChain.doFilter(FilterChainProxy.java:374) ~[spring-security-web-6.0.1.jar:6.0.1]
	at org.springframework.web.filter.CorsFilter.doFilterInternal(CorsFilter.java:91) ~[spring-web-6.0.3.jar:6.0.3]
	at org.springframework.web.filter.OncePerRequestFilter.doFilter(OncePerRequestFilter.java:116) ~[spring-web-6.0.3.jar:6.0.3]
	at org.springframework.security.web.FilterChainProxy$VirtualFilterChain.doFilter(FilterChainProxy.java:374) ~[spring-security-web-6.0.1.jar:6.0.1]
	at org.springframework.security.web.header.HeaderWriterFilter.doHeadersAfter(HeaderWriterFilter.java:90) ~[spring-security-web-6.0.1.jar:6.0.1]
	at org.springframework.security.web.header.HeaderWriterFilter.doFilterInternal(HeaderWriterFilter.java:75) ~[spring-security-web-6.0.1.jar:6.0.1]
	at org.springframework.web.filter.OncePerRequestFilter.doFilter(OncePerRequestFilter.java:116) ~[spring-web-6.0.3.jar:6.0.3]
	at org.springframework.security.web.FilterChainProxy$VirtualFilterChain.doFilter(FilterChainProxy.java:374) ~[spring-security-web-6.0.1.jar:6.0.1]
	at org.springframework.security.web.context.SecurityContextHolderFilter.doFilter(SecurityContextHolderFilter.java:82) ~[spring-security-web-6.0.1.jar:6.0.1]
	at org.springframework.security.web.context.SecurityContextHolderFilter.doFilter(SecurityContextHolderFilter.java:69) ~[spring-security-web-6.0.1.jar:6.0.1]
	at org.springframework.security.web.FilterChainProxy$VirtualFilterChain.doFilter(FilterChainProxy.java:374) ~[spring-security-web-6.0.1.jar:6.0.1]
	at org.springframework.security.web.context.request.async.WebAsyncManagerIntegrationFilter.doFilterInternal(WebAsyncManagerIntegrationFilter.java:62) ~[spring-security-web-6.0.1.jar:6.0.1]
	at org.springframework.web.filter.OncePerRequestFilter.doFilter(OncePerRequestFilter.java:116) ~[spring-web-6.0.3.jar:6.0.3]
	at org.springframework.security.web.FilterChainProxy$VirtualFilterChain.doFilter(FilterChainProxy.java:374) ~[spring-security-web-6.0.1.jar:6.0.1]
	at org.springframework.security.web.session.DisableEncodeUrlFilter.doFilterInternal(DisableEncodeUrlFilter.java:42) ~[spring-security-web-6.0.1.jar:6.0.1]
	at org.springframework.web.filter.OncePerRequestFilter.doFilter(OncePerRequestFilter.java:116) ~[spring-web-6.0.3.jar:6.0.3]
	at org.springframework.security.web.FilterChainProxy$VirtualFilterChain.doFilter(FilterChainProxy.java:374) ~[spring-security-web-6.0.1.jar:6.0.1]
	at org.springframework.security.web.FilterChainProxy.doFilterInternal(FilterChainProxy.java:233) ~[spring-security-web-6.0.1.jar:6.0.1]
	at org.springframework.security.web.FilterChainProxy.doFilter(FilterChainProxy.java:191) ~[spring-security-web-6.0.1.jar:6.0.1]
	at org.springframework.web.filter.DelegatingFilterProxy.invokeDelegate(DelegatingFilterProxy.java:351) ~[spring-web-6.0.3.jar:6.0.3]
	at org.springframework.web.filter.DelegatingFilterProxy.doFilter(DelegatingFilterProxy.java:267) ~[spring-web-6.0.3.jar:6.0.3]
	at org.apache.catalina.core.ApplicationFilterChain.internalDoFilter(ApplicationFilterChain.java:185) ~[tomcat-embed-core-10.1.4.jar:10.1.4]
	at org.apache.catalina.core.ApplicationFilterChain.doFilter(ApplicationFilterChain.java:158) ~[tomcat-embed-core-10.1.4.jar:10.1.4]
	at org.springframework.web.filter.RequestContextFilter.doFilterInternal(RequestContextFilter.java:100) ~[spring-web-6.0.3.jar:6.0.3]
	at org.springframework.web.filter.OncePerRequestFilter.doFilter(OncePerRequestFilter.java:116) ~[spring-web-6.0.3.jar:6.0.3]
	at org.apache.catalina.core.ApplicationFilterChain.internalDoFilter(ApplicationFilterChain.java:185) ~[tomcat-embed-core-10.1.4.jar:10.1.4]
	at org.apache.catalina.core.ApplicationFilterChain.doFilter(ApplicationFilterChain.java:158) ~[tomcat-embed-core-10.1.4.jar:10.1.4]
	at org.springframework.web.filter.FormContentFilter.doFilterInternal(FormContentFilter.java:93) ~[spring-web-6.0.3.jar:6.0.3]
	at org.springframework.web.filter.OncePerRequestFilter.doFilter(OncePerRequestFilter.java:116) ~[spring-web-6.0.3.jar:6.0.3]
	at org.apache.catalina.core.ApplicationFilterChain.internalDoFilter(ApplicationFilterChain.java:185) ~[tomcat-embed-core-10.1.4.jar:10.1.4]
	at org.apache.catalina.core.ApplicationFilterChain.doFilter(ApplicationFilterChain.java:158) ~[tomcat-embed-core-10.1.4.jar:10.1.4]
	at org.springframework.web.filter.CharacterEncodingFilter.doFilterInternal(CharacterEncodingFilter.java:201) ~[spring-web-6.0.3.jar:6.0.3]
	at org.springframework.web.filter.OncePerRequestFilter.doFilter(OncePerRequestFilter.java:116) ~[spring-web-6.0.3.jar:6.0.3]
	at org.apache.catalina.core.ApplicationFilterChain.internalDoFilter(ApplicationFilterChain.java:185) ~[tomcat-embed-core-10.1.4.jar:10.1.4]
	at org.apache.catalina.core.ApplicationFilterChain.doFilter(ApplicationFilterChain.java:158) ~[tomcat-embed-core-10.1.4.jar:10.1.4]
	at org.apache.catalina.core.StandardWrapperValve.invoke(StandardWrapperValve.java:177) ~[tomcat-embed-core-10.1.4.jar:10.1.4]
	at org.apache.catalina.core.StandardContextValve.invoke(StandardContextValve.java:97) ~[tomcat-embed-core-10.1.4.jar:10.1.4]
	at org.apache.catalina.authenticator.AuthenticatorBase.invoke(AuthenticatorBase.java:542) ~[tomcat-embed-core-10.1.4.jar:10.1.4]
	at org.apache.catalina.core.StandardHostValve.invoke(StandardHostValve.java:119) ~[tomcat-embed-core-10.1.4.jar:10.1.4]
	at org.apache.catalina.valves.ErrorReportValve.invoke(ErrorReportValve.java:92) ~[tomcat-embed-core-10.1.4.jar:10.1.4]
	at org.apache.catalina.core.StandardEngineValve.invoke(StandardEngineValve.java:78) ~[tomcat-embed-core-10.1.4.jar:10.1.4]
	at org.apache.catalina.valves.RemoteIpValve.invoke(RemoteIpValve.java:741) ~[tomcat-embed-core-10.1.4.jar:10.1.4]
	at org.apache.catalina.connector.CoyoteAdapter.service(CoyoteAdapter.java:357) ~[tomcat-embed-core-10.1.4.jar:10.1.4]
	at org.apache.coyote.http11.Http11Processor.service(Http11Processor.java:400) ~[tomcat-embed-core-10.1.4.jar:10.1.4]
	at org.apache.coyote.AbstractProcessorLight.process(AbstractProcessorLight.java:65) ~[tomcat-embed-core-10.1.4.jar:10.1.4]
	at org.apache.coyote.AbstractProtocol$ConnectionHandler.process(AbstractProtocol.java:859) ~[tomcat-embed-core-10.1.4.jar:10.1.4]
	at org.apache.tomcat.util.net.NioEndpoint$SocketProcessor.doRun(NioEndpoint.java:1734) ~[tomcat-embed-core-10.1.4.jar:10.1.4]
	at org.apache.tomcat.util.net.SocketProcessorBase.run(SocketProcessorBase.java:52) ~[tomcat-embed-core-10.1.4.jar:10.1.4]
	at org.apache.tomcat.util.threads.ThreadPoolExecutor.runWorker(ThreadPoolExecutor.java:1191) ~[tomcat-embed-core-10.1.4.jar:10.1.4]
	at org.apache.tomcat.util.threads.ThreadPoolExecutor$Worker.run(ThreadPoolExecutor.java:659) ~[tomcat-embed-core-10.1.4.jar:10.1.4]
	at org.apache.tomcat.util.threads.TaskThread$WrappingRunnable.run(TaskThread.java:61) ~[tomcat-embed-core-10.1.4.jar:10.1.4]
	at java.lang.Thread.run(Thread.java:840) ~[?:?]
2025-11-06 07:40:45 DEBUG SQL - 
    select
        u1_0.user_id,
        u1_0.email,
        u1_0.mobile_number,
        u1_0.password,
        u1_0.user_role,
        u1_0.username 
    from
        user u1_0 
    where
        u1_0.username=?
2025-11-06 07:40:45 ERROR [dispatcherServlet] - Servlet.service() for servlet [dispatcherServlet] in context with path [] threw exception [Request processing failed: java.lang.RuntimeException: Invalid username or password] with root cause
java.lang.RuntimeException: Invalid username or password
	at com.examly.springapp.service.UserServiceImpl.loginUser(UserServiceImpl.java:71) ~[classes/:?]
	at com.examly.springapp.controller.UserController.loginUser(UserController.java:51) ~[classes/:?]
	at jdk.internal.reflect.GeneratedMethodAccessor51.invoke(Unknown Source) ~[?:?]
	at jdk.internal.reflect.DelegatingMethodAccessorImpl.invoke(DelegatingMethodAccessorImpl.java:43) ~[?:?]
	at java.lang.reflect.Method.invoke(Method.java:569) ~[?:?]
	at org.springframework.aop.support.AopUtils.invokeJoinpointUsingReflection(AopUtils.java:343) ~[spring-aop-6.0.3.jar:6.0.3]
	at org.springframework.aop.framework.CglibAopProxy$DynamicAdvisedInterceptor.intercept(CglibAopProxy.java:699) ~[spring-aop-6.0.3.jar:6.0.3]
	at com.examly.springapp.controller.UserController$$SpringCGLIB$$0.loginUser(<generated>) ~[classes/:?]
	at jdk.internal.reflect.GeneratedMethodAccessor51.invoke(Unknown Source) ~[?:?]
	at jdk.internal.reflect.DelegatingMethodAccessorImpl.invoke(DelegatingMethodAccessorImpl.java:43) ~[?:?]
	at java.lang.reflect.Method.invoke(Method.java:569) ~[?:?]
	at org.springframework.web.method.support.InvocableHandlerMethod.doInvoke(InvocableHandlerMethod.java:207) ~[spring-web-6.0.3.jar:6.0.3]
	at org.springframework.web.method.support.InvocableHandlerMethod.invokeForRequest(InvocableHandlerMethod.java:152) ~[spring-web-6.0.3.jar:6.0.3]
	at org.springframework.web.servlet.mvc.method.annotation.ServletInvocableHandlerMethod.invokeAndHandle(ServletInvocableHandlerMethod.java:117) ~[spring-webmvc-6.0.3.jar:6.0.3]
	at org.springframework.web.servlet.mvc.method.annotation.RequestMappingHandlerAdapter.invokeHandlerMethod(RequestMappingHandlerAdapter.java:884) ~[spring-webmvc-6.0.3.jar:6.0.3]
	at org.springframework.web.servlet.mvc.method.annotation.RequestMappingHandlerAdapter.handleInternal(RequestMappingHandlerAdapter.java:797) ~[spring-webmvc-6.0.3.jar:6.0.3]
	at org.springframework.web.servlet.mvc.method.AbstractHandlerMethodAdapter.handle(AbstractHandlerMethodAdapter.java:87) ~[spring-webmvc-6.0.3.jar:6.0.3]
	at org.springframework.web.servlet.DispatcherServlet.doDispatch(DispatcherServlet.java:1080) ~[spring-webmvc-6.0.3.jar:6.0.3]
	at org.springframework.web.servlet.DispatcherServlet.doService(DispatcherServlet.java:973) ~[spring-webmvc-6.0.3.jar:6.0.3]
	at org.springframework.web.servlet.FrameworkServlet.processRequest(FrameworkServlet.java:1010) ~[spring-webmvc-6.0.3.jar:6.0.3]
	at org.springframework.web.servlet.FrameworkServlet.doPost(FrameworkServlet.java:913) ~[spring-webmvc-6.0.3.jar:6.0.3]
	at jakarta.servlet.http.HttpServlet.service(HttpServlet.java:731) ~[tomcat-embed-core-10.1.4.jar:6.0]
	at org.springframework.web.servlet.FrameworkServlet.service(FrameworkServlet.java:884) ~[spring-webmvc-6.0.3.jar:6.0.3]
	at jakarta.servlet.http.HttpServlet.service(HttpServlet.java:814) ~[tomcat-embed-core-10.1.4.jar:6.0]
	at org.apache.catalina.core.ApplicationFilterChain.internalDoFilter(ApplicationFilterChain.java:223) ~[tomcat-embed-core-10.1.4.jar:10.1.4]
	at org.apache.catalina.core.ApplicationFilterChain.doFilter(ApplicationFilterChain.java:158) ~[tomcat-embed-core-10.1.4.jar:10.1.4]
	at org.apache.tomcat.websocket.server.WsFilter.doFilter(WsFilter.java:53) ~[tomcat-embed-websocket-10.1.4.jar:10.1.4]
	at org.apache.catalina.core.ApplicationFilterChain.internalDoFilter(ApplicationFilterChain.java:185) ~[tomcat-embed-core-10.1.4.jar:10.1.4]
	at org.apache.catalina.core.ApplicationFilterChain.doFilter(ApplicationFilterChain.java:158) ~[tomcat-embed-core-10.1.4.jar:10.1.4]
	at org.springframework.web.filter.OncePerRequestFilter.doFilter(OncePerRequestFilter.java:110) ~[spring-web-6.0.3.jar:6.0.3]
	at org.apache.catalina.core.ApplicationFilterChain.internalDoFilter(ApplicationFilterChain.java:185) ~[tomcat-embed-core-10.1.4.jar:10.1.4]
	at org.apache.catalina.core.ApplicationFilterChain.doFilter(ApplicationFilterChain.java:158) ~[tomcat-embed-core-10.1.4.jar:10.1.4]
	at org.springframework.security.web.FilterChainProxy.lambda$doFilterInternal$3(FilterChainProxy.java:231) ~[spring-security-web-6.0.1.jar:6.0.1]
	at org.springframework.security.web.FilterChainProxy$VirtualFilterChain.doFilter(FilterChainProxy.java:365) ~[spring-security-web-6.0.1.jar:6.0.1]
	at org.springframework.security.web.access.intercept.AuthorizationFilter.doFilter(AuthorizationFilter.java:100) ~[spring-security-web-6.0.1.jar:6.0.1]
	at org.springframework.security.web.FilterChainProxy$VirtualFilterChain.doFilter(FilterChainProxy.java:374) ~[spring-security-web-6.0.1.jar:6.0.1]
	at org.springframework.security.web.access.ExceptionTranslationFilter.doFilter(ExceptionTranslationFilter.java:126) ~[spring-security-web-6.0.1.jar:6.0.1]
	at org.springframework.security.web.access.ExceptionTranslationFilter.doFilter(ExceptionTranslationFilter.java:120) ~[spring-security-web-6.0.1.jar:6.0.1]
	at org.springframework.security.web.FilterChainProxy$VirtualFilterChain.doFilter(FilterChainProxy.java:374) ~[spring-security-web-6.0.1.jar:6.0.1]
	at org.springframework.security.web.session.SessionManagementFilter.doFilter(SessionManagementFilter.java:131) ~[spring-security-web-6.0.1.jar:6.0.1]
	at org.springframework.security.web.session.SessionManagementFilter.doFilter(SessionManagementFilter.java:85) ~[spring-security-web-6.0.1.jar:6.0.1]
	at org.springframework.security.web.FilterChainProxy$VirtualFilterChain.doFilter(FilterChainProxy.java:374) ~[spring-security-web-6.0.1.jar:6.0.1]
	at org.springframework.security.web.authentication.AnonymousAuthenticationFilter.doFilter(AnonymousAuthenticationFilter.java:100) ~[spring-security-web-6.0.1.jar:6.0.1]
	at org.springframework.security.web.FilterChainProxy$VirtualFilterChain.doFilter(FilterChainProxy.java:374) ~[spring-security-web-6.0.1.jar:6.0.1]
	at org.springframework.security.web.servletapi.SecurityContextHolderAwareRequestFilter.doFilter(SecurityContextHolderAwareRequestFilter.java:179) ~[spring-security-web-6.0.1.jar:6.0.1]
	at org.springframework.security.web.FilterChainProxy$VirtualFilterChain.doFilter(FilterChainProxy.java:374) ~[spring-security-web-6.0.1.jar:6.0.1]
	at org.springframework.security.web.savedrequest.RequestCacheAwareFilter.doFilter(RequestCacheAwareFilter.java:63) ~[spring-security-web-6.0.1.jar:6.0.1]
	at org.springframework.security.web.FilterChainProxy$VirtualFilterChain.doFilter(FilterChainProxy.java:374) ~[spring-security-web-6.0.1.jar:6.0.1]
	at org.springframework.security.web.authentication.www.BasicAuthenticationFilter.doFilterInternal(BasicAuthenticationFilter.java:170) ~[spring-security-web-6.0.1.jar:6.0.1]
	at org.springframework.web.filter.OncePerRequestFilter.doFilter(OncePerRequestFilter.java:116) ~[spring-web-6.0.3.jar:6.0.3]
	at org.springframework.security.web.FilterChainProxy$VirtualFilterChain.doFilter(FilterChainProxy.java:374) ~[spring-security-web-6.0.1.jar:6.0.1]
	at com.examly.springapp.config.JwtAuthenticationFilter.doFilterInternal(JwtAuthenticationFilter.java:58) ~[classes/:?]
	at org.springframework.web.filter.OncePerRequestFilter.doFilter(OncePerRequestFilter.java:116) ~[spring-web-6.0.3.jar:6.0.3]
	at org.springframework.security.web.FilterChainProxy$VirtualFilterChain.doFilter(FilterChainProxy.java:374) ~[spring-security-web-6.0.1.jar:6.0.1]
	at org.springframework.security.web.authentication.logout.LogoutFilter.doFilter(LogoutFilter.java:107) ~[spring-security-web-6.0.1.jar:6.0.1]
	at org.springframework.security.web.authentication.logout.LogoutFilter.doFilter(LogoutFilter.java:93) ~[spring-security-web-6.0.1.jar:6.0.1]
	at org.springframework.security.web.FilterChainProxy$VirtualFilterChain.doFilter(FilterChainProxy.java:374) ~[spring-security-web-6.0.1.jar:6.0.1]
	at org.springframework.web.filter.CorsFilter.doFilterInternal(CorsFilter.java:91) ~[spring-web-6.0.3.jar:6.0.3]
	at org.springframework.web.filter.OncePerRequestFilter.doFilter(OncePerRequestFilter.java:116) ~[spring-web-6.0.3.jar:6.0.3]
	at org.springframework.security.web.FilterChainProxy$VirtualFilterChain.doFilter(FilterChainProxy.java:374) ~[spring-security-web-6.0.1.jar:6.0.1]
	at org.springframework.security.web.header.HeaderWriterFilter.doHeadersAfter(HeaderWriterFilter.java:90) ~[spring-security-web-6.0.1.jar:6.0.1]
	at org.springframework.security.web.header.HeaderWriterFilter.doFilterInternal(HeaderWriterFilter.java:75) ~[spring-security-web-6.0.1.jar:6.0.1]
	at org.springframework.web.filter.OncePerRequestFilter.doFilter(OncePerRequestFilter.java:116) ~[spring-web-6.0.3.jar:6.0.3]
	at org.springframework.security.web.FilterChainProxy$VirtualFilterChain.doFilter(FilterChainProxy.java:374) ~[spring-security-web-6.0.1.jar:6.0.1]
	at org.springframework.security.web.context.SecurityContextHolderFilter.doFilter(SecurityContextHolderFilter.java:82) ~[spring-security-web-6.0.1.jar:6.0.1]
	at org.springframework.security.web.context.SecurityContextHolderFilter.doFilter(SecurityContextHolderFilter.java:69) ~[spring-security-web-6.0.1.jar:6.0.1]
	at org.springframework.security.web.FilterChainProxy$VirtualFilterChain.doFilter(FilterChainProxy.java:374) ~[spring-security-web-6.0.1.jar:6.0.1]
	at org.springframework.security.web.context.request.async.WebAsyncManagerIntegrationFilter.doFilterInternal(WebAsyncManagerIntegrationFilter.java:62) ~[spring-security-web-6.0.1.jar:6.0.1]
	at org.springframework.web.filter.OncePerRequestFilter.doFilter(OncePerRequestFilter.java:116) ~[spring-web-6.0.3.jar:6.0.3]
	at org.springframework.security.web.FilterChainProxy$VirtualFilterChain.doFilter(FilterChainProxy.java:374) ~[spring-security-web-6.0.1.jar:6.0.1]
	at org.springframework.security.web.session.DisableEncodeUrlFilter.doFilterInternal(DisableEncodeUrlFilter.java:42) ~[spring-security-web-6.0.1.jar:6.0.1]
	at org.springframework.web.filter.OncePerRequestFilter.doFilter(OncePerRequestFilter.java:116) ~[spring-web-6.0.3.jar:6.0.3]
	at org.springframework.security.web.FilterChainProxy$VirtualFilterChain.doFilter(FilterChainProxy.java:374) ~[spring-security-web-6.0.1.jar:6.0.1]
	at org.springframework.security.web.FilterChainProxy.doFilterInternal(FilterChainProxy.java:233) ~[spring-security-web-6.0.1.jar:6.0.1]
	at org.springframework.security.web.FilterChainProxy.doFilter(FilterChainProxy.java:191) ~[spring-security-web-6.0.1.jar:6.0.1]
	at org.springframework.web.filter.DelegatingFilterProxy.invokeDelegate(DelegatingFilterProxy.java:351) ~[spring-web-6.0.3.jar:6.0.3]
	at org.springframework.web.filter.DelegatingFilterProxy.doFilter(DelegatingFilterProxy.java:267) ~[spring-web-6.0.3.jar:6.0.3]
	at org.apache.catalina.core.ApplicationFilterChain.internalDoFilter(ApplicationFilterChain.java:185) ~[tomcat-embed-core-10.1.4.jar:10.1.4]
	at org.apache.catalina.core.ApplicationFilterChain.doFilter(ApplicationFilterChain.java:158) ~[tomcat-embed-core-10.1.4.jar:10.1.4]
	at org.springframework.web.filter.RequestContextFilter.doFilterInternal(RequestContextFilter.java:100) ~[spring-web-6.0.3.jar:6.0.3]
	at org.springframework.web.filter.OncePerRequestFilter.doFilter(OncePerRequestFilter.java:116) ~[spring-web-6.0.3.jar:6.0.3]
	at org.apache.catalina.core.ApplicationFilterChain.internalDoFilter(ApplicationFilterChain.java:185) ~[tomcat-embed-core-10.1.4.jar:10.1.4]
	at org.apache.catalina.core.ApplicationFilterChain.doFilter(ApplicationFilterChain.java:158) ~[tomcat-embed-core-10.1.4.jar:10.1.4]
	at org.springframework.web.filter.FormContentFilter.doFilterInternal(FormContentFilter.java:93) ~[spring-web-6.0.3.jar:6.0.3]
	at org.springframework.web.filter.OncePerRequestFilter.doFilter(OncePerRequestFilter.java:116) ~[spring-web-6.0.3.jar:6.0.3]
	at org.apache.catalina.core.ApplicationFilterChain.internalDoFilter(ApplicationFilterChain.java:185) ~[tomcat-embed-core-10.1.4.jar:10.1.4]
	at org.apache.catalina.core.ApplicationFilterChain.doFilter(ApplicationFilterChain.java:158) ~[tomcat-embed-core-10.1.4.jar:10.1.4]
	at org.springframework.web.filter.CharacterEncodingFilter.doFilterInternal(CharacterEncodingFilter.java:201) ~[spring-web-6.0.3.jar:6.0.3]
	at org.springframework.web.filter.OncePerRequestFilter.doFilter(OncePerRequestFilter.java:116) ~[spring-web-6.0.3.jar:6.0.3]
	at org.apache.catalina.core.ApplicationFilterChain.internalDoFilter(ApplicationFilterChain.java:185) ~[tomcat-embed-core-10.1.4.jar:10.1.4]
	at org.apache.catalina.core.ApplicationFilterChain.doFilter(ApplicationFilterChain.java:158) ~[tomcat-embed-core-10.1.4.jar:10.1.4]
	at org.apache.catalina.core.StandardWrapperValve.invoke(StandardWrapperValve.java:177) ~[tomcat-embed-core-10.1.4.jar:10.1.4]
	at org.apache.catalina.core.StandardContextValve.invoke(StandardContextValve.java:97) ~[tomcat-embed-core-10.1.4.jar:10.1.4]
	at org.apache.catalina.authenticator.AuthenticatorBase.invoke(AuthenticatorBase.java:542) ~[tomcat-embed-core-10.1.4.jar:10.1.4]
	at org.apache.catalina.core.StandardHostValve.invoke(StandardHostValve.java:119) ~[tomcat-embed-core-10.1.4.jar:10.1.4]
	at org.apache.catalina.valves.ErrorReportValve.invoke(ErrorReportValve.java:92) ~[tomcat-embed-core-10.1.4.jar:10.1.4]
	at org.apache.catalina.core.StandardEngineValve.invoke(StandardEngineValve.java:78) ~[tomcat-embed-core-10.1.4.jar:10.1.4]
	at org.apache.catalina.valves.RemoteIpValve.invoke(RemoteIpValve.java:741) ~[tomcat-embed-core-10.1.4.jar:10.1.4]
	at org.apache.catalina.connector.CoyoteAdapter.service(CoyoteAdapter.java:357) ~[tomcat-embed-core-10.1.4.jar:10.1.4]
	at org.apache.coyote.http11.Http11Processor.service(Http11Processor.java:400) ~[tomcat-embed-core-10.1.4.jar:10.1.4]
	at org.apache.coyote.AbstractProcessorLight.process(AbstractProcessorLight.java:65) ~[tomcat-embed-core-10.1.4.jar:10.1.4]
	at org.apache.coyote.AbstractProtocol$ConnectionHandler.process(AbstractProtocol.java:859) ~[tomcat-embed-core-10.1.4.jar:10.1.4]
	at org.apache.tomcat.util.net.NioEndpoint$SocketProcessor.doRun(NioEndpoint.java:1734) ~[tomcat-embed-core-10.1.4.jar:10.1.4]
	at org.apache.tomcat.util.net.SocketProcessorBase.run(SocketProcessorBase.java:52) ~[tomcat-embed-core-10.1.4.jar:10.1.4]
	at org.apache.tomcat.util.threads.ThreadPoolExecutor.runWorker(ThreadPoolExecutor.java:1191) ~[tomcat-embed-core-10.1.4.jar:10.1.4]
	at org.apache.tomcat.util.threads.ThreadPoolExecutor$Worker.run(ThreadPoolExecutor.java:659) ~[tomcat-embed-core-10.1.4.jar:10.1.4]
	at org.apache.tomcat.util.threads.TaskThread$WrappingRunnable.run(TaskThread.java:61) ~[tomcat-embed-core-10.1.4.jar:10.1.4]
	at java.lang.Thread.run(Thread.java:840) ~[?:?]
2025-11-06 07:40:46 DEBUG SQL - 
    select
        u1_0.user_id,
        u1_0.email,
        u1_0.mobile_number,
        u1_0.password,
        u1_0.user_role,
        u1_0.username 
    from
        user u1_0 
    where
        u1_0.username=?
2025-11-06 07:40:46 ERROR [dispatcherServlet] - Servlet.service() for servlet [dispatcherServlet] in context with path [] threw exception [Request processing failed: java.lang.RuntimeException: Invalid username or password] with root cause
java.lang.RuntimeException: Invalid username or password
	at com.examly.springapp.service.UserServiceImpl.loginUser(UserServiceImpl.java:71) ~[classes/:?]
	at com.examly.springapp.controller.UserController.loginUser(UserController.java:51) ~[classes/:?]
	at jdk.internal.reflect.GeneratedMethodAccessor51.invoke(Unknown Source) ~[?:?]
	at jdk.internal.reflect.DelegatingMethodAccessorImpl.invoke(DelegatingMethodAccessorImpl.java:43) ~[?:?]
	at java.lang.reflect.Method.invoke(Method.java:569) ~[?:?]
	at org.springframework.aop.support.AopUtils.invokeJoinpointUsingReflection(AopUtils.java:343) ~[spring-aop-6.0.3.jar:6.0.3]
	at org.springframework.aop.framework.CglibAopProxy$DynamicAdvisedInterceptor.intercept(CglibAopProxy.java:699) ~[spring-aop-6.0.3.jar:6.0.3]
	at com.examly.springapp.controller.UserController$$SpringCGLIB$$0.loginUser(<generated>) ~[classes/:?]
	at jdk.internal.reflect.GeneratedMethodAccessor51.invoke(Unknown Source) ~[?:?]
	at jdk.internal.reflect.DelegatingMethodAccessorImpl.invoke(DelegatingMethodAccessorImpl.java:43) ~[?:?]
	at java.lang.reflect.Method.invoke(Method.java:569) ~[?:?]
	at org.springframework.web.method.support.InvocableHandlerMethod.doInvoke(InvocableHandlerMethod.java:207) ~[spring-web-6.0.3.jar:6.0.3]
	at org.springframework.web.method.support.InvocableHandlerMethod.invokeForRequest(InvocableHandlerMethod.java:152) ~[spring-web-6.0.3.jar:6.0.3]
	at org.springframework.web.servlet.mvc.method.annotation.ServletInvocableHandlerMethod.invokeAndHandle(ServletInvocableHandlerMethod.java:117) ~[spring-webmvc-6.0.3.jar:6.0.3]
	at org.springframework.web.servlet.mvc.method.annotation.RequestMappingHandlerAdapter.invokeHandlerMethod(RequestMappingHandlerAdapter.java:884) ~[spring-webmvc-6.0.3.jar:6.0.3]
	at org.springframework.web.servlet.mvc.method.annotation.RequestMappingHandlerAdapter.handleInternal(RequestMappingHandlerAdapter.java:797) ~[spring-webmvc-6.0.3.jar:6.0.3]
	at org.springframework.web.servlet.mvc.method.AbstractHandlerMethodAdapter.handle(AbstractHandlerMethodAdapter.java:87) ~[spring-webmvc-6.0.3.jar:6.0.3]
	at org.springframework.web.servlet.DispatcherServlet.doDispatch(DispatcherServlet.java:1080) ~[spring-webmvc-6.0.3.jar:6.0.3]
	at org.springframework.web.servlet.DispatcherServlet.doService(DispatcherServlet.java:973) ~[spring-webmvc-6.0.3.jar:6.0.3]
	at org.springframework.web.servlet.FrameworkServlet.processRequest(FrameworkServlet.java:1010) ~[spring-webmvc-6.0.3.jar:6.0.3]
	at org.springframework.web.servlet.FrameworkServlet.doPost(FrameworkServlet.java:913) ~[spring-webmvc-6.0.3.jar:6.0.3]
	at jakarta.servlet.http.HttpServlet.service(HttpServlet.java:731) ~[tomcat-embed-core-10.1.4.jar:6.0]
	at org.springframework.web.servlet.FrameworkServlet.service(FrameworkServlet.java:884) ~[spring-webmvc-6.0.3.jar:6.0.3]
	at jakarta.servlet.http.HttpServlet.service(HttpServlet.java:814) ~[tomcat-embed-core-10.1.4.jar:6.0]
	at org.apache.catalina.core.ApplicationFilterChain.internalDoFilter(ApplicationFilterChain.java:223) ~[tomcat-embed-core-10.1.4.jar:10.1.4]
	at org.apache.catalina.core.ApplicationFilterChain.doFilter(ApplicationFilterChain.java:158) ~[tomcat-embed-core-10.1.4.jar:10.1.4]
	at org.apache.tomcat.websocket.server.WsFilter.doFilter(WsFilter.java:53) ~[tomcat-embed-websocket-10.1.4.jar:10.1.4]
	at org.apache.catalina.core.ApplicationFilterChain.internalDoFilter(ApplicationFilterChain.java:185) ~[tomcat-embed-core-10.1.4.jar:10.1.4]
	at org.apache.catalina.core.ApplicationFilterChain.doFilter(ApplicationFilterChain.java:158) ~[tomcat-embed-core-10.1.4.jar:10.1.4]
	at org.springframework.web.filter.OncePerRequestFilter.doFilter(OncePerRequestFilter.java:110) ~[spring-web-6.0.3.jar:6.0.3]
	at org.apache.catalina.core.ApplicationFilterChain.internalDoFilter(ApplicationFilterChain.java:185) ~[tomcat-embed-core-10.1.4.jar:10.1.4]
	at org.apache.catalina.core.ApplicationFilterChain.doFilter(ApplicationFilterChain.java:158) ~[tomcat-embed-core-10.1.4.jar:10.1.4]
	at org.springframework.security.web.FilterChainProxy.lambda$doFilterInternal$3(FilterChainProxy.java:231) ~[spring-security-web-6.0.1.jar:6.0.1]
	at org.springframework.security.web.FilterChainProxy$VirtualFilterChain.doFilter(FilterChainProxy.java:365) ~[spring-security-web-6.0.1.jar:6.0.1]
	at org.springframework.security.web.access.intercept.AuthorizationFilter.doFilter(AuthorizationFilter.java:100) ~[spring-security-web-6.0.1.jar:6.0.1]
	at org.springframework.security.web.FilterChainProxy$VirtualFilterChain.doFilter(FilterChainProxy.java:374) ~[spring-security-web-6.0.1.jar:6.0.1]
	at org.springframework.security.web.access.ExceptionTranslationFilter.doFilter(ExceptionTranslationFilter.java:126) ~[spring-security-web-6.0.1.jar:6.0.1]
	at org.springframework.security.web.access.ExceptionTranslationFilter.doFilter(ExceptionTranslationFilter.java:120) ~[spring-security-web-6.0.1.jar:6.0.1]
	at org.springframework.security.web.FilterChainProxy$VirtualFilterChain.doFilter(FilterChainProxy.java:374) ~[spring-security-web-6.0.1.jar:6.0.1]
	at org.springframework.security.web.session.SessionManagementFilter.doFilter(SessionManagementFilter.java:131) ~[spring-security-web-6.0.1.jar:6.0.1]
	at org.springframework.security.web.session.SessionManagementFilter.doFilter(SessionManagementFilter.java:85) ~[spring-security-web-6.0.1.jar:6.0.1]
	at org.springframework.security.web.FilterChainProxy$VirtualFilterChain.doFilter(FilterChainProxy.java:374) ~[spring-security-web-6.0.1.jar:6.0.1]
	at org.springframework.security.web.authentication.AnonymousAuthenticationFilter.doFilter(AnonymousAuthenticationFilter.java:100) ~[spring-security-web-6.0.1.jar:6.0.1]
	at org.springframework.security.web.FilterChainProxy$VirtualFilterChain.doFilter(FilterChainProxy.java:374) ~[spring-security-web-6.0.1.jar:6.0.1]
	at org.springframework.security.web.servletapi.SecurityContextHolderAwareRequestFilter.doFilter(SecurityContextHolderAwareRequestFilter.java:179) ~[spring-security-web-6.0.1.jar:6.0.1]
	at org.springframework.security.web.FilterChainProxy$VirtualFilterChain.doFilter(FilterChainProxy.java:374) ~[spring-security-web-6.0.1.jar:6.0.1]
	at org.springframework.security.web.savedrequest.RequestCacheAwareFilter.doFilter(RequestCacheAwareFilter.java:63) ~[spring-security-web-6.0.1.jar:6.0.1]
	at org.springframework.security.web.FilterChainProxy$VirtualFilterChain.doFilter(FilterChainProxy.java:374) ~[spring-security-web-6.0.1.jar:6.0.1]
	at org.springframework.security.web.authentication.www.BasicAuthenticationFilter.doFilterInternal(BasicAuthenticationFilter.java:170) ~[spring-security-web-6.0.1.jar:6.0.1]
	at org.springframework.web.filter.OncePerRequestFilter.doFilter(OncePerRequestFilter.java:116) ~[spring-web-6.0.3.jar:6.0.3]
	at org.springframework.security.web.FilterChainProxy$VirtualFilterChain.doFilter(FilterChainProxy.java:374) ~[spring-security-web-6.0.1.jar:6.0.1]
	at com.examly.springapp.config.JwtAuthenticationFilter.doFilterInternal(JwtAuthenticationFilter.java:58) ~[classes/:?]
	at org.springframework.web.filter.OncePerRequestFilter.doFilter(OncePerRequestFilter.java:116) ~[spring-web-6.0.3.jar:6.0.3]
	at org.springframework.security.web.FilterChainProxy$VirtualFilterChain.doFilter(FilterChainProxy.java:374) ~[spring-security-web-6.0.1.jar:6.0.1]
	at org.springframework.security.web.authentication.logout.LogoutFilter.doFilter(LogoutFilter.java:107) ~[spring-security-web-6.0.1.jar:6.0.1]
	at org.springframework.security.web.authentication.logout.LogoutFilter.doFilter(LogoutFilter.java:93) ~[spring-security-web-6.0.1.jar:6.0.1]
	at org.springframework.security.web.FilterChainProxy$VirtualFilterChain.doFilter(FilterChainProxy.java:374) ~[spring-security-web-6.0.1.jar:6.0.1]
	at org.springframework.web.filter.CorsFilter.doFilterInternal(CorsFilter.java:91) ~[spring-web-6.0.3.jar:6.0.3]
	at org.springframework.web.filter.OncePerRequestFilter.doFilter(OncePerRequestFilter.java:116) ~[spring-web-6.0.3.jar:6.0.3]
	at org.springframework.security.web.FilterChainProxy$VirtualFilterChain.doFilter(FilterChainProxy.java:374) ~[spring-security-web-6.0.1.jar:6.0.1]
	at org.springframework.security.web.header.HeaderWriterFilter.doHeadersAfter(HeaderWriterFilter.java:90) ~[spring-security-web-6.0.1.jar:6.0.1]
	at org.springframework.security.web.header.HeaderWriterFilter.doFilterInternal(HeaderWriterFilter.java:75) ~[spring-security-web-6.0.1.jar:6.0.1]
	at org.springframework.web.filter.OncePerRequestFilter.doFilter(OncePerRequestFilter.java:116) ~[spring-web-6.0.3.jar:6.0.3]
	at org.springframework.security.web.FilterChainProxy$VirtualFilterChain.doFilter(FilterChainProxy.java:374) ~[spring-security-web-6.0.1.jar:6.0.1]
	at org.springframework.security.web.context.SecurityContextHolderFilter.doFilter(SecurityContextHolderFilter.java:82) ~[spring-security-web-6.0.1.jar:6.0.1]
	at org.springframework.security.web.context.SecurityContextHolderFilter.doFilter(SecurityContextHolderFilter.java:69) ~[spring-security-web-6.0.1.jar:6.0.1]
	at org.springframework.security.web.FilterChainProxy$VirtualFilterChain.doFilter(FilterChainProxy.java:374) ~[spring-security-web-6.0.1.jar:6.0.1]
	at org.springframework.security.web.context.request.async.WebAsyncManagerIntegrationFilter.doFilterInternal(WebAsyncManagerIntegrationFilter.java:62) ~[spring-security-web-6.0.1.jar:6.0.1]
	at org.springframework.web.filter.OncePerRequestFilter.doFilter(OncePerRequestFilter.java:116) ~[spring-web-6.0.3.jar:6.0.3]
	at org.springframework.security.web.FilterChainProxy$VirtualFilterChain.doFilter(FilterChainProxy.java:374) ~[spring-security-web-6.0.1.jar:6.0.1]
	at org.springframework.security.web.session.DisableEncodeUrlFilter.doFilterInternal(DisableEncodeUrlFilter.java:42) ~[spring-security-web-6.0.1.jar:6.0.1]
	at org.springframework.web.filter.OncePerRequestFilter.doFilter(OncePerRequestFilter.java:116) ~[spring-web-6.0.3.jar:6.0.3]
	at org.springframework.security.web.FilterChainProxy$VirtualFilterChain.doFilter(FilterChainProxy.java:374) ~[spring-security-web-6.0.1.jar:6.0.1]
	at org.springframework.security.web.FilterChainProxy.doFilterInternal(FilterChainProxy.java:233) ~[spring-security-web-6.0.1.jar:6.0.1]
	at org.springframework.security.web.FilterChainProxy.doFilter(FilterChainProxy.java:191) ~[spring-security-web-6.0.1.jar:6.0.1]
	at org.springframework.web.filter.DelegatingFilterProxy.invokeDelegate(DelegatingFilterProxy.java:351) ~[spring-web-6.0.3.jar:6.0.3]
	at org.springframework.web.filter.DelegatingFilterProxy.doFilter(DelegatingFilterProxy.java:267) ~[spring-web-6.0.3.jar:6.0.3]
	at org.apache.catalina.core.ApplicationFilterChain.internalDoFilter(ApplicationFilterChain.java:185) ~[tomcat-embed-core-10.1.4.jar:10.1.4]
	at org.apache.catalina.core.ApplicationFilterChain.doFilter(ApplicationFilterChain.java:158) ~[tomcat-embed-core-10.1.4.jar:10.1.4]
	at org.springframework.web.filter.RequestContextFilter.doFilterInternal(RequestContextFilter.java:100) ~[spring-web-6.0.3.jar:6.0.3]
	at org.springframework.web.filter.OncePerRequestFilter.doFilter(OncePerRequestFilter.java:116) ~[spring-web-6.0.3.jar:6.0.3]
	at org.apache.catalina.core.ApplicationFilterChain.internalDoFilter(ApplicationFilterChain.java:185) ~[tomcat-embed-core-10.1.4.jar:10.1.4]
	at org.apache.catalina.core.ApplicationFilterChain.doFilter(ApplicationFilterChain.java:158) ~[tomcat-embed-core-10.1.4.jar:10.1.4]
	at org.springframework.web.filter.FormContentFilter.doFilterInternal(FormContentFilter.java:93) ~[spring-web-6.0.3.jar:6.0.3]
	at org.springframework.web.filter.OncePerRequestFilter.doFilter(OncePerRequestFilter.java:116) ~[spring-web-6.0.3.jar:6.0.3]
	at org.apache.catalina.core.ApplicationFilterChain.internalDoFilter(ApplicationFilterChain.java:185) ~[tomcat-embed-core-10.1.4.jar:10.1.4]
	at org.apache.catalina.core.ApplicationFilterChain.doFilter(ApplicationFilterChain.java:158) ~[tomcat-embed-core-10.1.4.jar:10.1.4]
	at org.springframework.web.filter.CharacterEncodingFilter.doFilterInternal(CharacterEncodingFilter.java:201) ~[spring-web-6.0.3.jar:6.0.3]
	at org.springframework.web.filter.OncePerRequestFilter.doFilter(OncePerRequestFilter.java:116) ~[spring-web-6.0.3.jar:6.0.3]
	at org.apache.catalina.core.ApplicationFilterChain.internalDoFilter(ApplicationFilterChain.java:185) ~[tomcat-embed-core-10.1.4.jar:10.1.4]
	at org.apache.catalina.core.ApplicationFilterChain.doFilter(ApplicationFilterChain.java:158) ~[tomcat-embed-core-10.1.4.jar:10.1.4]
	at org.apache.catalina.core.StandardWrapperValve.invoke(StandardWrapperValve.java:177) ~[tomcat-embed-core-10.1.4.jar:10.1.4]
	at org.apache.catalina.core.StandardContextValve.invoke(StandardContextValve.java:97) ~[tomcat-embed-core-10.1.4.jar:10.1.4]
	at org.apache.catalina.authenticator.AuthenticatorBase.invoke(AuthenticatorBase.java:542) ~[tomcat-embed-core-10.1.4.jar:10.1.4]
	at org.apache.catalina.core.StandardHostValve.invoke(StandardHostValve.java:119) ~[tomcat-embed-core-10.1.4.jar:10.1.4]
	at org.apache.catalina.valves.ErrorReportValve.invoke(ErrorReportValve.java:92) ~[tomcat-embed-core-10.1.4.jar:10.1.4]
	at org.apache.catalina.core.StandardEngineValve.invoke(StandardEngineValve.java:78) ~[tomcat-embed-core-10.1.4.jar:10.1.4]
	at org.apache.catalina.valves.RemoteIpValve.invoke(RemoteIpValve.java:741) ~[tomcat-embed-core-10.1.4.jar:10.1.4]
	at org.apache.catalina.connector.CoyoteAdapter.service(CoyoteAdapter.java:357) ~[tomcat-embed-core-10.1.4.jar:10.1.4]
	at org.apache.coyote.http11.Http11Processor.service(Http11Processor.java:400) ~[tomcat-embed-core-10.1.4.jar:10.1.4]
	at org.apache.coyote.AbstractProcessorLight.process(AbstractProcessorLight.java:65) ~[tomcat-embed-core-10.1.4.jar:10.1.4]
	at org.apache.coyote.AbstractProtocol$ConnectionHandler.process(AbstractProtocol.java:859) ~[tomcat-embed-core-10.1.4.jar:10.1.4]
	at org.apache.tomcat.util.net.NioEndpoint$SocketProcessor.doRun(NioEndpoint.java:1734) ~[tomcat-embed-core-10.1.4.jar:10.1.4]
	at org.apache.tomcat.util.net.SocketProcessorBase.run(SocketProcessorBase.java:52) ~[tomcat-embed-core-10.1.4.jar:10.1.4]
	at org.apache.tomcat.util.threads.ThreadPoolExecutor.runWorker(ThreadPoolExecutor.java:1191) ~[tomcat-embed-core-10.1.4.jar:10.1.4]
	at org.apache.tomcat.util.threads.ThreadPoolExecutor$Worker.run(ThreadPoolExecutor.java:659) ~[tomcat-embed-core-10.1.4.jar:10.1.4]
	at org.apache.tomcat.util.threads.TaskThread$WrappingRunnable.run(TaskThread.java:61) ~[tomcat-embed-core-10.1.4.jar:10.1.4]
	at java.lang.Thread.run(Thread.java:840) ~[?:?]
2025-11-06 07:40:47 DEBUG SQL - 
    select
        u1_0.user_id,
        u1_0.email,
        u1_0.mobile_number,
        u1_0.password,
        u1_0.user_role,
        u1_0.username 
    from
        user u1_0 
    where
        u1_0.username=?
2025-11-06 07:40:47 ERROR [dispatcherServlet] - Servlet.service() for servlet [dispatcherServlet] in context with path [] threw exception [Request processing failed: java.lang.RuntimeException: Invalid username or password] with root cause
java.lang.RuntimeException: Invalid username or password
	at com.examly.springapp.service.UserServiceImpl.loginUser(UserServiceImpl.java:71) ~[classes/:?]
	at com.examly.springapp.controller.UserController.loginUser(UserController.java:51) ~[classes/:?]
	at jdk.internal.reflect.GeneratedMethodAccessor51.invoke(Unknown Source) ~[?:?]
	at jdk.internal.reflect.DelegatingMethodAccessorImpl.invoke(DelegatingMethodAccessorImpl.java:43) ~[?:?]
	at java.lang.reflect.Method.invoke(Method.java:569) ~[?:?]
	at org.springframework.aop.support.AopUtils.invokeJoinpointUsingReflection(AopUtils.java:343) ~[spring-aop-6.0.3.jar:6.0.3]
	at org.springframework.aop.framework.CglibAopProxy$DynamicAdvisedInterceptor.intercept(CglibAopProxy.java:699) ~[spring-aop-6.0.3.jar:6.0.3]
	at com.examly.springapp.controller.UserController$$SpringCGLIB$$0.loginUser(<generated>) ~[classes/:?]
	at jdk.internal.reflect.GeneratedMethodAccessor51.invoke(Unknown Source) ~[?:?]
	at jdk.internal.reflect.DelegatingMethodAccessorImpl.invoke(DelegatingMethodAccessorImpl.java:43) ~[?:?]
	at java.lang.reflect.Method.invoke(Method.java:569) ~[?:?]
	at org.springframework.web.method.support.InvocableHandlerMethod.doInvoke(InvocableHandlerMethod.java:207) ~[spring-web-6.0.3.jar:6.0.3]
	at org.springframework.web.method.support.InvocableHandlerMethod.invokeForRequest(InvocableHandlerMethod.java:152) ~[spring-web-6.0.3.jar:6.0.3]
	at org.springframework.web.servlet.mvc.method.annotation.ServletInvocableHandlerMethod.invokeAndHandle(ServletInvocableHandlerMethod.java:117) ~[spring-webmvc-6.0.3.jar:6.0.3]
	at org.springframework.web.servlet.mvc.method.annotation.RequestMappingHandlerAdapter.invokeHandlerMethod(RequestMappingHandlerAdapter.java:884) ~[spring-webmvc-6.0.3.jar:6.0.3]
	at org.springframework.web.servlet.mvc.method.annotation.RequestMappingHandlerAdapter.handleInternal(RequestMappingHandlerAdapter.java:797) ~[spring-webmvc-6.0.3.jar:6.0.3]
	at org.springframework.web.servlet.mvc.method.AbstractHandlerMethodAdapter.handle(AbstractHandlerMethodAdapter.java:87) ~[spring-webmvc-6.0.3.jar:6.0.3]
	at org.springframework.web.servlet.DispatcherServlet.doDispatch(DispatcherServlet.java:1080) ~[spring-webmvc-6.0.3.jar:6.0.3]
	at org.springframework.web.servlet.DispatcherServlet.doService(DispatcherServlet.java:973) ~[spring-webmvc-6.0.3.jar:6.0.3]
	at org.springframework.web.servlet.FrameworkServlet.processRequest(FrameworkServlet.java:1010) ~[spring-webmvc-6.0.3.jar:6.0.3]
	at org.springframework.web.servlet.FrameworkServlet.doPost(FrameworkServlet.java:913) ~[spring-webmvc-6.0.3.jar:6.0.3]
	at jakarta.servlet.http.HttpServlet.service(HttpServlet.java:731) ~[tomcat-embed-core-10.1.4.jar:6.0]
	at org.springframework.web.servlet.FrameworkServlet.service(FrameworkServlet.java:884) ~[spring-webmvc-6.0.3.jar:6.0.3]
	at jakarta.servlet.http.HttpServlet.service(HttpServlet.java:814) ~[tomcat-embed-core-10.1.4.jar:6.0]
	at org.apache.catalina.core.ApplicationFilterChain.internalDoFilter(ApplicationFilterChain.java:223) ~[tomcat-embed-core-10.1.4.jar:10.1.4]
	at org.apache.catalina.core.ApplicationFilterChain.doFilter(ApplicationFilterChain.java:158) ~[tomcat-embed-core-10.1.4.jar:10.1.4]
	at org.apache.tomcat.websocket.server.WsFilter.doFilter(WsFilter.java:53) ~[tomcat-embed-websocket-10.1.4.jar:10.1.4]
	at org.apache.catalina.core.ApplicationFilterChain.internalDoFilter(ApplicationFilterChain.java:185) ~[tomcat-embed-core-10.1.4.jar:10.1.4]
	at org.apache.catalina.core.ApplicationFilterChain.doFilter(ApplicationFilterChain.java:158) ~[tomcat-embed-core-10.1.4.jar:10.1.4]
	at org.springframework.web.filter.OncePerRequestFilter.doFilter(OncePerRequestFilter.java:110) ~[spring-web-6.0.3.jar:6.0.3]
	at org.apache.catalina.core.ApplicationFilterChain.internalDoFilter(ApplicationFilterChain.java:185) ~[tomcat-embed-core-10.1.4.jar:10.1.4]
	at org.apache.catalina.core.ApplicationFilterChain.doFilter(ApplicationFilterChain.java:158) ~[tomcat-embed-core-10.1.4.jar:10.1.4]
	at org.springframework.security.web.FilterChainProxy.lambda$doFilterInternal$3(FilterChainProxy.java:231) ~[spring-security-web-6.0.1.jar:6.0.1]
	at org.springframework.security.web.FilterChainProxy$VirtualFilterChain.doFilter(FilterChainProxy.java:365) ~[spring-security-web-6.0.1.jar:6.0.1]
	at org.springframework.security.web.access.intercept.AuthorizationFilter.doFilter(AuthorizationFilter.java:100) ~[spring-security-web-6.0.1.jar:6.0.1]
	at org.springframework.security.web.FilterChainProxy$VirtualFilterChain.doFilter(FilterChainProxy.java:374) ~[spring-security-web-6.0.1.jar:6.0.1]
	at org.springframework.security.web.access.ExceptionTranslationFilter.doFilter(ExceptionTranslationFilter.java:126) ~[spring-security-web-6.0.1.jar:6.0.1]
	at org.springframework.security.web.access.ExceptionTranslationFilter.doFilter(ExceptionTranslationFilter.java:120) ~[spring-security-web-6.0.1.jar:6.0.1]
	at org.springframework.security.web.FilterChainProxy$VirtualFilterChain.doFilter(FilterChainProxy.java:374) ~[spring-security-web-6.0.1.jar:6.0.1]
	at org.springframework.security.web.session.SessionManagementFilter.doFilter(SessionManagementFilter.java:131) ~[spring-security-web-6.0.1.jar:6.0.1]
	at org.springframework.security.web.session.SessionManagementFilter.doFilter(SessionManagementFilter.java:85) ~[spring-security-web-6.0.1.jar:6.0.1]
	at org.springframework.security.web.FilterChainProxy$VirtualFilterChain.doFilter(FilterChainProxy.java:374) ~[spring-security-web-6.0.1.jar:6.0.1]
	at org.springframework.security.web.authentication.AnonymousAuthenticationFilter.doFilter(AnonymousAuthenticationFilter.java:100) ~[spring-security-web-6.0.1.jar:6.0.1]
	at org.springframework.security.web.FilterChainProxy$VirtualFilterChain.doFilter(FilterChainProxy.java:374) ~[spring-security-web-6.0.1.jar:6.0.1]
	at org.springframework.security.web.servletapi.SecurityContextHolderAwareRequestFilter.doFilter(SecurityContextHolderAwareRequestFilter.java:179) ~[spring-security-web-6.0.1.jar:6.0.1]
	at org.springframework.security.web.FilterChainProxy$VirtualFilterChain.doFilter(FilterChainProxy.java:374) ~[spring-security-web-6.0.1.jar:6.0.1]
	at org.springframework.security.web.savedrequest.RequestCacheAwareFilter.doFilter(RequestCacheAwareFilter.java:63) ~[spring-security-web-6.0.1.jar:6.0.1]
	at org.springframework.security.web.FilterChainProxy$VirtualFilterChain.doFilter(FilterChainProxy.java:374) ~[spring-security-web-6.0.1.jar:6.0.1]
	at org.springframework.security.web.authentication.www.BasicAuthenticationFilter.doFilterInternal(BasicAuthenticationFilter.java:170) ~[spring-security-web-6.0.1.jar:6.0.1]
	at org.springframework.web.filter.OncePerRequestFilter.doFilter(OncePerRequestFilter.java:116) ~[spring-web-6.0.3.jar:6.0.3]
	at org.springframework.security.web.FilterChainProxy$VirtualFilterChain.doFilter(FilterChainProxy.java:374) ~[spring-security-web-6.0.1.jar:6.0.1]
	at com.examly.springapp.config.JwtAuthenticationFilter.doFilterInternal(JwtAuthenticationFilter.java:58) ~[classes/:?]
	at org.springframework.web.filter.OncePerRequestFilter.doFilter(OncePerRequestFilter.java:116) ~[spring-web-6.0.3.jar:6.0.3]
	at org.springframework.security.web.FilterChainProxy$VirtualFilterChain.doFilter(FilterChainProxy.java:374) ~[spring-security-web-6.0.1.jar:6.0.1]
	at org.springframework.security.web.authentication.logout.LogoutFilter.doFilter(LogoutFilter.java:107) ~[spring-security-web-6.0.1.jar:6.0.1]
	at org.springframework.security.web.authentication.logout.LogoutFilter.doFilter(LogoutFilter.java:93) ~[spring-security-web-6.0.1.jar:6.0.1]
	at org.springframework.security.web.FilterChainProxy$VirtualFilterChain.doFilter(FilterChainProxy.java:374) ~[spring-security-web-6.0.1.jar:6.0.1]
	at org.springframework.web.filter.CorsFilter.doFilterInternal(CorsFilter.java:91) ~[spring-web-6.0.3.jar:6.0.3]
	at org.springframework.web.filter.OncePerRequestFilter.doFilter(OncePerRequestFilter.java:116) ~[spring-web-6.0.3.jar:6.0.3]
	at org.springframework.security.web.FilterChainProxy$VirtualFilterChain.doFilter(FilterChainProxy.java:374) ~[spring-security-web-6.0.1.jar:6.0.1]
	at org.springframework.security.web.header.HeaderWriterFilter.doHeadersAfter(HeaderWriterFilter.java:90) ~[spring-security-web-6.0.1.jar:6.0.1]
	at org.springframework.security.web.header.HeaderWriterFilter.doFilterInternal(HeaderWriterFilter.java:75) ~[spring-security-web-6.0.1.jar:6.0.1]
	at org.springframework.web.filter.OncePerRequestFilter.doFilter(OncePerRequestFilter.java:116) ~[spring-web-6.0.3.jar:6.0.3]
	at org.springframework.security.web.FilterChainProxy$VirtualFilterChain.doFilter(FilterChainProxy.java:374) ~[spring-security-web-6.0.1.jar:6.0.1]
	at org.springframework.security.web.context.SecurityContextHolderFilter.doFilter(SecurityContextHolderFilter.java:82) ~[spring-security-web-6.0.1.jar:6.0.1]
	at org.springframework.security.web.context.SecurityContextHolderFilter.doFilter(SecurityContextHolderFilter.java:69) ~[spring-security-web-6.0.1.jar:6.0.1]
	at org.springframework.security.web.FilterChainProxy$VirtualFilterChain.doFilter(FilterChainProxy.java:374) ~[spring-security-web-6.0.1.jar:6.0.1]
	at org.springframework.security.web.context.request.async.WebAsyncManagerIntegrationFilter.doFilterInternal(WebAsyncManagerIntegrationFilter.java:62) ~[spring-security-web-6.0.1.jar:6.0.1]
	at org.springframework.web.filter.OncePerRequestFilter.doFilter(OncePerRequestFilter.java:116) ~[spring-web-6.0.3.jar:6.0.3]
	at org.springframework.security.web.FilterChainProxy$VirtualFilterChain.doFilter(FilterChainProxy.java:374) ~[spring-security-web-6.0.1.jar:6.0.1]
	at org.springframework.security.web.session.DisableEncodeUrlFilter.doFilterInternal(DisableEncodeUrlFilter.java:42) ~[spring-security-web-6.0.1.jar:6.0.1]
	at org.springframework.web.filter.OncePerRequestFilter.doFilter(OncePerRequestFilter.java:116) ~[spring-web-6.0.3.jar:6.0.3]
	at org.springframework.security.web.FilterChainProxy$VirtualFilterChain.doFilter(FilterChainProxy.java:374) ~[spring-security-web-6.0.1.jar:6.0.1]
	at org.springframework.security.web.FilterChainProxy.doFilterInternal(FilterChainProxy.java:233) ~[spring-security-web-6.0.1.jar:6.0.1]
	at org.springframework.security.web.FilterChainProxy.doFilter(FilterChainProxy.java:191) ~[spring-security-web-6.0.1.jar:6.0.1]
	at org.springframework.web.filter.DelegatingFilterProxy.invokeDelegate(DelegatingFilterProxy.java:351) ~[spring-web-6.0.3.jar:6.0.3]
	at org.springframework.web.filter.DelegatingFilterProxy.doFilter(DelegatingFilterProxy.java:267) ~[spring-web-6.0.3.jar:6.0.3]
	at org.apache.catalina.core.ApplicationFilterChain.internalDoFilter(ApplicationFilterChain.java:185) ~[tomcat-embed-core-10.1.4.jar:10.1.4]
	at org.apache.catalina.core.ApplicationFilterChain.doFilter(ApplicationFilterChain.java:158) ~[tomcat-embed-core-10.1.4.jar:10.1.4]
	at org.springframework.web.filter.RequestContextFilter.doFilterInternal(RequestContextFilter.java:100) ~[spring-web-6.0.3.jar:6.0.3]
	at org.springframework.web.filter.OncePerRequestFilter.doFilter(OncePerRequestFilter.java:116) ~[spring-web-6.0.3.jar:6.0.3]
	at org.apache.catalina.core.ApplicationFilterChain.internalDoFilter(ApplicationFilterChain.java:185) ~[tomcat-embed-core-10.1.4.jar:10.1.4]
	at org.apache.catalina.core.ApplicationFilterChain.doFilter(ApplicationFilterChain.java:158) ~[tomcat-embed-core-10.1.4.jar:10.1.4]
	at org.springframework.web.filter.FormContentFilter.doFilterInternal(FormContentFilter.java:93) ~[spring-web-6.0.3.jar:6.0.3]
	at org.springframework.web.filter.OncePerRequestFilter.doFilter(OncePerRequestFilter.java:116) ~[spring-web-6.0.3.jar:6.0.3]
	at org.apache.catalina.core.ApplicationFilterChain.internalDoFilter(ApplicationFilterChain.java:185) ~[tomcat-embed-core-10.1.4.jar:10.1.4]
	at org.apache.catalina.core.ApplicationFilterChain.doFilter(ApplicationFilterChain.java:158) ~[tomcat-embed-core-10.1.4.jar:10.1.4]
	at org.springframework.web.filter.CharacterEncodingFilter.doFilterInternal(CharacterEncodingFilter.java:201) ~[spring-web-6.0.3.jar:6.0.3]
	at org.springframework.web.filter.OncePerRequestFilter.doFilter(OncePerRequestFilter.java:116) ~[spring-web-6.0.3.jar:6.0.3]
	at org.apache.catalina.core.ApplicationFilterChain.internalDoFilter(ApplicationFilterChain.java:185) ~[tomcat-embed-core-10.1.4.jar:10.1.4]
	at org.apache.catalina.core.ApplicationFilterChain.doFilter(ApplicationFilterChain.java:158) ~[tomcat-embed-core-10.1.4.jar:10.1.4]
	at org.apache.catalina.core.StandardWrapperValve.invoke(StandardWrapperValve.java:177) ~[tomcat-embed-core-10.1.4.jar:10.1.4]
	at org.apache.catalina.core.StandardContextValve.invoke(StandardContextValve.java:97) ~[tomcat-embed-core-10.1.4.jar:10.1.4]
	at org.apache.catalina.authenticator.AuthenticatorBase.invoke(AuthenticatorBase.java:542) ~[tomcat-embed-core-10.1.4.jar:10.1.4]
	at org.apache.catalina.core.StandardHostValve.invoke(StandardHostValve.java:119) ~[tomcat-embed-core-10.1.4.jar:10.1.4]
	at org.apache.catalina.valves.ErrorReportValve.invoke(ErrorReportValve.java:92) ~[tomcat-embed-core-10.1.4.jar:10.1.4]
	at org.apache.catalina.core.StandardEngineValve.invoke(StandardEngineValve.java:78) ~[tomcat-embed-core-10.1.4.jar:10.1.4]
	at org.apache.catalina.valves.RemoteIpValve.invoke(RemoteIpValve.java:741) ~[tomcat-embed-core-10.1.4.jar:10.1.4]
	at org.apache.catalina.connector.CoyoteAdapter.service(CoyoteAdapter.java:357) ~[tomcat-embed-core-10.1.4.jar:10.1.4]
	at org.apache.coyote.http11.Http11Processor.service(Http11Processor.java:400) ~[tomcat-embed-core-10.1.4.jar:10.1.4]
	at org.apache.coyote.AbstractProcessorLight.process(AbstractProcessorLight.java:65) ~[tomcat-embed-core-10.1.4.jar:10.1.4]
	at org.apache.coyote.AbstractProtocol$ConnectionHandler.process(AbstractProtocol.java:859) ~[tomcat-embed-core-10.1.4.jar:10.1.4]
	at org.apache.tomcat.util.net.NioEndpoint$SocketProcessor.doRun(NioEndpoint.java:1734) ~[tomcat-embed-core-10.1.4.jar:10.1.4]
	at org.apache.tomcat.util.net.SocketProcessorBase.run(SocketProcessorBase.java:52) ~[tomcat-embed-core-10.1.4.jar:10.1.4]
	at org.apache.tomcat.util.threads.ThreadPoolExecutor.runWorker(ThreadPoolExecutor.java:1191) ~[tomcat-embed-core-10.1.4.jar:10.1.4]
	at org.apache.tomcat.util.threads.ThreadPoolExecutor$Worker.run(ThreadPoolExecutor.java:659) ~[tomcat-embed-core-10.1.4.jar:10.1.4]
	at org.apache.tomcat.util.threads.TaskThread$WrappingRunnable.run(TaskThread.java:61) ~[tomcat-embed-core-10.1.4.jar:10.1.4]
	at java.lang.Thread.run(Thread.java:840) ~[?:?]
2025-11-06 07:40:48 DEBUG SQL - 
    select
        u1_0.user_id,
        u1_0.email,
        u1_0.mobile_number,
        u1_0.password,
        u1_0.user_role,
        u1_0.username 
    from
        user u1_0 
    where
        u1_0.username=?
2025-11-06 07:40:48 ERROR [dispatcherServlet] - Servlet.service() for servlet [dispatcherServlet] in context with path [] threw exception [Request processing failed: java.lang.RuntimeException: Invalid username or password] with root cause
java.lang.RuntimeException: Invalid username or password
	at com.examly.springapp.service.UserServiceImpl.loginUser(UserServiceImpl.java:71) ~[classes/:?]
	at com.examly.springapp.controller.UserController.loginUser(UserController.java:51) ~[classes/:?]
	at jdk.internal.reflect.GeneratedMethodAccessor51.invoke(Unknown Source) ~[?:?]
	at jdk.internal.reflect.DelegatingMethodAccessorImpl.invoke(DelegatingMethodAccessorImpl.java:43) ~[?:?]
	at java.lang.reflect.Method.invoke(Method.java:569) ~[?:?]
	at org.springframework.aop.support.AopUtils.invokeJoinpointUsingReflection(AopUtils.java:343) ~[spring-aop-6.0.3.jar:6.0.3]
	at org.springframework.aop.framework.CglibAopProxy$DynamicAdvisedInterceptor.intercept(CglibAopProxy.java:699) ~[spring-aop-6.0.3.jar:6.0.3]
	at com.examly.springapp.controller.UserController$$SpringCGLIB$$0.loginUser(<generated>) ~[classes/:?]
	at jdk.internal.reflect.GeneratedMethodAccessor51.invoke(Unknown Source) ~[?:?]
	at jdk.internal.reflect.DelegatingMethodAccessorImpl.invoke(DelegatingMethodAccessorImpl.java:43) ~[?:?]
	at java.lang.reflect.Method.invoke(Method.java:569) ~[?:?]
	at org.springframework.web.method.support.InvocableHandlerMethod.doInvoke(InvocableHandlerMethod.java:207) ~[spring-web-6.0.3.jar:6.0.3]
	at org.springframework.web.method.support.InvocableHandlerMethod.invokeForRequest(InvocableHandlerMethod.java:152) ~[spring-web-6.0.3.jar:6.0.3]
	at org.springframework.web.servlet.mvc.method.annotation.ServletInvocableHandlerMethod.invokeAndHandle(ServletInvocableHandlerMethod.java:117) ~[spring-webmvc-6.0.3.jar:6.0.3]
	at org.springframework.web.servlet.mvc.method.annotation.RequestMappingHandlerAdapter.invokeHandlerMethod(RequestMappingHandlerAdapter.java:884) ~[spring-webmvc-6.0.3.jar:6.0.3]
	at org.springframework.web.servlet.mvc.method.annotation.RequestMappingHandlerAdapter.handleInternal(RequestMappingHandlerAdapter.java:797) ~[spring-webmvc-6.0.3.jar:6.0.3]
	at org.springframework.web.servlet.mvc.method.AbstractHandlerMethodAdapter.handle(AbstractHandlerMethodAdapter.java:87) ~[spring-webmvc-6.0.3.jar:6.0.3]
	at org.springframework.web.servlet.DispatcherServlet.doDispatch(DispatcherServlet.java:1080) ~[spring-webmvc-6.0.3.jar:6.0.3]
	at org.springframework.web.servlet.DispatcherServlet.doService(DispatcherServlet.java:973) ~[spring-webmvc-6.0.3.jar:6.0.3]
	at org.springframework.web.servlet.FrameworkServlet.processRequest(FrameworkServlet.java:1010) ~[spring-webmvc-6.0.3.jar:6.0.3]
	at org.springframework.web.servlet.FrameworkServlet.doPost(FrameworkServlet.java:913) ~[spring-webmvc-6.0.3.jar:6.0.3]
	at jakarta.servlet.http.HttpServlet.service(HttpServlet.java:731) ~[tomcat-embed-core-10.1.4.jar:6.0]
	at org.springframework.web.servlet.FrameworkServlet.service(FrameworkServlet.java:884) ~[spring-webmvc-6.0.3.jar:6.0.3]
	at jakarta.servlet.http.HttpServlet.service(HttpServlet.java:814) ~[tomcat-embed-core-10.1.4.jar:6.0]
	at org.apache.catalina.core.ApplicationFilterChain.internalDoFilter(ApplicationFilterChain.java:223) ~[tomcat-embed-core-10.1.4.jar:10.1.4]
	at org.apache.catalina.core.ApplicationFilterChain.doFilter(ApplicationFilterChain.java:158) ~[tomcat-embed-core-10.1.4.jar:10.1.4]
	at org.apache.tomcat.websocket.server.WsFilter.doFilter(WsFilter.java:53) ~[tomcat-embed-websocket-10.1.4.jar:10.1.4]
	at org.apache.catalina.core.ApplicationFilterChain.internalDoFilter(ApplicationFilterChain.java:185) ~[tomcat-embed-core-10.1.4.jar:10.1.4]
	at org.apache.catalina.core.ApplicationFilterChain.doFilter(ApplicationFilterChain.java:158) ~[tomcat-embed-core-10.1.4.jar:10.1.4]
	at org.springframework.web.filter.OncePerRequestFilter.doFilter(OncePerRequestFilter.java:110) ~[spring-web-6.0.3.jar:6.0.3]
	at org.apache.catalina.core.ApplicationFilterChain.internalDoFilter(ApplicationFilterChain.java:185) ~[tomcat-embed-core-10.1.4.jar:10.1.4]
	at org.apache.catalina.core.ApplicationFilterChain.doFilter(ApplicationFilterChain.java:158) ~[tomcat-embed-core-10.1.4.jar:10.1.4]
	at org.springframework.security.web.FilterChainProxy.lambda$doFilterInternal$3(FilterChainProxy.java:231) ~[spring-security-web-6.0.1.jar:6.0.1]
	at org.springframework.security.web.FilterChainProxy$VirtualFilterChain.doFilter(FilterChainProxy.java:365) ~[spring-security-web-6.0.1.jar:6.0.1]
	at org.springframework.security.web.access.intercept.AuthorizationFilter.doFilter(AuthorizationFilter.java:100) ~[spring-security-web-6.0.1.jar:6.0.1]
	at org.springframework.security.web.FilterChainProxy$VirtualFilterChain.doFilter(FilterChainProxy.java:374) ~[spring-security-web-6.0.1.jar:6.0.1]
	at org.springframework.security.web.access.ExceptionTranslationFilter.doFilter(ExceptionTranslationFilter.java:126) ~[spring-security-web-6.0.1.jar:6.0.1]
	at org.springframework.security.web.access.ExceptionTranslationFilter.doFilter(ExceptionTranslationFilter.java:120) ~[spring-security-web-6.0.1.jar:6.0.1]
	at org.springframework.security.web.FilterChainProxy$VirtualFilterChain.doFilter(FilterChainProxy.java:374) ~[spring-security-web-6.0.1.jar:6.0.1]
	at org.springframework.security.web.session.SessionManagementFilter.doFilter(SessionManagementFilter.java:131) ~[spring-security-web-6.0.1.jar:6.0.1]
	at org.springframework.security.web.session.SessionManagementFilter.doFilter(SessionManagementFilter.java:85) ~[spring-security-web-6.0.1.jar:6.0.1]
	at org.springframework.security.web.FilterChainProxy$VirtualFilterChain.doFilter(FilterChainProxy.java:374) ~[spring-security-web-6.0.1.jar:6.0.1]
	at org.springframework.security.web.authentication.AnonymousAuthenticationFilter.doFilter(AnonymousAuthenticationFilter.java:100) ~[spring-security-web-6.0.1.jar:6.0.1]
	at org.springframework.security.web.FilterChainProxy$VirtualFilterChain.doFilter(FilterChainProxy.java:374) ~[spring-security-web-6.0.1.jar:6.0.1]
	at org.springframework.security.web.servletapi.SecurityContextHolderAwareRequestFilter.doFilter(SecurityContextHolderAwareRequestFilter.java:179) ~[spring-security-web-6.0.1.jar:6.0.1]
	at org.springframework.security.web.FilterChainProxy$VirtualFilterChain.doFilter(FilterChainProxy.java:374) ~[spring-security-web-6.0.1.jar:6.0.1]
	at org.springframework.security.web.savedrequest.RequestCacheAwareFilter.doFilter(RequestCacheAwareFilter.java:63) ~[spring-security-web-6.0.1.jar:6.0.1]
	at org.springframework.security.web.FilterChainProxy$VirtualFilterChain.doFilter(FilterChainProxy.java:374) ~[spring-security-web-6.0.1.jar:6.0.1]
	at org.springframework.security.web.authentication.www.BasicAuthenticationFilter.doFilterInternal(BasicAuthenticationFilter.java:170) ~[spring-security-web-6.0.1.jar:6.0.1]
	at org.springframework.web.filter.OncePerRequestFilter.doFilter(OncePerRequestFilter.java:116) ~[spring-web-6.0.3.jar:6.0.3]
	at org.springframework.security.web.FilterChainProxy$VirtualFilterChain.doFilter(FilterChainProxy.java:374) ~[spring-security-web-6.0.1.jar:6.0.1]
	at com.examly.springapp.config.JwtAuthenticationFilter.doFilterInternal(JwtAuthenticationFilter.java:58) ~[classes/:?]
	at org.springframework.web.filter.OncePerRequestFilter.doFilter(OncePerRequestFilter.java:116) ~[spring-web-6.0.3.jar:6.0.3]
	at org.springframework.security.web.FilterChainProxy$VirtualFilterChain.doFilter(FilterChainProxy.java:374) ~[spring-security-web-6.0.1.jar:6.0.1]
	at org.springframework.security.web.authentication.logout.LogoutFilter.doFilter(LogoutFilter.java:107) ~[spring-security-web-6.0.1.jar:6.0.1]
	at org.springframework.security.web.authentication.logout.LogoutFilter.doFilter(LogoutFilter.java:93) ~[spring-security-web-6.0.1.jar:6.0.1]
	at org.springframework.security.web.FilterChainProxy$VirtualFilterChain.doFilter(FilterChainProxy.java:374) ~[spring-security-web-6.0.1.jar:6.0.1]
	at org.springframework.web.filter.CorsFilter.doFilterInternal(CorsFilter.java:91) ~[spring-web-6.0.3.jar:6.0.3]
	at org.springframework.web.filter.OncePerRequestFilter.doFilter(OncePerRequestFilter.java:116) ~[spring-web-6.0.3.jar:6.0.3]
	at org.springframework.security.web.FilterChainProxy$VirtualFilterChain.doFilter(FilterChainProxy.java:374) ~[spring-security-web-6.0.1.jar:6.0.1]
	at org.springframework.security.web.header.HeaderWriterFilter.doHeadersAfter(HeaderWriterFilter.java:90) ~[spring-security-web-6.0.1.jar:6.0.1]
	at org.springframework.security.web.header.HeaderWriterFilter.doFilterInternal(HeaderWriterFilter.java:75) ~[spring-security-web-6.0.1.jar:6.0.1]
	at org.springframework.web.filter.OncePerRequestFilter.doFilter(OncePerRequestFilter.java:116) ~[spring-web-6.0.3.jar:6.0.3]
	at org.springframework.security.web.FilterChainProxy$VirtualFilterChain.doFilter(FilterChainProxy.java:374) ~[spring-security-web-6.0.1.jar:6.0.1]
	at org.springframework.security.web.context.SecurityContextHolderFilter.doFilter(SecurityContextHolderFilter.java:82) ~[spring-security-web-6.0.1.jar:6.0.1]
	at org.springframework.security.web.context.SecurityContextHolderFilter.doFilter(SecurityContextHolderFilter.java:69) ~[spring-security-web-6.0.1.jar:6.0.1]
	at org.springframework.security.web.FilterChainProxy$VirtualFilterChain.doFilter(FilterChainProxy.java:374) ~[spring-security-web-6.0.1.jar:6.0.1]
	at org.springframework.security.web.context.request.async.WebAsyncManagerIntegrationFilter.doFilterInternal(WebAsyncManagerIntegrationFilter.java:62) ~[spring-security-web-6.0.1.jar:6.0.1]
	at org.springframework.web.filter.OncePerRequestFilter.doFilter(OncePerRequestFilter.java:116) ~[spring-web-6.0.3.jar:6.0.3]
	at org.springframework.security.web.FilterChainProxy$VirtualFilterChain.doFilter(FilterChainProxy.java:374) ~[spring-security-web-6.0.1.jar:6.0.1]
	at org.springframework.security.web.session.DisableEncodeUrlFilter.doFilterInternal(DisableEncodeUrlFilter.java:42) ~[spring-security-web-6.0.1.jar:6.0.1]
	at org.springframework.web.filter.OncePerRequestFilter.doFilter(OncePerRequestFilter.java:116) ~[spring-web-6.0.3.jar:6.0.3]
	at org.springframework.security.web.FilterChainProxy$VirtualFilterChain.doFilter(FilterChainProxy.java:374) ~[spring-security-web-6.0.1.jar:6.0.1]
	at org.springframework.security.web.FilterChainProxy.doFilterInternal(FilterChainProxy.java:233) ~[spring-security-web-6.0.1.jar:6.0.1]
	at org.springframework.security.web.FilterChainProxy.doFilter(FilterChainProxy.java:191) ~[spring-security-web-6.0.1.jar:6.0.1]
	at org.springframework.web.filter.DelegatingFilterProxy.invokeDelegate(DelegatingFilterProxy.java:351) ~[spring-web-6.0.3.jar:6.0.3]
	at org.springframework.web.filter.DelegatingFilterProxy.doFilter(DelegatingFilterProxy.java:267) ~[spring-web-6.0.3.jar:6.0.3]
	at org.apache.catalina.core.ApplicationFilterChain.internalDoFilter(ApplicationFilterChain.java:185) ~[tomcat-embed-core-10.1.4.jar:10.1.4]
	at org.apache.catalina.core.ApplicationFilterChain.doFilter(ApplicationFilterChain.java:158) ~[tomcat-embed-core-10.1.4.jar:10.1.4]
	at org.springframework.web.filter.RequestContextFilter.doFilterInternal(RequestContextFilter.java:100) ~[spring-web-6.0.3.jar:6.0.3]
	at org.springframework.web.filter.OncePerRequestFilter.doFilter(OncePerRequestFilter.java:116) ~[spring-web-6.0.3.jar:6.0.3]
	at org.apache.catalina.core.ApplicationFilterChain.internalDoFilter(ApplicationFilterChain.java:185) ~[tomcat-embed-core-10.1.4.jar:10.1.4]
	at org.apache.catalina.core.ApplicationFilterChain.doFilter(ApplicationFilterChain.java:158) ~[tomcat-embed-core-10.1.4.jar:10.1.4]
	at org.springframework.web.filter.FormContentFilter.doFilterInternal(FormContentFilter.java:93) ~[spring-web-6.0.3.jar:6.0.3]
	at org.springframework.web.filter.OncePerRequestFilter.doFilter(OncePerRequestFilter.java:116) ~[spring-web-6.0.3.jar:6.0.3]
	at org.apache.catalina.core.ApplicationFilterChain.internalDoFilter(ApplicationFilterChain.java:185) ~[tomcat-embed-core-10.1.4.jar:10.1.4]
	at org.apache.catalina.core.ApplicationFilterChain.doFilter(ApplicationFilterChain.java:158) ~[tomcat-embed-core-10.1.4.jar:10.1.4]
	at org.springframework.web.filter.CharacterEncodingFilter.doFilterInternal(CharacterEncodingFilter.java:201) ~[spring-web-6.0.3.jar:6.0.3]
	at org.springframework.web.filter.OncePerRequestFilter.doFilter(OncePerRequestFilter.java:116) ~[spring-web-6.0.3.jar:6.0.3]
	at org.apache.catalina.core.ApplicationFilterChain.internalDoFilter(ApplicationFilterChain.java:185) ~[tomcat-embed-core-10.1.4.jar:10.1.4]
	at org.apache.catalina.core.ApplicationFilterChain.doFilter(ApplicationFilterChain.java:158) ~[tomcat-embed-core-10.1.4.jar:10.1.4]
	at org.apache.catalina.core.StandardWrapperValve.invoke(StandardWrapperValve.java:177) ~[tomcat-embed-core-10.1.4.jar:10.1.4]
	at org.apache.catalina.core.StandardContextValve.invoke(StandardContextValve.java:97) ~[tomcat-embed-core-10.1.4.jar:10.1.4]
	at org.apache.catalina.authenticator.AuthenticatorBase.invoke(AuthenticatorBase.java:542) ~[tomcat-embed-core-10.1.4.jar:10.1.4]
	at org.apache.catalina.core.StandardHostValve.invoke(StandardHostValve.java:119) ~[tomcat-embed-core-10.1.4.jar:10.1.4]
	at org.apache.catalina.valves.ErrorReportValve.invoke(ErrorReportValve.java:92) ~[tomcat-embed-core-10.1.4.jar:10.1.4]
	at org.apache.catalina.core.StandardEngineValve.invoke(StandardEngineValve.java:78) ~[tomcat-embed-core-10.1.4.jar:10.1.4]
	at org.apache.catalina.valves.RemoteIpValve.invoke(RemoteIpValve.java:741) ~[tomcat-embed-core-10.1.4.jar:10.1.4]
	at org.apache.catalina.connector.CoyoteAdapter.service(CoyoteAdapter.java:357) ~[tomcat-embed-core-10.1.4.jar:10.1.4]
	at org.apache.coyote.http11.Http11Processor.service(Http11Processor.java:400) ~[tomcat-embed-core-10.1.4.jar:10.1.4]
	at org.apache.coyote.AbstractProcessorLight.process(AbstractProcessorLight.java:65) ~[tomcat-embed-core-10.1.4.jar:10.1.4]
	at org.apache.coyote.AbstractProtocol$ConnectionHandler.process(AbstractProtocol.java:859) ~[tomcat-embed-core-10.1.4.jar:10.1.4]
	at org.apache.tomcat.util.net.NioEndpoint$SocketProcessor.doRun(NioEndpoint.java:1734) ~[tomcat-embed-core-10.1.4.jar:10.1.4]
	at org.apache.tomcat.util.net.SocketProcessorBase.run(SocketProcessorBase.java:52) ~[tomcat-embed-core-10.1.4.jar:10.1.4]
	at org.apache.tomcat.util.threads.ThreadPoolExecutor.runWorker(ThreadPoolExecutor.java:1191) ~[tomcat-embed-core-10.1.4.jar:10.1.4]
	at org.apache.tomcat.util.threads.ThreadPoolExecutor$Worker.run(ThreadPoolExecutor.java:659) ~[tomcat-embed-core-10.1.4.jar:10.1.4]
	at org.apache.tomcat.util.threads.TaskThread$WrappingRunnable.run(TaskThread.java:61) ~[tomcat-embed-core-10.1.4.jar:10.1.4]
	at java.lang.Thread.run(Thread.java:840) ~[?:?]
2025-11-06 07:40:53 DEBUG SQL - 
    select
        u1_0.user_id,
        u1_0.email,
        u1_0.mobile_number,
        u1_0.password,
        u1_0.user_role,
        u1_0.username 
    from
        user u1_0 
    where
        u1_0.username=?
2025-11-06 07:40:53 ERROR [dispatcherServlet] - Servlet.service() for servlet [dispatcherServlet] in context with path [] threw exception [Request processing failed: java.lang.RuntimeException: Invalid username or password] with root cause
java.lang.RuntimeException: Invalid username or password
	at com.examly.springapp.service.UserServiceImpl.loginUser(UserServiceImpl.java:71) ~[classes/:?]
	at com.examly.springapp.controller.UserController.loginUser(UserController.java:51) ~[classes/:?]
	at jdk.internal.reflect.GeneratedMethodAccessor51.invoke(Unknown Source) ~[?:?]
	at jdk.internal.reflect.DelegatingMethodAccessorImpl.invoke(DelegatingMethodAccessorImpl.java:43) ~[?:?]
	at java.lang.reflect.Method.invoke(Method.java:569) ~[?:?]
	at org.springframework.aop.support.AopUtils.invokeJoinpointUsingReflection(AopUtils.java:343) ~[spring-aop-6.0.3.jar:6.0.3]
	at org.springframework.aop.framework.CglibAopProxy$DynamicAdvisedInterceptor.intercept(CglibAopProxy.java:699) ~[spring-aop-6.0.3.jar:6.0.3]
	at com.examly.springapp.controller.UserController$$SpringCGLIB$$0.loginUser(<generated>) ~[classes/:?]
	at jdk.internal.reflect.GeneratedMethodAccessor51.invoke(Unknown Source) ~[?:?]
	at jdk.internal.reflect.DelegatingMethodAccessorImpl.invoke(DelegatingMethodAccessorImpl.java:43) ~[?:?]
	at java.lang.reflect.Method.invoke(Method.java:569) ~[?:?]
	at org.springframework.web.method.support.InvocableHandlerMethod.doInvoke(InvocableHandlerMethod.java:207) ~[spring-web-6.0.3.jar:6.0.3]
	at org.springframework.web.method.support.InvocableHandlerMethod.invokeForRequest(InvocableHandlerMethod.java:152) ~[spring-web-6.0.3.jar:6.0.3]
	at org.springframework.web.servlet.mvc.method.annotation.ServletInvocableHandlerMethod.invokeAndHandle(ServletInvocableHandlerMethod.java:117) ~[spring-webmvc-6.0.3.jar:6.0.3]
	at org.springframework.web.servlet.mvc.method.annotation.RequestMappingHandlerAdapter.invokeHandlerMethod(RequestMappingHandlerAdapter.java:884) ~[spring-webmvc-6.0.3.jar:6.0.3]
	at org.springframework.web.servlet.mvc.method.annotation.RequestMappingHandlerAdapter.handleInternal(RequestMappingHandlerAdapter.java:797) ~[spring-webmvc-6.0.3.jar:6.0.3]
	at org.springframework.web.servlet.mvc.method.AbstractHandlerMethodAdapter.handle(AbstractHandlerMethodAdapter.java:87) ~[spring-webmvc-6.0.3.jar:6.0.3]
	at org.springframework.web.servlet.DispatcherServlet.doDispatch(DispatcherServlet.java:1080) ~[spring-webmvc-6.0.3.jar:6.0.3]
	at org.springframework.web.servlet.DispatcherServlet.doService(DispatcherServlet.java:973) ~[spring-webmvc-6.0.3.jar:6.0.3]
	at org.springframework.web.servlet.FrameworkServlet.processRequest(FrameworkServlet.java:1010) ~[spring-webmvc-6.0.3.jar:6.0.3]
	at org.springframework.web.servlet.FrameworkServlet.doPost(FrameworkServlet.java:913) ~[spring-webmvc-6.0.3.jar:6.0.3]
	at jakarta.servlet.http.HttpServlet.service(HttpServlet.java:731) ~[tomcat-embed-core-10.1.4.jar:6.0]
	at org.springframework.web.servlet.FrameworkServlet.service(FrameworkServlet.java:884) ~[spring-webmvc-6.0.3.jar:6.0.3]
	at jakarta.servlet.http.HttpServlet.service(HttpServlet.java:814) ~[tomcat-embed-core-10.1.4.jar:6.0]
	at org.apache.catalina.core.ApplicationFilterChain.internalDoFilter(ApplicationFilterChain.java:223) ~[tomcat-embed-core-10.1.4.jar:10.1.4]
	at org.apache.catalina.core.ApplicationFilterChain.doFilter(ApplicationFilterChain.java:158) ~[tomcat-embed-core-10.1.4.jar:10.1.4]
	at org.apache.tomcat.websocket.server.WsFilter.doFilter(WsFilter.java:53) ~[tomcat-embed-websocket-10.1.4.jar:10.1.4]
	at org.apache.catalina.core.ApplicationFilterChain.internalDoFilter(ApplicationFilterChain.java:185) ~[tomcat-embed-core-10.1.4.jar:10.1.4]
	at org.apache.catalina.core.ApplicationFilterChain.doFilter(ApplicationFilterChain.java:158) ~[tomcat-embed-core-10.1.4.jar:10.1.4]
	at org.springframework.web.filter.OncePerRequestFilter.doFilter(OncePerRequestFilter.java:110) ~[spring-web-6.0.3.jar:6.0.3]
	at org.apache.catalina.core.ApplicationFilterChain.internalDoFilter(ApplicationFilterChain.java:185) ~[tomcat-embed-core-10.1.4.jar:10.1.4]
	at org.apache.catalina.core.ApplicationFilterChain.doFilter(ApplicationFilterChain.java:158) ~[tomcat-embed-core-10.1.4.jar:10.1.4]
	at org.springframework.security.web.FilterChainProxy.lambda$doFilterInternal$3(FilterChainProxy.java:231) ~[spring-security-web-6.0.1.jar:6.0.1]
	at org.springframework.security.web.FilterChainProxy$VirtualFilterChain.doFilter(FilterChainProxy.java:365) ~[spring-security-web-6.0.1.jar:6.0.1]
	at org.springframework.security.web.access.intercept.AuthorizationFilter.doFilter(AuthorizationFilter.java:100) ~[spring-security-web-6.0.1.jar:6.0.1]
	at org.springframework.security.web.FilterChainProxy$VirtualFilterChain.doFilter(FilterChainProxy.java:374) ~[spring-security-web-6.0.1.jar:6.0.1]
	at org.springframework.security.web.access.ExceptionTranslationFilter.doFilter(ExceptionTranslationFilter.java:126) ~[spring-security-web-6.0.1.jar:6.0.1]
	at org.springframework.security.web.access.ExceptionTranslationFilter.doFilter(ExceptionTranslationFilter.java:120) ~[spring-security-web-6.0.1.jar:6.0.1]
	at org.springframework.security.web.FilterChainProxy$VirtualFilterChain.doFilter(FilterChainProxy.java:374) ~[spring-security-web-6.0.1.jar:6.0.1]
	at org.springframework.security.web.session.SessionManagementFilter.doFilter(SessionManagementFilter.java:131) ~[spring-security-web-6.0.1.jar:6.0.1]
	at org.springframework.security.web.session.SessionManagementFilter.doFilter(SessionManagementFilter.java:85) ~[spring-security-web-6.0.1.jar:6.0.1]
	at org.springframework.security.web.FilterChainProxy$VirtualFilterChain.doFilter(FilterChainProxy.java:374) ~[spring-security-web-6.0.1.jar:6.0.1]
	at org.springframework.security.web.authentication.AnonymousAuthenticationFilter.doFilter(AnonymousAuthenticationFilter.java:100) ~[spring-security-web-6.0.1.jar:6.0.1]
	at org.springframework.security.web.FilterChainProxy$VirtualFilterChain.doFilter(FilterChainProxy.java:374) ~[spring-security-web-6.0.1.jar:6.0.1]
	at org.springframework.security.web.servletapi.SecurityContextHolderAwareRequestFilter.doFilter(SecurityContextHolderAwareRequestFilter.java:179) ~[spring-security-web-6.0.1.jar:6.0.1]
	at org.springframework.security.web.FilterChainProxy$VirtualFilterChain.doFilter(FilterChainProxy.java:374) ~[spring-security-web-6.0.1.jar:6.0.1]
	at org.springframework.security.web.savedrequest.RequestCacheAwareFilter.doFilter(RequestCacheAwareFilter.java:63) ~[spring-security-web-6.0.1.jar:6.0.1]
	at org.springframework.security.web.FilterChainProxy$VirtualFilterChain.doFilter(FilterChainProxy.java:374) ~[spring-security-web-6.0.1.jar:6.0.1]
	at org.springframework.security.web.authentication.www.BasicAuthenticationFilter.doFilterInternal(BasicAuthenticationFilter.java:170) ~[spring-security-web-6.0.1.jar:6.0.1]
	at org.springframework.web.filter.OncePerRequestFilter.doFilter(OncePerRequestFilter.java:116) ~[spring-web-6.0.3.jar:6.0.3]
	at org.springframework.security.web.FilterChainProxy$VirtualFilterChain.doFilter(FilterChainProxy.java:374) ~[spring-security-web-6.0.1.jar:6.0.1]
	at com.examly.springapp.config.JwtAuthenticationFilter.doFilterInternal(JwtAuthenticationFilter.java:58) ~[classes/:?]
	at org.springframework.web.filter.OncePerRequestFilter.doFilter(OncePerRequestFilter.java:116) ~[spring-web-6.0.3.jar:6.0.3]
	at org.springframework.security.web.FilterChainProxy$VirtualFilterChain.doFilter(FilterChainProxy.java:374) ~[spring-security-web-6.0.1.jar:6.0.1]
	at org.springframework.security.web.authentication.logout.LogoutFilter.doFilter(LogoutFilter.java:107) ~[spring-security-web-6.0.1.jar:6.0.1]
	at org.springframework.security.web.authentication.logout.LogoutFilter.doFilter(LogoutFilter.java:93) ~[spring-security-web-6.0.1.jar:6.0.1]
	at org.springframework.security.web.FilterChainProxy$VirtualFilterChain.doFilter(FilterChainProxy.java:374) ~[spring-security-web-6.0.1.jar:6.0.1]
	at org.springframework.web.filter.CorsFilter.doFilterInternal(CorsFilter.java:91) ~[spring-web-6.0.3.jar:6.0.3]
	at org.springframework.web.filter.OncePerRequestFilter.doFilter(OncePerRequestFilter.java:116) ~[spring-web-6.0.3.jar:6.0.3]
	at org.springframework.security.web.FilterChainProxy$VirtualFilterChain.doFilter(FilterChainProxy.java:374) ~[spring-security-web-6.0.1.jar:6.0.1]
	at org.springframework.security.web.header.HeaderWriterFilter.doHeadersAfter(HeaderWriterFilter.java:90) ~[spring-security-web-6.0.1.jar:6.0.1]
	at org.springframework.security.web.header.HeaderWriterFilter.doFilterInternal(HeaderWriterFilter.java:75) ~[spring-security-web-6.0.1.jar:6.0.1]
	at org.springframework.web.filter.OncePerRequestFilter.doFilter(OncePerRequestFilter.java:116) ~[spring-web-6.0.3.jar:6.0.3]
	at org.springframework.security.web.FilterChainProxy$VirtualFilterChain.doFilter(FilterChainProxy.java:374) ~[spring-security-web-6.0.1.jar:6.0.1]
	at org.springframework.security.web.context.SecurityContextHolderFilter.doFilter(SecurityContextHolderFilter.java:82) ~[spring-security-web-6.0.1.jar:6.0.1]
	at org.springframework.security.web.context.SecurityContextHolderFilter.doFilter(SecurityContextHolderFilter.java:69) ~[spring-security-web-6.0.1.jar:6.0.1]
	at org.springframework.security.web.FilterChainProxy$VirtualFilterChain.doFilter(FilterChainProxy.java:374) ~[spring-security-web-6.0.1.jar:6.0.1]
	at org.springframework.security.web.context.request.async.WebAsyncManagerIntegrationFilter.doFilterInternal(WebAsyncManagerIntegrationFilter.java:62) ~[spring-security-web-6.0.1.jar:6.0.1]
	at org.springframework.web.filter.OncePerRequestFilter.doFilter(OncePerRequestFilter.java:116) ~[spring-web-6.0.3.jar:6.0.3]
	at org.springframework.security.web.FilterChainProxy$VirtualFilterChain.doFilter(FilterChainProxy.java:374) ~[spring-security-web-6.0.1.jar:6.0.1]
	at org.springframework.security.web.session.DisableEncodeUrlFilter.doFilterInternal(DisableEncodeUrlFilter.java:42) ~[spring-security-web-6.0.1.jar:6.0.1]
	at org.springframework.web.filter.OncePerRequestFilter.doFilter(OncePerRequestFilter.java:116) ~[spring-web-6.0.3.jar:6.0.3]
	at org.springframework.security.web.FilterChainProxy$VirtualFilterChain.doFilter(FilterChainProxy.java:374) ~[spring-security-web-6.0.1.jar:6.0.1]
	at org.springframework.security.web.FilterChainProxy.doFilterInternal(FilterChainProxy.java:233) ~[spring-security-web-6.0.1.jar:6.0.1]
	at org.springframework.security.web.FilterChainProxy.doFilter(FilterChainProxy.java:191) ~[spring-security-web-6.0.1.jar:6.0.1]
	at org.springframework.web.filter.DelegatingFilterProxy.invokeDelegate(DelegatingFilterProxy.java:351) ~[spring-web-6.0.3.jar:6.0.3]
	at org.springframework.web.filter.DelegatingFilterProxy.doFilter(DelegatingFilterProxy.java:267) ~[spring-web-6.0.3.jar:6.0.3]
	at org.apache.catalina.core.ApplicationFilterChain.internalDoFilter(ApplicationFilterChain.java:185) ~[tomcat-embed-core-10.1.4.jar:10.1.4]
	at org.apache.catalina.core.ApplicationFilterChain.doFilter(ApplicationFilterChain.java:158) ~[tomcat-embed-core-10.1.4.jar:10.1.4]
	at org.springframework.web.filter.RequestContextFilter.doFilterInternal(RequestContextFilter.java:100) ~[spring-web-6.0.3.jar:6.0.3]
	at org.springframework.web.filter.OncePerRequestFilter.doFilter(OncePerRequestFilter.java:116) ~[spring-web-6.0.3.jar:6.0.3]
	at org.apache.catalina.core.ApplicationFilterChain.internalDoFilter(ApplicationFilterChain.java:185) ~[tomcat-embed-core-10.1.4.jar:10.1.4]
	at org.apache.catalina.core.ApplicationFilterChain.doFilter(ApplicationFilterChain.java:158) ~[tomcat-embed-core-10.1.4.jar:10.1.4]
	at org.springframework.web.filter.FormContentFilter.doFilterInternal(FormContentFilter.java:93) ~[spring-web-6.0.3.jar:6.0.3]
	at org.springframework.web.filter.OncePerRequestFilter.doFilter(OncePerRequestFilter.java:116) ~[spring-web-6.0.3.jar:6.0.3]
	at org.apache.catalina.core.ApplicationFilterChain.internalDoFilter(ApplicationFilterChain.java:185) ~[tomcat-embed-core-10.1.4.jar:10.1.4]
	at org.apache.catalina.core.ApplicationFilterChain.doFilter(ApplicationFilterChain.java:158) ~[tomcat-embed-core-10.1.4.jar:10.1.4]
	at org.springframework.web.filter.CharacterEncodingFilter.doFilterInternal(CharacterEncodingFilter.java:201) ~[spring-web-6.0.3.jar:6.0.3]
	at org.springframework.web.filter.OncePerRequestFilter.doFilter(OncePerRequestFilter.java:116) ~[spring-web-6.0.3.jar:6.0.3]
	at org.apache.catalina.core.ApplicationFilterChain.internalDoFilter(ApplicationFilterChain.java:185) ~[tomcat-embed-core-10.1.4.jar:10.1.4]
	at org.apache.catalina.core.ApplicationFilterChain.doFilter(ApplicationFilterChain.java:158) ~[tomcat-embed-core-10.1.4.jar:10.1.4]
	at org.apache.catalina.core.StandardWrapperValve.invoke(StandardWrapperValve.java:177) ~[tomcat-embed-core-10.1.4.jar:10.1.4]
	at org.apache.catalina.core.StandardContextValve.invoke(StandardContextValve.java:97) ~[tomcat-embed-core-10.1.4.jar:10.1.4]
	at org.apache.catalina.authenticator.AuthenticatorBase.invoke(AuthenticatorBase.java:542) ~[tomcat-embed-core-10.1.4.jar:10.1.4]
	at org.apache.catalina.core.StandardHostValve.invoke(StandardHostValve.java:119) ~[tomcat-embed-core-10.1.4.jar:10.1.4]
	at org.apache.catalina.valves.ErrorReportValve.invoke(ErrorReportValve.java:92) ~[tomcat-embed-core-10.1.4.jar:10.1.4]
	at org.apache.catalina.core.StandardEngineValve.invoke(StandardEngineValve.java:78) ~[tomcat-embed-core-10.1.4.jar:10.1.4]
	at org.apache.catalina.valves.RemoteIpValve.invoke(RemoteIpValve.java:741) ~[tomcat-embed-core-10.1.4.jar:10.1.4]
	at org.apache.catalina.connector.CoyoteAdapter.service(CoyoteAdapter.java:357) ~[tomcat-embed-core-10.1.4.jar:10.1.4]
	at org.apache.coyote.http11.Http11Processor.service(Http11Processor.java:400) ~[tomcat-embed-core-10.1.4.jar:10.1.4]
	at org.apache.coyote.AbstractProcessorLight.process(AbstractProcessorLight.java:65) ~[tomcat-embed-core-10.1.4.jar:10.1.4]
	at org.apache.coyote.AbstractProtocol$ConnectionHandler.process(AbstractProtocol.java:859) ~[tomcat-embed-core-10.1.4.jar:10.1.4]
	at org.apache.tomcat.util.net.NioEndpoint$SocketProcessor.doRun(NioEndpoint.java:1734) ~[tomcat-embed-core-10.1.4.jar:10.1.4]
	at org.apache.tomcat.util.net.SocketProcessorBase.run(SocketProcessorBase.java:52) ~[tomcat-embed-core-10.1.4.jar:10.1.4]
	at org.apache.tomcat.util.threads.ThreadPoolExecutor.runWorker(ThreadPoolExecutor.java:1191) ~[tomcat-embed-core-10.1.4.jar:10.1.4]
	at org.apache.tomcat.util.threads.ThreadPoolExecutor$Worker.run(ThreadPoolExecutor.java:659) ~[tomcat-embed-core-10.1.4.jar:10.1.4]
	at org.apache.tomcat.util.threads.TaskThread$WrappingRunnable.run(TaskThread.java:61) ~[tomcat-embed-core-10.1.4.jar:10.1.4]
	at java.lang.Thread.run(Thread.java:840) ~[?:?]
2025-11-06 07:40:54 DEBUG SQL - 
    select
        u1_0.user_id,
        u1_0.email,
        u1_0.mobile_number,
        u1_0.password,
        u1_0.user_role,
        u1_0.username 
    from
        user u1_0 
    where
        u1_0.username=?
2025-11-06 07:40:54 ERROR [dispatcherServlet] - Servlet.service() for servlet [dispatcherServlet] in context with path [] threw exception [Request processing failed: java.lang.RuntimeException: Invalid username or password] with root cause
java.lang.RuntimeException: Invalid username or password
	at com.examly.springapp.service.UserServiceImpl.loginUser(UserServiceImpl.java:71) ~[classes/:?]
	at com.examly.springapp.controller.UserController.loginUser(UserController.java:51) ~[classes/:?]
	at jdk.internal.reflect.GeneratedMethodAccessor51.invoke(Unknown Source) ~[?:?]
	at jdk.internal.reflect.DelegatingMethodAccessorImpl.invoke(DelegatingMethodAccessorImpl.java:43) ~[?:?]
	at java.lang.reflect.Method.invoke(Method.java:569) ~[?:?]
	at org.springframework.aop.support.AopUtils.invokeJoinpointUsingReflection(AopUtils.java:343) ~[spring-aop-6.0.3.jar:6.0.3]
	at org.springframework.aop.framework.CglibAopProxy$DynamicAdvisedInterceptor.intercept(CglibAopProxy.java:699) ~[spring-aop-6.0.3.jar:6.0.3]
	at com.examly.springapp.controller.UserController$$SpringCGLIB$$0.loginUser(<generated>) ~[classes/:?]
	at jdk.internal.reflect.GeneratedMethodAccessor51.invoke(Unknown Source) ~[?:?]
	at jdk.internal.reflect.DelegatingMethodAccessorImpl.invoke(DelegatingMethodAccessorImpl.java:43) ~[?:?]
	at java.lang.reflect.Method.invoke(Method.java:569) ~[?:?]
	at org.springframework.web.method.support.InvocableHandlerMethod.doInvoke(InvocableHandlerMethod.java:207) ~[spring-web-6.0.3.jar:6.0.3]
	at org.springframework.web.method.support.InvocableHandlerMethod.invokeForRequest(InvocableHandlerMethod.java:152) ~[spring-web-6.0.3.jar:6.0.3]
	at org.springframework.web.servlet.mvc.method.annotation.ServletInvocableHandlerMethod.invokeAndHandle(ServletInvocableHandlerMethod.java:117) ~[spring-webmvc-6.0.3.jar:6.0.3]
	at org.springframework.web.servlet.mvc.method.annotation.RequestMappingHandlerAdapter.invokeHandlerMethod(RequestMappingHandlerAdapter.java:884) ~[spring-webmvc-6.0.3.jar:6.0.3]
	at org.springframework.web.servlet.mvc.method.annotation.RequestMappingHandlerAdapter.handleInternal(RequestMappingHandlerAdapter.java:797) ~[spring-webmvc-6.0.3.jar:6.0.3]
	at org.springframework.web.servlet.mvc.method.AbstractHandlerMethodAdapter.handle(AbstractHandlerMethodAdapter.java:87) ~[spring-webmvc-6.0.3.jar:6.0.3]
	at org.springframework.web.servlet.DispatcherServlet.doDispatch(DispatcherServlet.java:1080) ~[spring-webmvc-6.0.3.jar:6.0.3]
	at org.springframework.web.servlet.DispatcherServlet.doService(DispatcherServlet.java:973) ~[spring-webmvc-6.0.3.jar:6.0.3]
	at org.springframework.web.servlet.FrameworkServlet.processRequest(FrameworkServlet.java:1010) ~[spring-webmvc-6.0.3.jar:6.0.3]
	at org.springframework.web.servlet.FrameworkServlet.doPost(FrameworkServlet.java:913) ~[spring-webmvc-6.0.3.jar:6.0.3]
	at jakarta.servlet.http.HttpServlet.service(HttpServlet.java:731) ~[tomcat-embed-core-10.1.4.jar:6.0]
	at org.springframework.web.servlet.FrameworkServlet.service(FrameworkServlet.java:884) ~[spring-webmvc-6.0.3.jar:6.0.3]
	at jakarta.servlet.http.HttpServlet.service(HttpServlet.java:814) ~[tomcat-embed-core-10.1.4.jar:6.0]
	at org.apache.catalina.core.ApplicationFilterChain.internalDoFilter(ApplicationFilterChain.java:223) ~[tomcat-embed-core-10.1.4.jar:10.1.4]
	at org.apache.catalina.core.ApplicationFilterChain.doFilter(ApplicationFilterChain.java:158) ~[tomcat-embed-core-10.1.4.jar:10.1.4]
	at org.apache.tomcat.websocket.server.WsFilter.doFilter(WsFilter.java:53) ~[tomcat-embed-websocket-10.1.4.jar:10.1.4]
	at org.apache.catalina.core.ApplicationFilterChain.internalDoFilter(ApplicationFilterChain.java:185) ~[tomcat-embed-core-10.1.4.jar:10.1.4]
	at org.apache.catalina.core.ApplicationFilterChain.doFilter(ApplicationFilterChain.java:158) ~[tomcat-embed-core-10.1.4.jar:10.1.4]
	at org.springframework.web.filter.OncePerRequestFilter.doFilter(OncePerRequestFilter.java:110) ~[spring-web-6.0.3.jar:6.0.3]
	at org.apache.catalina.core.ApplicationFilterChain.internalDoFilter(ApplicationFilterChain.java:185) ~[tomcat-embed-core-10.1.4.jar:10.1.4]
	at org.apache.catalina.core.ApplicationFilterChain.doFilter(ApplicationFilterChain.java:158) ~[tomcat-embed-core-10.1.4.jar:10.1.4]
	at org.springframework.security.web.FilterChainProxy.lambda$doFilterInternal$3(FilterChainProxy.java:231) ~[spring-security-web-6.0.1.jar:6.0.1]
	at org.springframework.security.web.FilterChainProxy$VirtualFilterChain.doFilter(FilterChainProxy.java:365) ~[spring-security-web-6.0.1.jar:6.0.1]
	at org.springframework.security.web.access.intercept.AuthorizationFilter.doFilter(AuthorizationFilter.java:100) ~[spring-security-web-6.0.1.jar:6.0.1]
	at org.springframework.security.web.FilterChainProxy$VirtualFilterChain.doFilter(FilterChainProxy.java:374) ~[spring-security-web-6.0.1.jar:6.0.1]
	at org.springframework.security.web.access.ExceptionTranslationFilter.doFilter(ExceptionTranslationFilter.java:126) ~[spring-security-web-6.0.1.jar:6.0.1]
	at org.springframework.security.web.access.ExceptionTranslationFilter.doFilter(ExceptionTranslationFilter.java:120) ~[spring-security-web-6.0.1.jar:6.0.1]
	at org.springframework.security.web.FilterChainProxy$VirtualFilterChain.doFilter(FilterChainProxy.java:374) ~[spring-security-web-6.0.1.jar:6.0.1]
	at org.springframework.security.web.session.SessionManagementFilter.doFilter(SessionManagementFilter.java:131) ~[spring-security-web-6.0.1.jar:6.0.1]
	at org.springframework.security.web.session.SessionManagementFilter.doFilter(SessionManagementFilter.java:85) ~[spring-security-web-6.0.1.jar:6.0.1]
	at org.springframework.security.web.FilterChainProxy$VirtualFilterChain.doFilter(FilterChainProxy.java:374) ~[spring-security-web-6.0.1.jar:6.0.1]
	at org.springframework.security.web.authentication.AnonymousAuthenticationFilter.doFilter(AnonymousAuthenticationFilter.java:100) ~[spring-security-web-6.0.1.jar:6.0.1]
	at org.springframework.security.web.FilterChainProxy$VirtualFilterChain.doFilter(FilterChainProxy.java:374) ~[spring-security-web-6.0.1.jar:6.0.1]
	at org.springframework.security.web.servletapi.SecurityContextHolderAwareRequestFilter.doFilter(SecurityContextHolderAwareRequestFilter.java:179) ~[spring-security-web-6.0.1.jar:6.0.1]
	at org.springframework.security.web.FilterChainProxy$VirtualFilterChain.doFilter(FilterChainProxy.java:374) ~[spring-security-web-6.0.1.jar:6.0.1]
	at org.springframework.security.web.savedrequest.RequestCacheAwareFilter.doFilter(RequestCacheAwareFilter.java:63) ~[spring-security-web-6.0.1.jar:6.0.1]
	at org.springframework.security.web.FilterChainProxy$VirtualFilterChain.doFilter(FilterChainProxy.java:374) ~[spring-security-web-6.0.1.jar:6.0.1]
	at org.springframework.security.web.authentication.www.BasicAuthenticationFilter.doFilterInternal(BasicAuthenticationFilter.java:170) ~[spring-security-web-6.0.1.jar:6.0.1]
	at org.springframework.web.filter.OncePerRequestFilter.doFilter(OncePerRequestFilter.java:116) ~[spring-web-6.0.3.jar:6.0.3]
	at org.springframework.security.web.FilterChainProxy$VirtualFilterChain.doFilter(FilterChainProxy.java:374) ~[spring-security-web-6.0.1.jar:6.0.1]
	at com.examly.springapp.config.JwtAuthenticationFilter.doFilterInternal(JwtAuthenticationFilter.java:58) ~[classes/:?]
	at org.springframework.web.filter.OncePerRequestFilter.doFilter(OncePerRequestFilter.java:116) ~[spring-web-6.0.3.jar:6.0.3]
	at org.springframework.security.web.FilterChainProxy$VirtualFilterChain.doFilter(FilterChainProxy.java:374) ~[spring-security-web-6.0.1.jar:6.0.1]
	at org.springframework.security.web.authentication.logout.LogoutFilter.doFilter(LogoutFilter.java:107) ~[spring-security-web-6.0.1.jar:6.0.1]
	at org.springframework.security.web.authentication.logout.LogoutFilter.doFilter(LogoutFilter.java:93) ~[spring-security-web-6.0.1.jar:6.0.1]
	at org.springframework.security.web.FilterChainProxy$VirtualFilterChain.doFilter(FilterChainProxy.java:374) ~[spring-security-web-6.0.1.jar:6.0.1]
	at org.springframework.web.filter.CorsFilter.doFilterInternal(CorsFilter.java:91) ~[spring-web-6.0.3.jar:6.0.3]
	at org.springframework.web.filter.OncePerRequestFilter.doFilter(OncePerRequestFilter.java:116) ~[spring-web-6.0.3.jar:6.0.3]
	at org.springframework.security.web.FilterChainProxy$VirtualFilterChain.doFilter(FilterChainProxy.java:374) ~[spring-security-web-6.0.1.jar:6.0.1]
	at org.springframework.security.web.header.HeaderWriterFilter.doHeadersAfter(HeaderWriterFilter.java:90) ~[spring-security-web-6.0.1.jar:6.0.1]
	at org.springframework.security.web.header.HeaderWriterFilter.doFilterInternal(HeaderWriterFilter.java:75) ~[spring-security-web-6.0.1.jar:6.0.1]
	at org.springframework.web.filter.OncePerRequestFilter.doFilter(OncePerRequestFilter.java:116) ~[spring-web-6.0.3.jar:6.0.3]
	at org.springframework.security.web.FilterChainProxy$VirtualFilterChain.doFilter(FilterChainProxy.java:374) ~[spring-security-web-6.0.1.jar:6.0.1]
	at org.springframework.security.web.context.SecurityContextHolderFilter.doFilter(SecurityContextHolderFilter.java:82) ~[spring-security-web-6.0.1.jar:6.0.1]
	at org.springframework.security.web.context.SecurityContextHolderFilter.doFilter(SecurityContextHolderFilter.java:69) ~[spring-security-web-6.0.1.jar:6.0.1]
	at org.springframework.security.web.FilterChainProxy$VirtualFilterChain.doFilter(FilterChainProxy.java:374) ~[spring-security-web-6.0.1.jar:6.0.1]
	at org.springframework.security.web.context.request.async.WebAsyncManagerIntegrationFilter.doFilterInternal(WebAsyncManagerIntegrationFilter.java:62) ~[spring-security-web-6.0.1.jar:6.0.1]
	at org.springframework.web.filter.OncePerRequestFilter.doFilter(OncePerRequestFilter.java:116) ~[spring-web-6.0.3.jar:6.0.3]
	at org.springframework.security.web.FilterChainProxy$VirtualFilterChain.doFilter(FilterChainProxy.java:374) ~[spring-security-web-6.0.1.jar:6.0.1]
	at org.springframework.security.web.session.DisableEncodeUrlFilter.doFilterInternal(DisableEncodeUrlFilter.java:42) ~[spring-security-web-6.0.1.jar:6.0.1]
	at org.springframework.web.filter.OncePerRequestFilter.doFilter(OncePerRequestFilter.java:116) ~[spring-web-6.0.3.jar:6.0.3]
	at org.springframework.security.web.FilterChainProxy$VirtualFilterChain.doFilter(FilterChainProxy.java:374) ~[spring-security-web-6.0.1.jar:6.0.1]
	at org.springframework.security.web.FilterChainProxy.doFilterInternal(FilterChainProxy.java:233) ~[spring-security-web-6.0.1.jar:6.0.1]
	at org.springframework.security.web.FilterChainProxy.doFilter(FilterChainProxy.java:191) ~[spring-security-web-6.0.1.jar:6.0.1]
	at org.springframework.web.filter.DelegatingFilterProxy.invokeDelegate(DelegatingFilterProxy.java:351) ~[spring-web-6.0.3.jar:6.0.3]
	at org.springframework.web.filter.DelegatingFilterProxy.doFilter(DelegatingFilterProxy.java:267) ~[spring-web-6.0.3.jar:6.0.3]
	at org.apache.catalina.core.ApplicationFilterChain.internalDoFilter(ApplicationFilterChain.java:185) ~[tomcat-embed-core-10.1.4.jar:10.1.4]
	at org.apache.catalina.core.ApplicationFilterChain.doFilter(ApplicationFilterChain.java:158) ~[tomcat-embed-core-10.1.4.jar:10.1.4]
	at org.springframework.web.filter.RequestContextFilter.doFilterInternal(RequestContextFilter.java:100) ~[spring-web-6.0.3.jar:6.0.3]
	at org.springframework.web.filter.OncePerRequestFilter.doFilter(OncePerRequestFilter.java:116) ~[spring-web-6.0.3.jar:6.0.3]
	at org.apache.catalina.core.ApplicationFilterChain.internalDoFilter(ApplicationFilterChain.java:185) ~[tomcat-embed-core-10.1.4.jar:10.1.4]
	at org.apache.catalina.core.ApplicationFilterChain.doFilter(ApplicationFilterChain.java:158) ~[tomcat-embed-core-10.1.4.jar:10.1.4]
	at org.springframework.web.filter.FormContentFilter.doFilterInternal(FormContentFilter.java:93) ~[spring-web-6.0.3.jar:6.0.3]
	at org.springframework.web.filter.OncePerRequestFilter.doFilter(OncePerRequestFilter.java:116) ~[spring-web-6.0.3.jar:6.0.3]
	at org.apache.catalina.core.ApplicationFilterChain.internalDoFilter(ApplicationFilterChain.java:185) ~[tomcat-embed-core-10.1.4.jar:10.1.4]
	at org.apache.catalina.core.ApplicationFilterChain.doFilter(ApplicationFilterChain.java:158) ~[tomcat-embed-core-10.1.4.jar:10.1.4]
	at org.springframework.web.filter.CharacterEncodingFilter.doFilterInternal(CharacterEncodingFilter.java:201) ~[spring-web-6.0.3.jar:6.0.3]
	at org.springframework.web.filter.OncePerRequestFilter.doFilter(OncePerRequestFilter.java:116) ~[spring-web-6.0.3.jar:6.0.3]
	at org.apache.catalina.core.ApplicationFilterChain.internalDoFilter(ApplicationFilterChain.java:185) ~[tomcat-embed-core-10.1.4.jar:10.1.4]
	at org.apache.catalina.core.ApplicationFilterChain.doFilter(ApplicationFilterChain.java:158) ~[tomcat-embed-core-10.1.4.jar:10.1.4]
	at org.apache.catalina.core.StandardWrapperValve.invoke(StandardWrapperValve.java:177) ~[tomcat-embed-core-10.1.4.jar:10.1.4]
	at org.apache.catalina.core.StandardContextValve.invoke(StandardContextValve.java:97) ~[tomcat-embed-core-10.1.4.jar:10.1.4]
	at org.apache.catalina.authenticator.AuthenticatorBase.invoke(AuthenticatorBase.java:542) ~[tomcat-embed-core-10.1.4.jar:10.1.4]
	at org.apache.catalina.core.StandardHostValve.invoke(StandardHostValve.java:119) ~[tomcat-embed-core-10.1.4.jar:10.1.4]
	at org.apache.catalina.valves.ErrorReportValve.invoke(ErrorReportValve.java:92) ~[tomcat-embed-core-10.1.4.jar:10.1.4]
	at org.apache.catalina.core.StandardEngineValve.invoke(StandardEngineValve.java:78) ~[tomcat-embed-core-10.1.4.jar:10.1.4]
	at org.apache.catalina.valves.RemoteIpValve.invoke(RemoteIpValve.java:741) ~[tomcat-embed-core-10.1.4.jar:10.1.4]
	at org.apache.catalina.connector.CoyoteAdapter.service(CoyoteAdapter.java:357) ~[tomcat-embed-core-10.1.4.jar:10.1.4]
	at org.apache.coyote.http11.Http11Processor.service(Http11Processor.java:400) ~[tomcat-embed-core-10.1.4.jar:10.1.4]
	at org.apache.coyote.AbstractProcessorLight.process(AbstractProcessorLight.java:65) ~[tomcat-embed-core-10.1.4.jar:10.1.4]
	at org.apache.coyote.AbstractProtocol$ConnectionHandler.process(AbstractProtocol.java:859) ~[tomcat-embed-core-10.1.4.jar:10.1.4]
	at org.apache.tomcat.util.net.NioEndpoint$SocketProcessor.doRun(NioEndpoint.java:1734) ~[tomcat-embed-core-10.1.4.jar:10.1.4]
	at org.apache.tomcat.util.net.SocketProcessorBase.run(SocketProcessorBase.java:52) ~[tomcat-embed-core-10.1.4.jar:10.1.4]
	at org.apache.tomcat.util.threads.ThreadPoolExecutor.runWorker(ThreadPoolExecutor.java:1191) ~[tomcat-embed-core-10.1.4.jar:10.1.4]
	at org.apache.tomcat.util.threads.ThreadPoolExecutor$Worker.run(ThreadPoolExecutor.java:659) ~[tomcat-embed-core-10.1.4.jar:10.1.4]
	at org.apache.tomcat.util.threads.TaskThread$WrappingRunnable.run(TaskThread.java:61) ~[tomcat-embed-core-10.1.4.jar:10.1.4]
	at java.lang.Thread.run(Thread.java:840) ~[?:?]
2025-11-06 07:40:57 DEBUG SQL - 
    select
        u1_0.user_id,
        u1_0.email,
        u1_0.mobile_number,
        u1_0.password,
        u1_0.user_role,
        u1_0.username 
    from
        user u1_0 
    where
        u1_0.username=?
2025-11-06 07:40:57 ERROR [dispatcherServlet] - Servlet.service() for servlet [dispatcherServlet] in context with path [] threw exception [Request processing failed: java.lang.RuntimeException: Invalid username or password] with root cause
java.lang.RuntimeException: Invalid username or password
	at com.examly.springapp.service.UserServiceImpl.loginUser(UserServiceImpl.java:71) ~[classes/:?]
	at com.examly.springapp.controller.UserController.loginUser(UserController.java:51) ~[classes/:?]
	at jdk.internal.reflect.GeneratedMethodAccessor51.invoke(Unknown Source) ~[?:?]
	at jdk.internal.reflect.DelegatingMethodAccessorImpl.invoke(DelegatingMethodAccessorImpl.java:43) ~[?:?]
	at java.lang.reflect.Method.invoke(Method.java:569) ~[?:?]
	at org.springframework.aop.support.AopUtils.invokeJoinpointUsingReflection(AopUtils.java:343) ~[spring-aop-6.0.3.jar:6.0.3]
	at org.springframework.aop.framework.CglibAopProxy$DynamicAdvisedInterceptor.intercept(CglibAopProxy.java:699) ~[spring-aop-6.0.3.jar:6.0.3]
	at com.examly.springapp.controller.UserController$$SpringCGLIB$$0.loginUser(<generated>) ~[classes/:?]
	at jdk.internal.reflect.GeneratedMethodAccessor51.invoke(Unknown Source) ~[?:?]
	at jdk.internal.reflect.DelegatingMethodAccessorImpl.invoke(DelegatingMethodAccessorImpl.java:43) ~[?:?]
	at java.lang.reflect.Method.invoke(Method.java:569) ~[?:?]
	at org.springframework.web.method.support.InvocableHandlerMethod.doInvoke(InvocableHandlerMethod.java:207) ~[spring-web-6.0.3.jar:6.0.3]
	at org.springframework.web.method.support.InvocableHandlerMethod.invokeForRequest(InvocableHandlerMethod.java:152) ~[spring-web-6.0.3.jar:6.0.3]
	at org.springframework.web.servlet.mvc.method.annotation.ServletInvocableHandlerMethod.invokeAndHandle(ServletInvocableHandlerMethod.java:117) ~[spring-webmvc-6.0.3.jar:6.0.3]
	at org.springframework.web.servlet.mvc.method.annotation.RequestMappingHandlerAdapter.invokeHandlerMethod(RequestMappingHandlerAdapter.java:884) ~[spring-webmvc-6.0.3.jar:6.0.3]
	at org.springframework.web.servlet.mvc.method.annotation.RequestMappingHandlerAdapter.handleInternal(RequestMappingHandlerAdapter.java:797) ~[spring-webmvc-6.0.3.jar:6.0.3]
	at org.springframework.web.servlet.mvc.method.AbstractHandlerMethodAdapter.handle(AbstractHandlerMethodAdapter.java:87) ~[spring-webmvc-6.0.3.jar:6.0.3]
	at org.springframework.web.servlet.DispatcherServlet.doDispatch(DispatcherServlet.java:1080) ~[spring-webmvc-6.0.3.jar:6.0.3]
	at org.springframework.web.servlet.DispatcherServlet.doService(DispatcherServlet.java:973) ~[spring-webmvc-6.0.3.jar:6.0.3]
	at org.springframework.web.servlet.FrameworkServlet.processRequest(FrameworkServlet.java:1010) ~[spring-webmvc-6.0.3.jar:6.0.3]
	at org.springframework.web.servlet.FrameworkServlet.doPost(FrameworkServlet.java:913) ~[spring-webmvc-6.0.3.jar:6.0.3]
	at jakarta.servlet.http.HttpServlet.service(HttpServlet.java:731) ~[tomcat-embed-core-10.1.4.jar:6.0]
	at org.springframework.web.servlet.FrameworkServlet.service(FrameworkServlet.java:884) ~[spring-webmvc-6.0.3.jar:6.0.3]
	at jakarta.servlet.http.HttpServlet.service(HttpServlet.java:814) ~[tomcat-embed-core-10.1.4.jar:6.0]
	at org.apache.catalina.core.ApplicationFilterChain.internalDoFilter(ApplicationFilterChain.java:223) ~[tomcat-embed-core-10.1.4.jar:10.1.4]
	at org.apache.catalina.core.ApplicationFilterChain.doFilter(ApplicationFilterChain.java:158) ~[tomcat-embed-core-10.1.4.jar:10.1.4]
	at org.apache.tomcat.websocket.server.WsFilter.doFilter(WsFilter.java:53) ~[tomcat-embed-websocket-10.1.4.jar:10.1.4]
	at org.apache.catalina.core.ApplicationFilterChain.internalDoFilter(ApplicationFilterChain.java:185) ~[tomcat-embed-core-10.1.4.jar:10.1.4]
	at org.apache.catalina.core.ApplicationFilterChain.doFilter(ApplicationFilterChain.java:158) ~[tomcat-embed-core-10.1.4.jar:10.1.4]
	at org.springframework.web.filter.OncePerRequestFilter.doFilter(OncePerRequestFilter.java:110) ~[spring-web-6.0.3.jar:6.0.3]
	at org.apache.catalina.core.ApplicationFilterChain.internalDoFilter(ApplicationFilterChain.java:185) ~[tomcat-embed-core-10.1.4.jar:10.1.4]
	at org.apache.catalina.core.ApplicationFilterChain.doFilter(ApplicationFilterChain.java:158) ~[tomcat-embed-core-10.1.4.jar:10.1.4]
	at org.springframework.security.web.FilterChainProxy.lambda$doFilterInternal$3(FilterChainProxy.java:231) ~[spring-security-web-6.0.1.jar:6.0.1]
	at org.springframework.security.web.FilterChainProxy$VirtualFilterChain.doFilter(FilterChainProxy.java:365) ~[spring-security-web-6.0.1.jar:6.0.1]
	at org.springframework.security.web.access.intercept.AuthorizationFilter.doFilter(AuthorizationFilter.java:100) ~[spring-security-web-6.0.1.jar:6.0.1]
	at org.springframework.security.web.FilterChainProxy$VirtualFilterChain.doFilter(FilterChainProxy.java:374) ~[spring-security-web-6.0.1.jar:6.0.1]
	at org.springframework.security.web.access.ExceptionTranslationFilter.doFilter(ExceptionTranslationFilter.java:126) ~[spring-security-web-6.0.1.jar:6.0.1]
	at org.springframework.security.web.access.ExceptionTranslationFilter.doFilter(ExceptionTranslationFilter.java:120) ~[spring-security-web-6.0.1.jar:6.0.1]
	at org.springframework.security.web.FilterChainProxy$VirtualFilterChain.doFilter(FilterChainProxy.java:374) ~[spring-security-web-6.0.1.jar:6.0.1]
	at org.springframework.security.web.session.SessionManagementFilter.doFilter(SessionManagementFilter.java:131) ~[spring-security-web-6.0.1.jar:6.0.1]
	at org.springframework.security.web.session.SessionManagementFilter.doFilter(SessionManagementFilter.java:85) ~[spring-security-web-6.0.1.jar:6.0.1]
	at org.springframework.security.web.FilterChainProxy$VirtualFilterChain.doFilter(FilterChainProxy.java:374) ~[spring-security-web-6.0.1.jar:6.0.1]
	at org.springframework.security.web.authentication.AnonymousAuthenticationFilter.doFilter(AnonymousAuthenticationFilter.java:100) ~[spring-security-web-6.0.1.jar:6.0.1]
	at org.springframework.security.web.FilterChainProxy$VirtualFilterChain.doFilter(FilterChainProxy.java:374) ~[spring-security-web-6.0.1.jar:6.0.1]
	at org.springframework.security.web.servletapi.SecurityContextHolderAwareRequestFilter.doFilter(SecurityContextHolderAwareRequestFilter.java:179) ~[spring-security-web-6.0.1.jar:6.0.1]
	at org.springframework.security.web.FilterChainProxy$VirtualFilterChain.doFilter(FilterChainProxy.java:374) ~[spring-security-web-6.0.1.jar:6.0.1]
	at org.springframework.security.web.savedrequest.RequestCacheAwareFilter.doFilter(RequestCacheAwareFilter.java:63) ~[spring-security-web-6.0.1.jar:6.0.1]
	at org.springframework.security.web.FilterChainProxy$VirtualFilterChain.doFilter(FilterChainProxy.java:374) ~[spring-security-web-6.0.1.jar:6.0.1]
	at org.springframework.security.web.authentication.www.BasicAuthenticationFilter.doFilterInternal(BasicAuthenticationFilter.java:170) ~[spring-security-web-6.0.1.jar:6.0.1]
	at org.springframework.web.filter.OncePerRequestFilter.doFilter(OncePerRequestFilter.java:116) ~[spring-web-6.0.3.jar:6.0.3]
	at org.springframework.security.web.FilterChainProxy$VirtualFilterChain.doFilter(FilterChainProxy.java:374) ~[spring-security-web-6.0.1.jar:6.0.1]
	at com.examly.springapp.config.JwtAuthenticationFilter.doFilterInternal(JwtAuthenticationFilter.java:58) ~[classes/:?]
	at org.springframework.web.filter.OncePerRequestFilter.doFilter(OncePerRequestFilter.java:116) ~[spring-web-6.0.3.jar:6.0.3]
	at org.springframework.security.web.FilterChainProxy$VirtualFilterChain.doFilter(FilterChainProxy.java:374) ~[spring-security-web-6.0.1.jar:6.0.1]
	at org.springframework.security.web.authentication.logout.LogoutFilter.doFilter(LogoutFilter.java:107) ~[spring-security-web-6.0.1.jar:6.0.1]
	at org.springframework.security.web.authentication.logout.LogoutFilter.doFilter(LogoutFilter.java:93) ~[spring-security-web-6.0.1.jar:6.0.1]
	at org.springframework.security.web.FilterChainProxy$VirtualFilterChain.doFilter(FilterChainProxy.java:374) ~[spring-security-web-6.0.1.jar:6.0.1]
	at org.springframework.web.filter.CorsFilter.doFilterInternal(CorsFilter.java:91) ~[spring-web-6.0.3.jar:6.0.3]
	at org.springframework.web.filter.OncePerRequestFilter.doFilter(OncePerRequestFilter.java:116) ~[spring-web-6.0.3.jar:6.0.3]
	at org.springframework.security.web.FilterChainProxy$VirtualFilterChain.doFilter(FilterChainProxy.java:374) ~[spring-security-web-6.0.1.jar:6.0.1]
	at org.springframework.security.web.header.HeaderWriterFilter.doHeadersAfter(HeaderWriterFilter.java:90) ~[spring-security-web-6.0.1.jar:6.0.1]
	at org.springframework.security.web.header.HeaderWriterFilter.doFilterInternal(HeaderWriterFilter.java:75) ~[spring-security-web-6.0.1.jar:6.0.1]
	at org.springframework.web.filter.OncePerRequestFilter.doFilter(OncePerRequestFilter.java:116) ~[spring-web-6.0.3.jar:6.0.3]
	at org.springframework.security.web.FilterChainProxy$VirtualFilterChain.doFilter(FilterChainProxy.java:374) ~[spring-security-web-6.0.1.jar:6.0.1]
	at org.springframework.security.web.context.SecurityContextHolderFilter.doFilter(SecurityContextHolderFilter.java:82) ~[spring-security-web-6.0.1.jar:6.0.1]
	at org.springframework.security.web.context.SecurityContextHolderFilter.doFilter(SecurityContextHolderFilter.java:69) ~[spring-security-web-6.0.1.jar:6.0.1]
	at org.springframework.security.web.FilterChainProxy$VirtualFilterChain.doFilter(FilterChainProxy.java:374) ~[spring-security-web-6.0.1.jar:6.0.1]
	at org.springframework.security.web.context.request.async.WebAsyncManagerIntegrationFilter.doFilterInternal(WebAsyncManagerIntegrationFilter.java:62) ~[spring-security-web-6.0.1.jar:6.0.1]
	at org.springframework.web.filter.OncePerRequestFilter.doFilter(OncePerRequestFilter.java:116) ~[spring-web-6.0.3.jar:6.0.3]
	at org.springframework.security.web.FilterChainProxy$VirtualFilterChain.doFilter(FilterChainProxy.java:374) ~[spring-security-web-6.0.1.jar:6.0.1]
	at org.springframework.security.web.session.DisableEncodeUrlFilter.doFilterInternal(DisableEncodeUrlFilter.java:42) ~[spring-security-web-6.0.1.jar:6.0.1]
	at org.springframework.web.filter.OncePerRequestFilter.doFilter(OncePerRequestFilter.java:116) ~[spring-web-6.0.3.jar:6.0.3]
	at org.springframework.security.web.FilterChainProxy$VirtualFilterChain.doFilter(FilterChainProxy.java:374) ~[spring-security-web-6.0.1.jar:6.0.1]
	at org.springframework.security.web.FilterChainProxy.doFilterInternal(FilterChainProxy.java:233) ~[spring-security-web-6.0.1.jar:6.0.1]
	at org.springframework.security.web.FilterChainProxy.doFilter(FilterChainProxy.java:191) ~[spring-security-web-6.0.1.jar:6.0.1]
	at org.springframework.web.filter.DelegatingFilterProxy.invokeDelegate(DelegatingFilterProxy.java:351) ~[spring-web-6.0.3.jar:6.0.3]
	at org.springframework.web.filter.DelegatingFilterProxy.doFilter(DelegatingFilterProxy.java:267) ~[spring-web-6.0.3.jar:6.0.3]
	at org.apache.catalina.core.ApplicationFilterChain.internalDoFilter(ApplicationFilterChain.java:185) ~[tomcat-embed-core-10.1.4.jar:10.1.4]
	at org.apache.catalina.core.ApplicationFilterChain.doFilter(ApplicationFilterChain.java:158) ~[tomcat-embed-core-10.1.4.jar:10.1.4]
	at org.springframework.web.filter.RequestContextFilter.doFilterInternal(RequestContextFilter.java:100) ~[spring-web-6.0.3.jar:6.0.3]
	at org.springframework.web.filter.OncePerRequestFilter.doFilter(OncePerRequestFilter.java:116) ~[spring-web-6.0.3.jar:6.0.3]
	at org.apache.catalina.core.ApplicationFilterChain.internalDoFilter(ApplicationFilterChain.java:185) ~[tomcat-embed-core-10.1.4.jar:10.1.4]
	at org.apache.catalina.core.ApplicationFilterChain.doFilter(ApplicationFilterChain.java:158) ~[tomcat-embed-core-10.1.4.jar:10.1.4]
	at org.springframework.web.filter.FormContentFilter.doFilterInternal(FormContentFilter.java:93) ~[spring-web-6.0.3.jar:6.0.3]
	at org.springframework.web.filter.OncePerRequestFilter.doFilter(OncePerRequestFilter.java:116) ~[spring-web-6.0.3.jar:6.0.3]
	at org.apache.catalina.core.ApplicationFilterChain.internalDoFilter(ApplicationFilterChain.java:185) ~[tomcat-embed-core-10.1.4.jar:10.1.4]
	at org.apache.catalina.core.ApplicationFilterChain.doFilter(ApplicationFilterChain.java:158) ~[tomcat-embed-core-10.1.4.jar:10.1.4]
	at org.springframework.web.filter.CharacterEncodingFilter.doFilterInternal(CharacterEncodingFilter.java:201) ~[spring-web-6.0.3.jar:6.0.3]
	at org.springframework.web.filter.OncePerRequestFilter.doFilter(OncePerRequestFilter.java:116) ~[spring-web-6.0.3.jar:6.0.3]
	at org.apache.catalina.core.ApplicationFilterChain.internalDoFilter(ApplicationFilterChain.java:185) ~[tomcat-embed-core-10.1.4.jar:10.1.4]
	at org.apache.catalina.core.ApplicationFilterChain.doFilter(ApplicationFilterChain.java:158) ~[tomcat-embed-core-10.1.4.jar:10.1.4]
	at org.apache.catalina.core.StandardWrapperValve.invoke(StandardWrapperValve.java:177) ~[tomcat-embed-core-10.1.4.jar:10.1.4]
	at org.apache.catalina.core.StandardContextValve.invoke(StandardContextValve.java:97) ~[tomcat-embed-core-10.1.4.jar:10.1.4]
	at org.apache.catalina.authenticator.AuthenticatorBase.invoke(AuthenticatorBase.java:542) ~[tomcat-embed-core-10.1.4.jar:10.1.4]
	at org.apache.catalina.core.StandardHostValve.invoke(StandardHostValve.java:119) ~[tomcat-embed-core-10.1.4.jar:10.1.4]
	at org.apache.catalina.valves.ErrorReportValve.invoke(ErrorReportValve.java:92) ~[tomcat-embed-core-10.1.4.jar:10.1.4]
	at org.apache.catalina.core.StandardEngineValve.invoke(StandardEngineValve.java:78) ~[tomcat-embed-core-10.1.4.jar:10.1.4]
	at org.apache.catalina.valves.RemoteIpValve.invoke(RemoteIpValve.java:741) ~[tomcat-embed-core-10.1.4.jar:10.1.4]
	at org.apache.catalina.connector.CoyoteAdapter.service(CoyoteAdapter.java:357) ~[tomcat-embed-core-10.1.4.jar:10.1.4]
	at org.apache.coyote.http11.Http11Processor.service(Http11Processor.java:400) ~[tomcat-embed-core-10.1.4.jar:10.1.4]
	at org.apache.coyote.AbstractProcessorLight.process(AbstractProcessorLight.java:65) ~[tomcat-embed-core-10.1.4.jar:10.1.4]
	at org.apache.coyote.AbstractProtocol$ConnectionHandler.process(AbstractProtocol.java:859) ~[tomcat-embed-core-10.1.4.jar:10.1.4]
	at org.apache.tomcat.util.net.NioEndpoint$SocketProcessor.doRun(NioEndpoint.java:1734) ~[tomcat-embed-core-10.1.4.jar:10.1.4]
	at org.apache.tomcat.util.net.SocketProcessorBase.run(SocketProcessorBase.java:52) ~[tomcat-embed-core-10.1.4.jar:10.1.4]
	at org.apache.tomcat.util.threads.ThreadPoolExecutor.runWorker(ThreadPoolExecutor.java:1191) ~[tomcat-embed-core-10.1.4.jar:10.1.4]
	at org.apache.tomcat.util.threads.ThreadPoolExecutor$Worker.run(ThreadPoolExecutor.java:659) ~[tomcat-embed-core-10.1.4.jar:10.1.4]
	at org.apache.tomcat.util.threads.TaskThread$WrappingRunnable.run(TaskThread.java:61) ~[tomcat-embed-core-10.1.4.jar:10.1.4]
	at java.lang.Thread.run(Thread.java:840) ~[?:?]
2025-11-06 07:40:59 DEBUG SQL - 
    select
        u1_0.user_id,
        u1_0.email,
        u1_0.mobile_number,
        u1_0.password,
        u1_0.user_role,
        u1_0.username 
    from
        user u1_0 
    where
        u1_0.username=?
2025-11-06 07:40:59 ERROR [dispatcherServlet] - Servlet.service() for servlet [dispatcherServlet] in context with path [] threw exception [Request processing failed: java.lang.RuntimeException: Invalid username or password] with root cause
java.lang.RuntimeException: Invalid username or password
	at com.examly.springapp.service.UserServiceImpl.loginUser(UserServiceImpl.java:71) ~[classes/:?]
	at com.examly.springapp.controller.UserController.loginUser(UserController.java:51) ~[classes/:?]
	at jdk.internal.reflect.GeneratedMethodAccessor51.invoke(Unknown Source) ~[?:?]
	at jdk.internal.reflect.DelegatingMethodAccessorImpl.invoke(DelegatingMethodAccessorImpl.java:43) ~[?:?]
	at java.lang.reflect.Method.invoke(Method.java:569) ~[?:?]
	at org.springframework.aop.support.AopUtils.invokeJoinpointUsingReflection(AopUtils.java:343) ~[spring-aop-6.0.3.jar:6.0.3]
	at org.springframework.aop.framework.CglibAopProxy$DynamicAdvisedInterceptor.intercept(CglibAopProxy.java:699) ~[spring-aop-6.0.3.jar:6.0.3]
	at com.examly.springapp.controller.UserController$$SpringCGLIB$$0.loginUser(<generated>) ~[classes/:?]
	at jdk.internal.reflect.GeneratedMethodAccessor51.invoke(Unknown Source) ~[?:?]
	at jdk.internal.reflect.DelegatingMethodAccessorImpl.invoke(DelegatingMethodAccessorImpl.java:43) ~[?:?]
	at java.lang.reflect.Method.invoke(Method.java:569) ~[?:?]
	at org.springframework.web.method.support.InvocableHandlerMethod.doInvoke(InvocableHandlerMethod.java:207) ~[spring-web-6.0.3.jar:6.0.3]
	at org.springframework.web.method.support.InvocableHandlerMethod.invokeForRequest(InvocableHandlerMethod.java:152) ~[spring-web-6.0.3.jar:6.0.3]
	at org.springframework.web.servlet.mvc.method.annotation.ServletInvocableHandlerMethod.invokeAndHandle(ServletInvocableHandlerMethod.java:117) ~[spring-webmvc-6.0.3.jar:6.0.3]
	at org.springframework.web.servlet.mvc.method.annotation.RequestMappingHandlerAdapter.invokeHandlerMethod(RequestMappingHandlerAdapter.java:884) ~[spring-webmvc-6.0.3.jar:6.0.3]
	at org.springframework.web.servlet.mvc.method.annotation.RequestMappingHandlerAdapter.handleInternal(RequestMappingHandlerAdapter.java:797) ~[spring-webmvc-6.0.3.jar:6.0.3]
	at org.springframework.web.servlet.mvc.method.AbstractHandlerMethodAdapter.handle(AbstractHandlerMethodAdapter.java:87) ~[spring-webmvc-6.0.3.jar:6.0.3]
	at org.springframework.web.servlet.DispatcherServlet.doDispatch(DispatcherServlet.java:1080) ~[spring-webmvc-6.0.3.jar:6.0.3]
	at org.springframework.web.servlet.DispatcherServlet.doService(DispatcherServlet.java:973) ~[spring-webmvc-6.0.3.jar:6.0.3]
	at org.springframework.web.servlet.FrameworkServlet.processRequest(FrameworkServlet.java:1010) ~[spring-webmvc-6.0.3.jar:6.0.3]
	at org.springframework.web.servlet.FrameworkServlet.doPost(FrameworkServlet.java:913) ~[spring-webmvc-6.0.3.jar:6.0.3]
	at jakarta.servlet.http.HttpServlet.service(HttpServlet.java:731) ~[tomcat-embed-core-10.1.4.jar:6.0]
	at org.springframework.web.servlet.FrameworkServlet.service(FrameworkServlet.java:884) ~[spring-webmvc-6.0.3.jar:6.0.3]
	at jakarta.servlet.http.HttpServlet.service(HttpServlet.java:814) ~[tomcat-embed-core-10.1.4.jar:6.0]
	at org.apache.catalina.core.ApplicationFilterChain.internalDoFilter(ApplicationFilterChain.java:223) ~[tomcat-embed-core-10.1.4.jar:10.1.4]
	at org.apache.catalina.core.ApplicationFilterChain.doFilter(ApplicationFilterChain.java:158) ~[tomcat-embed-core-10.1.4.jar:10.1.4]
	at org.apache.tomcat.websocket.server.WsFilter.doFilter(WsFilter.java:53) ~[tomcat-embed-websocket-10.1.4.jar:10.1.4]
	at org.apache.catalina.core.ApplicationFilterChain.internalDoFilter(ApplicationFilterChain.java:185) ~[tomcat-embed-core-10.1.4.jar:10.1.4]
	at org.apache.catalina.core.ApplicationFilterChain.doFilter(ApplicationFilterChain.java:158) ~[tomcat-embed-core-10.1.4.jar:10.1.4]
	at org.springframework.web.filter.OncePerRequestFilter.doFilter(OncePerRequestFilter.java:110) ~[spring-web-6.0.3.jar:6.0.3]
	at org.apache.catalina.core.ApplicationFilterChain.internalDoFilter(ApplicationFilterChain.java:185) ~[tomcat-embed-core-10.1.4.jar:10.1.4]
	at org.apache.catalina.core.ApplicationFilterChain.doFilter(ApplicationFilterChain.java:158) ~[tomcat-embed-core-10.1.4.jar:10.1.4]
	at org.springframework.security.web.FilterChainProxy.lambda$doFilterInternal$3(FilterChainProxy.java:231) ~[spring-security-web-6.0.1.jar:6.0.1]
	at org.springframework.security.web.FilterChainProxy$VirtualFilterChain.doFilter(FilterChainProxy.java:365) ~[spring-security-web-6.0.1.jar:6.0.1]
	at org.springframework.security.web.access.intercept.AuthorizationFilter.doFilter(AuthorizationFilter.java:100) ~[spring-security-web-6.0.1.jar:6.0.1]
	at org.springframework.security.web.FilterChainProxy$VirtualFilterChain.doFilter(FilterChainProxy.java:374) ~[spring-security-web-6.0.1.jar:6.0.1]
	at org.springframework.security.web.access.ExceptionTranslationFilter.doFilter(ExceptionTranslationFilter.java:126) ~[spring-security-web-6.0.1.jar:6.0.1]
	at org.springframework.security.web.access.ExceptionTranslationFilter.doFilter(ExceptionTranslationFilter.java:120) ~[spring-security-web-6.0.1.jar:6.0.1]
	at org.springframework.security.web.FilterChainProxy$VirtualFilterChain.doFilter(FilterChainProxy.java:374) ~[spring-security-web-6.0.1.jar:6.0.1]
	at org.springframework.security.web.session.SessionManagementFilter.doFilter(SessionManagementFilter.java:131) ~[spring-security-web-6.0.1.jar:6.0.1]
	at org.springframework.security.web.session.SessionManagementFilter.doFilter(SessionManagementFilter.java:85) ~[spring-security-web-6.0.1.jar:6.0.1]
	at org.springframework.security.web.FilterChainProxy$VirtualFilterChain.doFilter(FilterChainProxy.java:374) ~[spring-security-web-6.0.1.jar:6.0.1]
	at org.springframework.security.web.authentication.AnonymousAuthenticationFilter.doFilter(AnonymousAuthenticationFilter.java:100) ~[spring-security-web-6.0.1.jar:6.0.1]
	at org.springframework.security.web.FilterChainProxy$VirtualFilterChain.doFilter(FilterChainProxy.java:374) ~[spring-security-web-6.0.1.jar:6.0.1]
	at org.springframework.security.web.servletapi.SecurityContextHolderAwareRequestFilter.doFilter(SecurityContextHolderAwareRequestFilter.java:179) ~[spring-security-web-6.0.1.jar:6.0.1]
	at org.springframework.security.web.FilterChainProxy$VirtualFilterChain.doFilter(FilterChainProxy.java:374) ~[spring-security-web-6.0.1.jar:6.0.1]
	at org.springframework.security.web.savedrequest.RequestCacheAwareFilter.doFilter(RequestCacheAwareFilter.java:63) ~[spring-security-web-6.0.1.jar:6.0.1]
	at org.springframework.security.web.FilterChainProxy$VirtualFilterChain.doFilter(FilterChainProxy.java:374) ~[spring-security-web-6.0.1.jar:6.0.1]
	at org.springframework.security.web.authentication.www.BasicAuthenticationFilter.doFilterInternal(BasicAuthenticationFilter.java:170) ~[spring-security-web-6.0.1.jar:6.0.1]
	at org.springframework.web.filter.OncePerRequestFilter.doFilter(OncePerRequestFilter.java:116) ~[spring-web-6.0.3.jar:6.0.3]
	at org.springframework.security.web.FilterChainProxy$VirtualFilterChain.doFilter(FilterChainProxy.java:374) ~[spring-security-web-6.0.1.jar:6.0.1]
	at com.examly.springapp.config.JwtAuthenticationFilter.doFilterInternal(JwtAuthenticationFilter.java:58) ~[classes/:?]
	at org.springframework.web.filter.OncePerRequestFilter.doFilter(OncePerRequestFilter.java:116) ~[spring-web-6.0.3.jar:6.0.3]
	at org.springframework.security.web.FilterChainProxy$VirtualFilterChain.doFilter(FilterChainProxy.java:374) ~[spring-security-web-6.0.1.jar:6.0.1]
	at org.springframework.security.web.authentication.logout.LogoutFilter.doFilter(LogoutFilter.java:107) ~[spring-security-web-6.0.1.jar:6.0.1]
	at org.springframework.security.web.authentication.logout.LogoutFilter.doFilter(LogoutFilter.java:93) ~[spring-security-web-6.0.1.jar:6.0.1]
	at org.springframework.security.web.FilterChainProxy$VirtualFilterChain.doFilter(FilterChainProxy.java:374) ~[spring-security-web-6.0.1.jar:6.0.1]
	at org.springframework.web.filter.CorsFilter.doFilterInternal(CorsFilter.java:91) ~[spring-web-6.0.3.jar:6.0.3]
	at org.springframework.web.filter.OncePerRequestFilter.doFilter(OncePerRequestFilter.java:116) ~[spring-web-6.0.3.jar:6.0.3]
	at org.springframework.security.web.FilterChainProxy$VirtualFilterChain.doFilter(FilterChainProxy.java:374) ~[spring-security-web-6.0.1.jar:6.0.1]
	at org.springframework.security.web.header.HeaderWriterFilter.doHeadersAfter(HeaderWriterFilter.java:90) ~[spring-security-web-6.0.1.jar:6.0.1]
	at org.springframework.security.web.header.HeaderWriterFilter.doFilterInternal(HeaderWriterFilter.java:75) ~[spring-security-web-6.0.1.jar:6.0.1]
	at org.springframework.web.filter.OncePerRequestFilter.doFilter(OncePerRequestFilter.java:116) ~[spring-web-6.0.3.jar:6.0.3]
	at org.springframework.security.web.FilterChainProxy$VirtualFilterChain.doFilter(FilterChainProxy.java:374) ~[spring-security-web-6.0.1.jar:6.0.1]
	at org.springframework.security.web.context.SecurityContextHolderFilter.doFilter(SecurityContextHolderFilter.java:82) ~[spring-security-web-6.0.1.jar:6.0.1]
	at org.springframework.security.web.context.SecurityContextHolderFilter.doFilter(SecurityContextHolderFilter.java:69) ~[spring-security-web-6.0.1.jar:6.0.1]
	at org.springframework.security.web.FilterChainProxy$VirtualFilterChain.doFilter(FilterChainProxy.java:374) ~[spring-security-web-6.0.1.jar:6.0.1]
	at org.springframework.security.web.context.request.async.WebAsyncManagerIntegrationFilter.doFilterInternal(WebAsyncManagerIntegrationFilter.java:62) ~[spring-security-web-6.0.1.jar:6.0.1]
	at org.springframework.web.filter.OncePerRequestFilter.doFilter(OncePerRequestFilter.java:116) ~[spring-web-6.0.3.jar:6.0.3]
	at org.springframework.security.web.FilterChainProxy$VirtualFilterChain.doFilter(FilterChainProxy.java:374) ~[spring-security-web-6.0.1.jar:6.0.1]
	at org.springframework.security.web.session.DisableEncodeUrlFilter.doFilterInternal(DisableEncodeUrlFilter.java:42) ~[spring-security-web-6.0.1.jar:6.0.1]
	at org.springframework.web.filter.OncePerRequestFilter.doFilter(OncePerRequestFilter.java:116) ~[spring-web-6.0.3.jar:6.0.3]
	at org.springframework.security.web.FilterChainProxy$VirtualFilterChain.doFilter(FilterChainProxy.java:374) ~[spring-security-web-6.0.1.jar:6.0.1]
	at org.springframework.security.web.FilterChainProxy.doFilterInternal(FilterChainProxy.java:233) ~[spring-security-web-6.0.1.jar:6.0.1]
	at org.springframework.security.web.FilterChainProxy.doFilter(FilterChainProxy.java:191) ~[spring-security-web-6.0.1.jar:6.0.1]
	at org.springframework.web.filter.DelegatingFilterProxy.invokeDelegate(DelegatingFilterProxy.java:351) ~[spring-web-6.0.3.jar:6.0.3]
	at org.springframework.web.filter.DelegatingFilterProxy.doFilter(DelegatingFilterProxy.java:267) ~[spring-web-6.0.3.jar:6.0.3]
	at org.apache.catalina.core.ApplicationFilterChain.internalDoFilter(ApplicationFilterChain.java:185) ~[tomcat-embed-core-10.1.4.jar:10.1.4]
	at org.apache.catalina.core.ApplicationFilterChain.doFilter(ApplicationFilterChain.java:158) ~[tomcat-embed-core-10.1.4.jar:10.1.4]
	at org.springframework.web.filter.RequestContextFilter.doFilterInternal(RequestContextFilter.java:100) ~[spring-web-6.0.3.jar:6.0.3]
	at org.springframework.web.filter.OncePerRequestFilter.doFilter(OncePerRequestFilter.java:116) ~[spring-web-6.0.3.jar:6.0.3]
	at org.apache.catalina.core.ApplicationFilterChain.internalDoFilter(ApplicationFilterChain.java:185) ~[tomcat-embed-core-10.1.4.jar:10.1.4]
	at org.apache.catalina.core.ApplicationFilterChain.doFilter(ApplicationFilterChain.java:158) ~[tomcat-embed-core-10.1.4.jar:10.1.4]
	at org.springframework.web.filter.FormContentFilter.doFilterInternal(FormContentFilter.java:93) ~[spring-web-6.0.3.jar:6.0.3]
	at org.springframework.web.filter.OncePerRequestFilter.doFilter(OncePerRequestFilter.java:116) ~[spring-web-6.0.3.jar:6.0.3]
	at org.apache.catalina.core.ApplicationFilterChain.internalDoFilter(ApplicationFilterChain.java:185) ~[tomcat-embed-core-10.1.4.jar:10.1.4]
	at org.apache.catalina.core.ApplicationFilterChain.doFilter(ApplicationFilterChain.java:158) ~[tomcat-embed-core-10.1.4.jar:10.1.4]
	at org.springframework.web.filter.CharacterEncodingFilter.doFilterInternal(CharacterEncodingFilter.java:201) ~[spring-web-6.0.3.jar:6.0.3]
	at org.springframework.web.filter.OncePerRequestFilter.doFilter(OncePerRequestFilter.java:116) ~[spring-web-6.0.3.jar:6.0.3]
	at org.apache.catalina.core.ApplicationFilterChain.internalDoFilter(ApplicationFilterChain.java:185) ~[tomcat-embed-core-10.1.4.jar:10.1.4]
	at org.apache.catalina.core.ApplicationFilterChain.doFilter(ApplicationFilterChain.java:158) ~[tomcat-embed-core-10.1.4.jar:10.1.4]
	at org.apache.catalina.core.StandardWrapperValve.invoke(StandardWrapperValve.java:177) ~[tomcat-embed-core-10.1.4.jar:10.1.4]
	at org.apache.catalina.core.StandardContextValve.invoke(StandardContextValve.java:97) ~[tomcat-embed-core-10.1.4.jar:10.1.4]
	at org.apache.catalina.authenticator.AuthenticatorBase.invoke(AuthenticatorBase.java:542) ~[tomcat-embed-core-10.1.4.jar:10.1.4]
	at org.apache.catalina.core.StandardHostValve.invoke(StandardHostValve.java:119) ~[tomcat-embed-core-10.1.4.jar:10.1.4]
	at org.apache.catalina.valves.ErrorReportValve.invoke(ErrorReportValve.java:92) ~[tomcat-embed-core-10.1.4.jar:10.1.4]
	at org.apache.catalina.core.StandardEngineValve.invoke(StandardEngineValve.java:78) ~[tomcat-embed-core-10.1.4.jar:10.1.4]
	at org.apache.catalina.valves.RemoteIpValve.invoke(RemoteIpValve.java:741) ~[tomcat-embed-core-10.1.4.jar:10.1.4]
	at org.apache.catalina.connector.CoyoteAdapter.service(CoyoteAdapter.java:357) ~[tomcat-embed-core-10.1.4.jar:10.1.4]
	at org.apache.coyote.http11.Http11Processor.service(Http11Processor.java:400) ~[tomcat-embed-core-10.1.4.jar:10.1.4]
	at org.apache.coyote.AbstractProcessorLight.process(AbstractProcessorLight.java:65) ~[tomcat-embed-core-10.1.4.jar:10.1.4]
	at org.apache.coyote.AbstractProtocol$ConnectionHandler.process(AbstractProtocol.java:859) ~[tomcat-embed-core-10.1.4.jar:10.1.4]
	at org.apache.tomcat.util.net.NioEndpoint$SocketProcessor.doRun(NioEndpoint.java:1734) ~[tomcat-embed-core-10.1.4.jar:10.1.4]
	at org.apache.tomcat.util.net.SocketProcessorBase.run(SocketProcessorBase.java:52) ~[tomcat-embed-core-10.1.4.jar:10.1.4]
	at org.apache.tomcat.util.threads.ThreadPoolExecutor.runWorker(ThreadPoolExecutor.java:1191) ~[tomcat-embed-core-10.1.4.jar:10.1.4]
	at org.apache.tomcat.util.threads.ThreadPoolExecutor$Worker.run(ThreadPoolExecutor.java:659) ~[tomcat-embed-core-10.1.4.jar:10.1.4]
	at org.apache.tomcat.util.threads.TaskThread$WrappingRunnable.run(TaskThread.java:61) ~[tomcat-embed-core-10.1.4.jar:10.1.4]
	at java.lang.Thread.run(Thread.java:840) ~[?:?]
2025-11-06 07:40:59 DEBUG SQL - 
    select
        u1_0.user_id,
        u1_0.email,
        u1_0.mobile_number,
        u1_0.password,
        u1_0.user_role,
        u1_0.username 
    from
        user u1_0 
    where
        u1_0.username=?
2025-11-06 07:40:59 ERROR [dispatcherServlet] - Servlet.service() for servlet [dispatcherServlet] in context with path [] threw exception [Request processing failed: java.lang.RuntimeException: Invalid username or password] with root cause
java.lang.RuntimeException: Invalid username or password
	at com.examly.springapp.service.UserServiceImpl.loginUser(UserServiceImpl.java:71) ~[classes/:?]
	at com.examly.springapp.controller.UserController.loginUser(UserController.java:51) ~[classes/:?]
	at jdk.internal.reflect.GeneratedMethodAccessor51.invoke(Unknown Source) ~[?:?]
	at jdk.internal.reflect.DelegatingMethodAccessorImpl.invoke(DelegatingMethodAccessorImpl.java:43) ~[?:?]
	at java.lang.reflect.Method.invoke(Method.java:569) ~[?:?]
	at org.springframework.aop.support.AopUtils.invokeJoinpointUsingReflection(AopUtils.java:343) ~[spring-aop-6.0.3.jar:6.0.3]
	at org.springframework.aop.framework.CglibAopProxy$DynamicAdvisedInterceptor.intercept(CglibAopProxy.java:699) ~[spring-aop-6.0.3.jar:6.0.3]
	at com.examly.springapp.controller.UserController$$SpringCGLIB$$0.loginUser(<generated>) ~[classes/:?]
	at jdk.internal.reflect.GeneratedMethodAccessor51.invoke(Unknown Source) ~[?:?]
	at jdk.internal.reflect.DelegatingMethodAccessorImpl.invoke(DelegatingMethodAccessorImpl.java:43) ~[?:?]
	at java.lang.reflect.Method.invoke(Method.java:569) ~[?:?]
	at org.springframework.web.method.support.InvocableHandlerMethod.doInvoke(InvocableHandlerMethod.java:207) ~[spring-web-6.0.3.jar:6.0.3]
	at org.springframework.web.method.support.InvocableHandlerMethod.invokeForRequest(InvocableHandlerMethod.java:152) ~[spring-web-6.0.3.jar:6.0.3]
	at org.springframework.web.servlet.mvc.method.annotation.ServletInvocableHandlerMethod.invokeAndHandle(ServletInvocableHandlerMethod.java:117) ~[spring-webmvc-6.0.3.jar:6.0.3]
	at org.springframework.web.servlet.mvc.method.annotation.RequestMappingHandlerAdapter.invokeHandlerMethod(RequestMappingHandlerAdapter.java:884) ~[spring-webmvc-6.0.3.jar:6.0.3]
	at org.springframework.web.servlet.mvc.method.annotation.RequestMappingHandlerAdapter.handleInternal(RequestMappingHandlerAdapter.java:797) ~[spring-webmvc-6.0.3.jar:6.0.3]
	at org.springframework.web.servlet.mvc.method.AbstractHandlerMethodAdapter.handle(AbstractHandlerMethodAdapter.java:87) ~[spring-webmvc-6.0.3.jar:6.0.3]
	at org.springframework.web.servlet.DispatcherServlet.doDispatch(DispatcherServlet.java:1080) ~[spring-webmvc-6.0.3.jar:6.0.3]
	at org.springframework.web.servlet.DispatcherServlet.doService(DispatcherServlet.java:973) ~[spring-webmvc-6.0.3.jar:6.0.3]
	at org.springframework.web.servlet.FrameworkServlet.processRequest(FrameworkServlet.java:1010) ~[spring-webmvc-6.0.3.jar:6.0.3]
	at org.springframework.web.servlet.FrameworkServlet.doPost(FrameworkServlet.java:913) ~[spring-webmvc-6.0.3.jar:6.0.3]
	at jakarta.servlet.http.HttpServlet.service(HttpServlet.java:731) ~[tomcat-embed-core-10.1.4.jar:6.0]
	at org.springframework.web.servlet.FrameworkServlet.service(FrameworkServlet.java:884) ~[spring-webmvc-6.0.3.jar:6.0.3]
	at jakarta.servlet.http.HttpServlet.service(HttpServlet.java:814) ~[tomcat-embed-core-10.1.4.jar:6.0]
	at org.apache.catalina.core.ApplicationFilterChain.internalDoFilter(ApplicationFilterChain.java:223) ~[tomcat-embed-core-10.1.4.jar:10.1.4]
	at org.apache.catalina.core.ApplicationFilterChain.doFilter(ApplicationFilterChain.java:158) ~[tomcat-embed-core-10.1.4.jar:10.1.4]
	at org.apache.tomcat.websocket.server.WsFilter.doFilter(WsFilter.java:53) ~[tomcat-embed-websocket-10.1.4.jar:10.1.4]
	at org.apache.catalina.core.ApplicationFilterChain.internalDoFilter(ApplicationFilterChain.java:185) ~[tomcat-embed-core-10.1.4.jar:10.1.4]
	at org.apache.catalina.core.ApplicationFilterChain.doFilter(ApplicationFilterChain.java:158) ~[tomcat-embed-core-10.1.4.jar:10.1.4]
	at org.springframework.web.filter.OncePerRequestFilter.doFilter(OncePerRequestFilter.java:110) ~[spring-web-6.0.3.jar:6.0.3]
	at org.apache.catalina.core.ApplicationFilterChain.internalDoFilter(ApplicationFilterChain.java:185) ~[tomcat-embed-core-10.1.4.jar:10.1.4]
	at org.apache.catalina.core.ApplicationFilterChain.doFilter(ApplicationFilterChain.java:158) ~[tomcat-embed-core-10.1.4.jar:10.1.4]
	at org.springframework.security.web.FilterChainProxy.lambda$doFilterInternal$3(FilterChainProxy.java:231) ~[spring-security-web-6.0.1.jar:6.0.1]
	at org.springframework.security.web.FilterChainProxy$VirtualFilterChain.doFilter(FilterChainProxy.java:365) ~[spring-security-web-6.0.1.jar:6.0.1]
	at org.springframework.security.web.access.intercept.AuthorizationFilter.doFilter(AuthorizationFilter.java:100) ~[spring-security-web-6.0.1.jar:6.0.1]
	at org.springframework.security.web.FilterChainProxy$VirtualFilterChain.doFilter(FilterChainProxy.java:374) ~[spring-security-web-6.0.1.jar:6.0.1]
	at org.springframework.security.web.access.ExceptionTranslationFilter.doFilter(ExceptionTranslationFilter.java:126) ~[spring-security-web-6.0.1.jar:6.0.1]
	at org.springframework.security.web.access.ExceptionTranslationFilter.doFilter(ExceptionTranslationFilter.java:120) ~[spring-security-web-6.0.1.jar:6.0.1]
	at org.springframework.security.web.FilterChainProxy$VirtualFilterChain.doFilter(FilterChainProxy.java:374) ~[spring-security-web-6.0.1.jar:6.0.1]
	at org.springframework.security.web.session.SessionManagementFilter.doFilter(SessionManagementFilter.java:131) ~[spring-security-web-6.0.1.jar:6.0.1]
	at org.springframework.security.web.session.SessionManagementFilter.doFilter(SessionManagementFilter.java:85) ~[spring-security-web-6.0.1.jar:6.0.1]
	at org.springframework.security.web.FilterChainProxy$VirtualFilterChain.doFilter(FilterChainProxy.java:374) ~[spring-security-web-6.0.1.jar:6.0.1]
	at org.springframework.security.web.authentication.AnonymousAuthenticationFilter.doFilter(AnonymousAuthenticationFilter.java:100) ~[spring-security-web-6.0.1.jar:6.0.1]
	at org.springframework.security.web.FilterChainProxy$VirtualFilterChain.doFilter(FilterChainProxy.java:374) ~[spring-security-web-6.0.1.jar:6.0.1]
	at org.springframework.security.web.servletapi.SecurityContextHolderAwareRequestFilter.doFilter(SecurityContextHolderAwareRequestFilter.java:179) ~[spring-security-web-6.0.1.jar:6.0.1]
	at org.springframework.security.web.FilterChainProxy$VirtualFilterChain.doFilter(FilterChainProxy.java:374) ~[spring-security-web-6.0.1.jar:6.0.1]
	at org.springframework.security.web.savedrequest.RequestCacheAwareFilter.doFilter(RequestCacheAwareFilter.java:63) ~[spring-security-web-6.0.1.jar:6.0.1]
	at org.springframework.security.web.FilterChainProxy$VirtualFilterChain.doFilter(FilterChainProxy.java:374) ~[spring-security-web-6.0.1.jar:6.0.1]
	at org.springframework.security.web.authentication.www.BasicAuthenticationFilter.doFilterInternal(BasicAuthenticationFilter.java:170) ~[spring-security-web-6.0.1.jar:6.0.1]
	at org.springframework.web.filter.OncePerRequestFilter.doFilter(OncePerRequestFilter.java:116) ~[spring-web-6.0.3.jar:6.0.3]
	at org.springframework.security.web.FilterChainProxy$VirtualFilterChain.doFilter(FilterChainProxy.java:374) ~[spring-security-web-6.0.1.jar:6.0.1]
	at com.examly.springapp.config.JwtAuthenticationFilter.doFilterInternal(JwtAuthenticationFilter.java:58) ~[classes/:?]
	at org.springframework.web.filter.OncePerRequestFilter.doFilter(OncePerRequestFilter.java:116) ~[spring-web-6.0.3.jar:6.0.3]
	at org.springframework.security.web.FilterChainProxy$VirtualFilterChain.doFilter(FilterChainProxy.java:374) ~[spring-security-web-6.0.1.jar:6.0.1]
	at org.springframework.security.web.authentication.logout.LogoutFilter.doFilter(LogoutFilter.java:107) ~[spring-security-web-6.0.1.jar:6.0.1]
	at org.springframework.security.web.authentication.logout.LogoutFilter.doFilter(LogoutFilter.java:93) ~[spring-security-web-6.0.1.jar:6.0.1]
	at org.springframework.security.web.FilterChainProxy$VirtualFilterChain.doFilter(FilterChainProxy.java:374) ~[spring-security-web-6.0.1.jar:6.0.1]
	at org.springframework.web.filter.CorsFilter.doFilterInternal(CorsFilter.java:91) ~[spring-web-6.0.3.jar:6.0.3]
	at org.springframework.web.filter.OncePerRequestFilter.doFilter(OncePerRequestFilter.java:116) ~[spring-web-6.0.3.jar:6.0.3]
	at org.springframework.security.web.FilterChainProxy$VirtualFilterChain.doFilter(FilterChainProxy.java:374) ~[spring-security-web-6.0.1.jar:6.0.1]
	at org.springframework.security.web.header.HeaderWriterFilter.doHeadersAfter(HeaderWriterFilter.java:90) ~[spring-security-web-6.0.1.jar:6.0.1]
	at org.springframework.security.web.header.HeaderWriterFilter.doFilterInternal(HeaderWriterFilter.java:75) ~[spring-security-web-6.0.1.jar:6.0.1]
	at org.springframework.web.filter.OncePerRequestFilter.doFilter(OncePerRequestFilter.java:116) ~[spring-web-6.0.3.jar:6.0.3]
	at org.springframework.security.web.FilterChainProxy$VirtualFilterChain.doFilter(FilterChainProxy.java:374) ~[spring-security-web-6.0.1.jar:6.0.1]
	at org.springframework.security.web.context.SecurityContextHolderFilter.doFilter(SecurityContextHolderFilter.java:82) ~[spring-security-web-6.0.1.jar:6.0.1]
	at org.springframework.security.web.context.SecurityContextHolderFilter.doFilter(SecurityContextHolderFilter.java:69) ~[spring-security-web-6.0.1.jar:6.0.1]
	at org.springframework.security.web.FilterChainProxy$VirtualFilterChain.doFilter(FilterChainProxy.java:374) ~[spring-security-web-6.0.1.jar:6.0.1]
	at org.springframework.security.web.context.request.async.WebAsyncManagerIntegrationFilter.doFilterInternal(WebAsyncManagerIntegrationFilter.java:62) ~[spring-security-web-6.0.1.jar:6.0.1]
	at org.springframework.web.filter.OncePerRequestFilter.doFilter(OncePerRequestFilter.java:116) ~[spring-web-6.0.3.jar:6.0.3]
	at org.springframework.security.web.FilterChainProxy$VirtualFilterChain.doFilter(FilterChainProxy.java:374) ~[spring-security-web-6.0.1.jar:6.0.1]
	at org.springframework.security.web.session.DisableEncodeUrlFilter.doFilterInternal(DisableEncodeUrlFilter.java:42) ~[spring-security-web-6.0.1.jar:6.0.1]
	at org.springframework.web.filter.OncePerRequestFilter.doFilter(OncePerRequestFilter.java:116) ~[spring-web-6.0.3.jar:6.0.3]
	at org.springframework.security.web.FilterChainProxy$VirtualFilterChain.doFilter(FilterChainProxy.java:374) ~[spring-security-web-6.0.1.jar:6.0.1]
	at org.springframework.security.web.FilterChainProxy.doFilterInternal(FilterChainProxy.java:233) ~[spring-security-web-6.0.1.jar:6.0.1]
	at org.springframework.security.web.FilterChainProxy.doFilter(FilterChainProxy.java:191) ~[spring-security-web-6.0.1.jar:6.0.1]
	at org.springframework.web.filter.DelegatingFilterProxy.invokeDelegate(DelegatingFilterProxy.java:351) ~[spring-web-6.0.3.jar:6.0.3]
	at org.springframework.web.filter.DelegatingFilterProxy.doFilter(DelegatingFilterProxy.java:267) ~[spring-web-6.0.3.jar:6.0.3]
	at org.apache.catalina.core.ApplicationFilterChain.internalDoFilter(ApplicationFilterChain.java:185) ~[tomcat-embed-core-10.1.4.jar:10.1.4]
	at org.apache.catalina.core.ApplicationFilterChain.doFilter(ApplicationFilterChain.java:158) ~[tomcat-embed-core-10.1.4.jar:10.1.4]
	at org.springframework.web.filter.RequestContextFilter.doFilterInternal(RequestContextFilter.java:100) ~[spring-web-6.0.3.jar:6.0.3]
	at org.springframework.web.filter.OncePerRequestFilter.doFilter(OncePerRequestFilter.java:116) ~[spring-web-6.0.3.jar:6.0.3]
	at org.apache.catalina.core.ApplicationFilterChain.internalDoFilter(ApplicationFilterChain.java:185) ~[tomcat-embed-core-10.1.4.jar:10.1.4]
	at org.apache.catalina.core.ApplicationFilterChain.doFilter(ApplicationFilterChain.java:158) ~[tomcat-embed-core-10.1.4.jar:10.1.4]
	at org.springframework.web.filter.FormContentFilter.doFilterInternal(FormContentFilter.java:93) ~[spring-web-6.0.3.jar:6.0.3]
	at org.springframework.web.filter.OncePerRequestFilter.doFilter(OncePerRequestFilter.java:116) ~[spring-web-6.0.3.jar:6.0.3]
	at org.apache.catalina.core.ApplicationFilterChain.internalDoFilter(ApplicationFilterChain.java:185) ~[tomcat-embed-core-10.1.4.jar:10.1.4]
	at org.apache.catalina.core.ApplicationFilterChain.doFilter(ApplicationFilterChain.java:158) ~[tomcat-embed-core-10.1.4.jar:10.1.4]
	at org.springframework.web.filter.CharacterEncodingFilter.doFilterInternal(CharacterEncodingFilter.java:201) ~[spring-web-6.0.3.jar:6.0.3]
	at org.springframework.web.filter.OncePerRequestFilter.doFilter(OncePerRequestFilter.java:116) ~[spring-web-6.0.3.jar:6.0.3]
	at org.apache.catalina.core.ApplicationFilterChain.internalDoFilter(ApplicationFilterChain.java:185) ~[tomcat-embed-core-10.1.4.jar:10.1.4]
	at org.apache.catalina.core.ApplicationFilterChain.doFilter(ApplicationFilterChain.java:158) ~[tomcat-embed-core-10.1.4.jar:10.1.4]
	at org.apache.catalina.core.StandardWrapperValve.invoke(StandardWrapperValve.java:177) ~[tomcat-embed-core-10.1.4.jar:10.1.4]
	at org.apache.catalina.core.StandardContextValve.invoke(StandardContextValve.java:97) ~[tomcat-embed-core-10.1.4.jar:10.1.4]
	at org.apache.catalina.authenticator.AuthenticatorBase.invoke(AuthenticatorBase.java:542) ~[tomcat-embed-core-10.1.4.jar:10.1.4]
	at org.apache.catalina.core.StandardHostValve.invoke(StandardHostValve.java:119) ~[tomcat-embed-core-10.1.4.jar:10.1.4]
	at org.apache.catalina.valves.ErrorReportValve.invoke(ErrorReportValve.java:92) ~[tomcat-embed-core-10.1.4.jar:10.1.4]
	at org.apache.catalina.core.StandardEngineValve.invoke(StandardEngineValve.java:78) ~[tomcat-embed-core-10.1.4.jar:10.1.4]
	at org.apache.catalina.valves.RemoteIpValve.invoke(RemoteIpValve.java:741) ~[tomcat-embed-core-10.1.4.jar:10.1.4]
	at org.apache.catalina.connector.CoyoteAdapter.service(CoyoteAdapter.java:357) ~[tomcat-embed-core-10.1.4.jar:10.1.4]
	at org.apache.coyote.http11.Http11Processor.service(Http11Processor.java:400) ~[tomcat-embed-core-10.1.4.jar:10.1.4]
	at org.apache.coyote.AbstractProcessorLight.process(AbstractProcessorLight.java:65) ~[tomcat-embed-core-10.1.4.jar:10.1.4]
	at org.apache.coyote.AbstractProtocol$ConnectionHandler.process(AbstractProtocol.java:859) ~[tomcat-embed-core-10.1.4.jar:10.1.4]
	at org.apache.tomcat.util.net.NioEndpoint$SocketProcessor.doRun(NioEndpoint.java:1734) ~[tomcat-embed-core-10.1.4.jar:10.1.4]
	at org.apache.tomcat.util.net.SocketProcessorBase.run(SocketProcessorBase.java:52) ~[tomcat-embed-core-10.1.4.jar:10.1.4]
	at org.apache.tomcat.util.threads.ThreadPoolExecutor.runWorker(ThreadPoolExecutor.java:1191) ~[tomcat-embed-core-10.1.4.jar:10.1.4]
	at org.apache.tomcat.util.threads.ThreadPoolExecutor$Worker.run(ThreadPoolExecutor.java:659) ~[tomcat-embed-core-10.1.4.jar:10.1.4]
	at org.apache.tomcat.util.threads.TaskThread$WrappingRunnable.run(TaskThread.java:61) ~[tomcat-embed-core-10.1.4.jar:10.1.4]
	at java.lang.Thread.run(Thread.java:840) ~[?:?]
2025-11-06 07:41:11 DEBUG SQL - 
    select
        u1_0.user_id,
        u1_0.email,
        u1_0.mobile_number,
        u1_0.password,
        u1_0.user_role,
        u1_0.username 
    from
        user u1_0 
    where
        u1_0.username=?
2025-11-06 07:41:11 ERROR [dispatcherServlet] - Servlet.service() for servlet [dispatcherServlet] in context with path [] threw exception [Request processing failed: java.lang.RuntimeException: Invalid username or password] with root cause
java.lang.RuntimeException: Invalid username or password
	at com.examly.springapp.service.UserServiceImpl.loginUser(UserServiceImpl.java:71) ~[classes/:?]
	at com.examly.springapp.controller.UserController.loginUser(UserController.java:51) ~[classes/:?]
	at jdk.internal.reflect.GeneratedMethodAccessor51.invoke(Unknown Source) ~[?:?]
	at jdk.internal.reflect.DelegatingMethodAccessorImpl.invoke(DelegatingMethodAccessorImpl.java:43) ~[?:?]
	at java.lang.reflect.Method.invoke(Method.java:569) ~[?:?]
	at org.springframework.aop.support.AopUtils.invokeJoinpointUsingReflection(AopUtils.java:343) ~[spring-aop-6.0.3.jar:6.0.3]
	at org.springframework.aop.framework.CglibAopProxy$DynamicAdvisedInterceptor.intercept(CglibAopProxy.java:699) ~[spring-aop-6.0.3.jar:6.0.3]
	at com.examly.springapp.controller.UserController$$SpringCGLIB$$0.loginUser(<generated>) ~[classes/:?]
	at jdk.internal.reflect.GeneratedMethodAccessor51.invoke(Unknown Source) ~[?:?]
	at jdk.internal.reflect.DelegatingMethodAccessorImpl.invoke(DelegatingMethodAccessorImpl.java:43) ~[?:?]
	at java.lang.reflect.Method.invoke(Method.java:569) ~[?:?]
	at org.springframework.web.method.support.InvocableHandlerMethod.doInvoke(InvocableHandlerMethod.java:207) ~[spring-web-6.0.3.jar:6.0.3]
	at org.springframework.web.method.support.InvocableHandlerMethod.invokeForRequest(InvocableHandlerMethod.java:152) ~[spring-web-6.0.3.jar:6.0.3]
	at org.springframework.web.servlet.mvc.method.annotation.ServletInvocableHandlerMethod.invokeAndHandle(ServletInvocableHandlerMethod.java:117) ~[spring-webmvc-6.0.3.jar:6.0.3]
	at org.springframework.web.servlet.mvc.method.annotation.RequestMappingHandlerAdapter.invokeHandlerMethod(RequestMappingHandlerAdapter.java:884) ~[spring-webmvc-6.0.3.jar:6.0.3]
	at org.springframework.web.servlet.mvc.method.annotation.RequestMappingHandlerAdapter.handleInternal(RequestMappingHandlerAdapter.java:797) ~[spring-webmvc-6.0.3.jar:6.0.3]
	at org.springframework.web.servlet.mvc.method.AbstractHandlerMethodAdapter.handle(AbstractHandlerMethodAdapter.java:87) ~[spring-webmvc-6.0.3.jar:6.0.3]
	at org.springframework.web.servlet.DispatcherServlet.doDispatch(DispatcherServlet.java:1080) ~[spring-webmvc-6.0.3.jar:6.0.3]
	at org.springframework.web.servlet.DispatcherServlet.doService(DispatcherServlet.java:973) ~[spring-webmvc-6.0.3.jar:6.0.3]
	at org.springframework.web.servlet.FrameworkServlet.processRequest(FrameworkServlet.java:1010) ~[spring-webmvc-6.0.3.jar:6.0.3]
	at org.springframework.web.servlet.FrameworkServlet.doPost(FrameworkServlet.java:913) ~[spring-webmvc-6.0.3.jar:6.0.3]
	at jakarta.servlet.http.HttpServlet.service(HttpServlet.java:731) ~[tomcat-embed-core-10.1.4.jar:6.0]
	at org.springframework.web.servlet.FrameworkServlet.service(FrameworkServlet.java:884) ~[spring-webmvc-6.0.3.jar:6.0.3]
	at jakarta.servlet.http.HttpServlet.service(HttpServlet.java:814) ~[tomcat-embed-core-10.1.4.jar:6.0]
	at org.apache.catalina.core.ApplicationFilterChain.internalDoFilter(ApplicationFilterChain.java:223) ~[tomcat-embed-core-10.1.4.jar:10.1.4]
	at org.apache.catalina.core.ApplicationFilterChain.doFilter(ApplicationFilterChain.java:158) ~[tomcat-embed-core-10.1.4.jar:10.1.4]
	at org.apache.tomcat.websocket.server.WsFilter.doFilter(WsFilter.java:53) ~[tomcat-embed-websocket-10.1.4.jar:10.1.4]
	at org.apache.catalina.core.ApplicationFilterChain.internalDoFilter(ApplicationFilterChain.java:185) ~[tomcat-embed-core-10.1.4.jar:10.1.4]
	at org.apache.catalina.core.ApplicationFilterChain.doFilter(ApplicationFilterChain.java:158) ~[tomcat-embed-core-10.1.4.jar:10.1.4]
	at org.springframework.web.filter.OncePerRequestFilter.doFilter(OncePerRequestFilter.java:110) ~[spring-web-6.0.3.jar:6.0.3]
	at org.apache.catalina.core.ApplicationFilterChain.internalDoFilter(ApplicationFilterChain.java:185) ~[tomcat-embed-core-10.1.4.jar:10.1.4]
	at org.apache.catalina.core.ApplicationFilterChain.doFilter(ApplicationFilterChain.java:158) ~[tomcat-embed-core-10.1.4.jar:10.1.4]
	at org.springframework.security.web.FilterChainProxy.lambda$doFilterInternal$3(FilterChainProxy.java:231) ~[spring-security-web-6.0.1.jar:6.0.1]
	at org.springframework.security.web.FilterChainProxy$VirtualFilterChain.doFilter(FilterChainProxy.java:365) ~[spring-security-web-6.0.1.jar:6.0.1]
	at org.springframework.security.web.access.intercept.AuthorizationFilter.doFilter(AuthorizationFilter.java:100) ~[spring-security-web-6.0.1.jar:6.0.1]
	at org.springframework.security.web.FilterChainProxy$VirtualFilterChain.doFilter(FilterChainProxy.java:374) ~[spring-security-web-6.0.1.jar:6.0.1]
	at org.springframework.security.web.access.ExceptionTranslationFilter.doFilter(ExceptionTranslationFilter.java:126) ~[spring-security-web-6.0.1.jar:6.0.1]
	at org.springframework.security.web.access.ExceptionTranslationFilter.doFilter(ExceptionTranslationFilter.java:120) ~[spring-security-web-6.0.1.jar:6.0.1]
	at org.springframework.security.web.FilterChainProxy$VirtualFilterChain.doFilter(FilterChainProxy.java:374) ~[spring-security-web-6.0.1.jar:6.0.1]
	at org.springframework.security.web.session.SessionManagementFilter.doFilter(SessionManagementFilter.java:131) ~[spring-security-web-6.0.1.jar:6.0.1]
	at org.springframework.security.web.session.SessionManagementFilter.doFilter(SessionManagementFilter.java:85) ~[spring-security-web-6.0.1.jar:6.0.1]
	at org.springframework.security.web.FilterChainProxy$VirtualFilterChain.doFilter(FilterChainProxy.java:374) ~[spring-security-web-6.0.1.jar:6.0.1]
	at org.springframework.security.web.authentication.AnonymousAuthenticationFilter.doFilter(AnonymousAuthenticationFilter.java:100) ~[spring-security-web-6.0.1.jar:6.0.1]
	at org.springframework.security.web.FilterChainProxy$VirtualFilterChain.doFilter(FilterChainProxy.java:374) ~[spring-security-web-6.0.1.jar:6.0.1]
	at org.springframework.security.web.servletapi.SecurityContextHolderAwareRequestFilter.doFilter(SecurityContextHolderAwareRequestFilter.java:179) ~[spring-security-web-6.0.1.jar:6.0.1]
	at org.springframework.security.web.FilterChainProxy$VirtualFilterChain.doFilter(FilterChainProxy.java:374) ~[spring-security-web-6.0.1.jar:6.0.1]
	at org.springframework.security.web.savedrequest.RequestCacheAwareFilter.doFilter(RequestCacheAwareFilter.java:63) ~[spring-security-web-6.0.1.jar:6.0.1]
	at org.springframework.security.web.FilterChainProxy$VirtualFilterChain.doFilter(FilterChainProxy.java:374) ~[spring-security-web-6.0.1.jar:6.0.1]
	at org.springframework.security.web.authentication.www.BasicAuthenticationFilter.doFilterInternal(BasicAuthenticationFilter.java:170) ~[spring-security-web-6.0.1.jar:6.0.1]
	at org.springframework.web.filter.OncePerRequestFilter.doFilter(OncePerRequestFilter.java:116) ~[spring-web-6.0.3.jar:6.0.3]
	at org.springframework.security.web.FilterChainProxy$VirtualFilterChain.doFilter(FilterChainProxy.java:374) ~[spring-security-web-6.0.1.jar:6.0.1]
	at com.examly.springapp.config.JwtAuthenticationFilter.doFilterInternal(JwtAuthenticationFilter.java:58) ~[classes/:?]
	at org.springframework.web.filter.OncePerRequestFilter.doFilter(OncePerRequestFilter.java:116) ~[spring-web-6.0.3.jar:6.0.3]
	at org.springframework.security.web.FilterChainProxy$VirtualFilterChain.doFilter(FilterChainProxy.java:374) ~[spring-security-web-6.0.1.jar:6.0.1]
	at org.springframework.security.web.authentication.logout.LogoutFilter.doFilter(LogoutFilter.java:107) ~[spring-security-web-6.0.1.jar:6.0.1]
	at org.springframework.security.web.authentication.logout.LogoutFilter.doFilter(LogoutFilter.java:93) ~[spring-security-web-6.0.1.jar:6.0.1]
	at org.springframework.security.web.FilterChainProxy$VirtualFilterChain.doFilter(FilterChainProxy.java:374) ~[spring-security-web-6.0.1.jar:6.0.1]
	at org.springframework.web.filter.CorsFilter.doFilterInternal(CorsFilter.java:91) ~[spring-web-6.0.3.jar:6.0.3]
	at org.springframework.web.filter.OncePerRequestFilter.doFilter(OncePerRequestFilter.java:116) ~[spring-web-6.0.3.jar:6.0.3]
	at org.springframework.security.web.FilterChainProxy$VirtualFilterChain.doFilter(FilterChainProxy.java:374) ~[spring-security-web-6.0.1.jar:6.0.1]
	at org.springframework.security.web.header.HeaderWriterFilter.doHeadersAfter(HeaderWriterFilter.java:90) ~[spring-security-web-6.0.1.jar:6.0.1]
	at org.springframework.security.web.header.HeaderWriterFilter.doFilterInternal(HeaderWriterFilter.java:75) ~[spring-security-web-6.0.1.jar:6.0.1]
	at org.springframework.web.filter.OncePerRequestFilter.doFilter(OncePerRequestFilter.java:116) ~[spring-web-6.0.3.jar:6.0.3]
	at org.springframework.security.web.FilterChainProxy$VirtualFilterChain.doFilter(FilterChainProxy.java:374) ~[spring-security-web-6.0.1.jar:6.0.1]
	at org.springframework.security.web.context.SecurityContextHolderFilter.doFilter(SecurityContextHolderFilter.java:82) ~[spring-security-web-6.0.1.jar:6.0.1]
	at org.springframework.security.web.context.SecurityContextHolderFilter.doFilter(SecurityContextHolderFilter.java:69) ~[spring-security-web-6.0.1.jar:6.0.1]
	at org.springframework.security.web.FilterChainProxy$VirtualFilterChain.doFilter(FilterChainProxy.java:374) ~[spring-security-web-6.0.1.jar:6.0.1]
	at org.springframework.security.web.context.request.async.WebAsyncManagerIntegrationFilter.doFilterInternal(WebAsyncManagerIntegrationFilter.java:62) ~[spring-security-web-6.0.1.jar:6.0.1]
	at org.springframework.web.filter.OncePerRequestFilter.doFilter(OncePerRequestFilter.java:116) ~[spring-web-6.0.3.jar:6.0.3]
	at org.springframework.security.web.FilterChainProxy$VirtualFilterChain.doFilter(FilterChainProxy.java:374) ~[spring-security-web-6.0.1.jar:6.0.1]
	at org.springframework.security.web.session.DisableEncodeUrlFilter.doFilterInternal(DisableEncodeUrlFilter.java:42) ~[spring-security-web-6.0.1.jar:6.0.1]
	at org.springframework.web.filter.OncePerRequestFilter.doFilter(OncePerRequestFilter.java:116) ~[spring-web-6.0.3.jar:6.0.3]
	at org.springframework.security.web.FilterChainProxy$VirtualFilterChain.doFilter(FilterChainProxy.java:374) ~[spring-security-web-6.0.1.jar:6.0.1]
	at org.springframework.security.web.FilterChainProxy.doFilterInternal(FilterChainProxy.java:233) ~[spring-security-web-6.0.1.jar:6.0.1]
	at org.springframework.security.web.FilterChainProxy.doFilter(FilterChainProxy.java:191) ~[spring-security-web-6.0.1.jar:6.0.1]
	at org.springframework.web.filter.DelegatingFilterProxy.invokeDelegate(DelegatingFilterProxy.java:351) ~[spring-web-6.0.3.jar:6.0.3]
	at org.springframework.web.filter.DelegatingFilterProxy.doFilter(DelegatingFilterProxy.java:267) ~[spring-web-6.0.3.jar:6.0.3]
	at org.apache.catalina.core.ApplicationFilterChain.internalDoFilter(ApplicationFilterChain.java:185) ~[tomcat-embed-core-10.1.4.jar:10.1.4]
	at org.apache.catalina.core.ApplicationFilterChain.doFilter(ApplicationFilterChain.java:158) ~[tomcat-embed-core-10.1.4.jar:10.1.4]
	at org.springframework.web.filter.RequestContextFilter.doFilterInternal(RequestContextFilter.java:100) ~[spring-web-6.0.3.jar:6.0.3]
	at org.springframework.web.filter.OncePerRequestFilter.doFilter(OncePerRequestFilter.java:116) ~[spring-web-6.0.3.jar:6.0.3]
	at org.apache.catalina.core.ApplicationFilterChain.internalDoFilter(ApplicationFilterChain.java:185) ~[tomcat-embed-core-10.1.4.jar:10.1.4]
	at org.apache.catalina.core.ApplicationFilterChain.doFilter(ApplicationFilterChain.java:158) ~[tomcat-embed-core-10.1.4.jar:10.1.4]
	at org.springframework.web.filter.FormContentFilter.doFilterInternal(FormContentFilter.java:93) ~[spring-web-6.0.3.jar:6.0.3]
	at org.springframework.web.filter.OncePerRequestFilter.doFilter(OncePerRequestFilter.java:116) ~[spring-web-6.0.3.jar:6.0.3]
	at org.apache.catalina.core.ApplicationFilterChain.internalDoFilter(ApplicationFilterChain.java:185) ~[tomcat-embed-core-10.1.4.jar:10.1.4]
	at org.apache.catalina.core.ApplicationFilterChain.doFilter(ApplicationFilterChain.java:158) ~[tomcat-embed-core-10.1.4.jar:10.1.4]
	at org.springframework.web.filter.CharacterEncodingFilter.doFilterInternal(CharacterEncodingFilter.java:201) ~[spring-web-6.0.3.jar:6.0.3]
	at org.springframework.web.filter.OncePerRequestFilter.doFilter(OncePerRequestFilter.java:116) ~[spring-web-6.0.3.jar:6.0.3]
	at org.apache.catalina.core.ApplicationFilterChain.internalDoFilter(ApplicationFilterChain.java:185) ~[tomcat-embed-core-10.1.4.jar:10.1.4]
	at org.apache.catalina.core.ApplicationFilterChain.doFilter(ApplicationFilterChain.java:158) ~[tomcat-embed-core-10.1.4.jar:10.1.4]
	at org.apache.catalina.core.StandardWrapperValve.invoke(StandardWrapperValve.java:177) ~[tomcat-embed-core-10.1.4.jar:10.1.4]
	at org.apache.catalina.core.StandardContextValve.invoke(StandardContextValve.java:97) ~[tomcat-embed-core-10.1.4.jar:10.1.4]
	at org.apache.catalina.authenticator.AuthenticatorBase.invoke(AuthenticatorBase.java:542) ~[tomcat-embed-core-10.1.4.jar:10.1.4]
	at org.apache.catalina.core.StandardHostValve.invoke(StandardHostValve.java:119) ~[tomcat-embed-core-10.1.4.jar:10.1.4]
	at org.apache.catalina.valves.ErrorReportValve.invoke(ErrorReportValve.java:92) ~[tomcat-embed-core-10.1.4.jar:10.1.4]
	at org.apache.catalina.core.StandardEngineValve.invoke(StandardEngineValve.java:78) ~[tomcat-embed-core-10.1.4.jar:10.1.4]
	at org.apache.catalina.valves.RemoteIpValve.invoke(RemoteIpValve.java:741) ~[tomcat-embed-core-10.1.4.jar:10.1.4]
	at org.apache.catalina.connector.CoyoteAdapter.service(CoyoteAdapter.java:357) ~[tomcat-embed-core-10.1.4.jar:10.1.4]
	at org.apache.coyote.http11.Http11Processor.service(Http11Processor.java:400) ~[tomcat-embed-core-10.1.4.jar:10.1.4]
	at org.apache.coyote.AbstractProcessorLight.process(AbstractProcessorLight.java:65) ~[tomcat-embed-core-10.1.4.jar:10.1.4]
	at org.apache.coyote.AbstractProtocol$ConnectionHandler.process(AbstractProtocol.java:859) ~[tomcat-embed-core-10.1.4.jar:10.1.4]
	at org.apache.tomcat.util.net.NioEndpoint$SocketProcessor.doRun(NioEndpoint.java:1734) ~[tomcat-embed-core-10.1.4.jar:10.1.4]
	at org.apache.tomcat.util.net.SocketProcessorBase.run(SocketProcessorBase.java:52) ~[tomcat-embed-core-10.1.4.jar:10.1.4]
	at org.apache.tomcat.util.threads.ThreadPoolExecutor.runWorker(ThreadPoolExecutor.java:1191) ~[tomcat-embed-core-10.1.4.jar:10.1.4]
	at org.apache.tomcat.util.threads.ThreadPoolExecutor$Worker.run(ThreadPoolExecutor.java:659) ~[tomcat-embed-core-10.1.4.jar:10.1.4]
	at org.apache.tomcat.util.threads.TaskThread$WrappingRunnable.run(TaskThread.java:61) ~[tomcat-embed-core-10.1.4.jar:10.1.4]
	at java.lang.Thread.run(Thread.java:840) ~[?:?]
2025-11-06 07:41:44 DEBUG SQL - 
    select
        u1_0.user_id,
        u1_0.email,
        u1_0.mobile_number,
        u1_0.password,
        u1_0.user_role,
        u1_0.username 
    from
        user u1_0 
    where
        u1_0.username=?
2025-11-06 07:41:44 DEBUG SQL - 
    insert 
    into
        user
        (email, mobile_number, password, user_role, username, user_id) 
    values
        (?, ?, ?, ?, ?, ?)
2025-11-06 07:41:55 DEBUG SQL - 
    select
        u1_0.user_id,
        u1_0.email,
        u1_0.mobile_number,
        u1_0.password,
        u1_0.user_role,
        u1_0.username 
    from
        user u1_0 
    where
        u1_0.username=?
2025-11-06 07:41:55 DEBUG SQL - 
    select
        o1_0.order_id,
        o1_0.created_at,
        o1_0.quantity,
        o1_0.shipping_address,
        o1_0.status,
        o1_0.total_amount,
        o1_0.updated_at,
        o1_0.user_id 
    from
        orders o1_0
2025-11-06 07:41:55 DEBUG SQL - 
    select
        u1_0.user_id,
        u1_0.email,
        u1_0.mobile_number,
        u1_0.password,
        u1_0.user_role,
        u1_0.username 
    from
        user u1_0 
    where
        u1_0.user_id=?
2025-11-06 07:41:55 DEBUG SQL - 
    select
        u1_0.user_id,
        u1_0.email,
        u1_0.mobile_number,
        u1_0.password,
        u1_0.user_role,
        u1_0.username 
    from
        user u1_0 
    where
        u1_0.user_id=?
2025-11-06 07:41:55 DEBUG SQL - 
    select
        u1_0.user_id,
        u1_0.email,
        u1_0.mobile_number,
        u1_0.password,
        u1_0.user_role,
        u1_0.username 
    from
        user u1_0 
    where
        u1_0.user_id=?
2025-11-06 07:41:55 DEBUG SQL - 
    select
        u1_0.user_id,
        u1_0.email,
        u1_0.mobile_number,
        u1_0.password,
        u1_0.user_role,
        u1_0.username 
    from
        user u1_0 
    where
        u1_0.user_id=?
2025-11-06 07:41:55 DEBUG SQL - 
    select
        p1_0.order_id,
        p1_1.product_id,
        p1_1.category,
        p1_1.created_at,
        p1_1.description,
        p1_1.name,
        p1_1.photo_image,
        p1_1.price,
        p1_1.stock,
        p1_1.updated_at,
        u1_0.user_id,
        u1_0.email,
        u1_0.mobile_number,
        u1_0.password,
        u1_0.user_role,
        u1_0.username 
    from
        order_products p1_0 
    join
        product p1_1 
            on p1_1.product_id=p1_0.product_id 
    left join
        user u1_0 
            on u1_0.user_id=p1_1.user_id 
    where
        p1_0.order_id=?
2025-11-06 07:41:55 DEBUG SQL - 
    select
        p1_0.order_id,
        p1_1.product_id,
        p1_1.category,
        p1_1.created_at,
        p1_1.description,
        p1_1.name,
        p1_1.photo_image,
        p1_1.price,
        p1_1.stock,
        p1_1.updated_at,
        u1_0.user_id,
        u1_0.email,
        u1_0.mobile_number,
        u1_0.password,
        u1_0.user_role,
        u1_0.username 
    from
        order_products p1_0 
    join
        product p1_1 
            on p1_1.product_id=p1_0.product_id 
    left join
        user u1_0 
            on u1_0.user_id=p1_1.user_id 
    where
        p1_0.order_id=?
2025-11-06 07:41:55 DEBUG SQL - 
    select
        p1_0.order_id,
        p1_1.product_id,
        p1_1.category,
        p1_1.created_at,
        p1_1.description,
        p1_1.name,
        p1_1.photo_image,
        p1_1.price,
        p1_1.stock,
        p1_1.updated_at,
        u1_0.user_id,
        u1_0.email,
        u1_0.mobile_number,
        u1_0.password,
        u1_0.user_role,
        u1_0.username 
    from
        order_products p1_0 
    join
        product p1_1 
            on p1_1.product_id=p1_0.product_id 
    left join
        user u1_0 
            on u1_0.user_id=p1_1.user_id 
    where
        p1_0.order_id=?
2025-11-06 07:41:55 DEBUG SQL - 
    select
        p1_0.order_id,
        p1_1.product_id,
        p1_1.category,
        p1_1.created_at,
        p1_1.description,
        p1_1.name,
        p1_1.photo_image,
        p1_1.price,
        p1_1.stock,
        p1_1.updated_at,
        u1_0.user_id,
        u1_0.email,
        u1_0.mobile_number,
        u1_0.password,
        u1_0.user_role,
        u1_0.username 
    from
        order_products p1_0 
    join
        product p1_1 
            on p1_1.product_id=p1_0.product_id 
    left join
        user u1_0 
            on u1_0.user_id=p1_1.user_id 
    where
        p1_0.order_id=?
2025-11-06 07:41:56 DEBUG SQL - 
    select
        u1_0.user_id,
        u1_0.email,
        u1_0.mobile_number,
        u1_0.password,
        u1_0.user_role,
        u1_0.username 
    from
        user u1_0 
    where
        u1_0.username=?
2025-11-06 07:41:56 DEBUG SQL - 
    select
        u1_0.user_id,
        u1_0.email,
        u1_0.mobile_number,
        u1_0.password,
        u1_0.user_role,
        u1_0.username 
    from
        user u1_0 
    where
        u1_0.user_id=?
2025-11-06 07:41:56 DEBUG SQL - 
    select
        o1_0.order_id,
        o1_0.created_at,
        o1_0.quantity,
        o1_0.shipping_address,
        o1_0.status,
        o1_0.total_amount,
        o1_0.updated_at,
        o1_0.user_id 
    from
        orders o1_0 
    where
        o1_0.user_id=?
2025-11-06 07:41:56 DEBUG SQL - 
    select
        p1_0.order_id,
        p1_1.product_id,
        p1_1.category,
        p1_1.created_at,
        p1_1.description,
        p1_1.name,
        p1_1.photo_image,
        p1_1.price,
        p1_1.stock,
        p1_1.updated_at,
        u1_0.user_id,
        u1_0.email,
        u1_0.mobile_number,
        u1_0.password,
        u1_0.user_role,
        u1_0.username 
    from
        order_products p1_0 
    join
        product p1_1 
            on p1_1.product_id=p1_0.product_id 
    left join
        user u1_0 
            on u1_0.user_id=p1_1.user_id 
    where
        p1_0.order_id=?
2025-11-06 07:41:56 DEBUG SQL - 
    select
        u1_0.user_id,
        u1_0.email,
        u1_0.mobile_number,
        u1_0.password,
        u1_0.user_role,
        u1_0.username 
    from
        user u1_0 
    where
        u1_0.username=?
2025-11-06 07:41:56 DEBUG SQL - 
    select
        p1_0.product_id,
        p1_0.category,
        p1_0.created_at,
        p1_0.description,
        p1_0.name,
        p1_0.photo_image,
        p1_0.price,
        p1_0.stock,
        p1_0.updated_at,
        u1_0.user_id,
        u1_0.email,
        u1_0.mobile_number,
        u1_0.password,
        u1_0.user_role,
        u1_0.username 
    from
        product p1_0 
    left join
        user u1_0 
            on u1_0.user_id=p1_0.user_id 
    where
        p1_0.product_id=?
2025-11-06 07:42:15 DEBUG SQL - 
    select
        u1_0.user_id,
        u1_0.email,
        u1_0.mobile_number,
        u1_0.password,
        u1_0.user_role,
        u1_0.username 
    from
        user u1_0 
    where
        u1_0.username=?
2025-11-06 07:42:15 DEBUG SQL - 
    select
        u1_0.user_id,
        u1_0.email,
        u1_0.mobile_number,
        u1_0.password,
        u1_0.user_role,
        u1_0.username 
    from
        user u1_0 
    where
        u1_0.username=?
2025-11-06 07:42:21 DEBUG SQL - 
    select
        u1_0.user_id,
        u1_0.email,
        u1_0.mobile_number,
        u1_0.password,
        u1_0.user_role,
        u1_0.username 
    from
        user u1_0 
    where
        u1_0.username=?
2025-11-06 07:42:21 DEBUG SQL - 
    select
        p1_0.product_id,
        p1_0.category,
        p1_0.created_at,
        p1_0.description,
        p1_0.name,
        p1_0.photo_image,
        p1_0.price,
        p1_0.stock,
        p1_0.updated_at,
        p1_0.user_id 
    from
        product p1_0
2025-11-06 07:42:21 DEBUG SQL - 
    select
        u1_0.user_id,
        u1_0.email,
        u1_0.mobile_number,
        u1_0.password,
        u1_0.user_role,
        u1_0.username 
    from
        user u1_0 
    where
        u1_0.user_id=?
2025-11-06 07:42:21 DEBUG SQL - 
    select
        u1_0.user_id,
        u1_0.email,
        u1_0.mobile_number,
        u1_0.password,
        u1_0.user_role,
        u1_0.username 
    from
        user u1_0 
    where
        u1_0.user_id=?
2025-11-06 07:42:26 DEBUG SQL - 
    select
        u1_0.user_id,
        u1_0.email,
        u1_0.mobile_number,
        u1_0.password,
        u1_0.user_role,
        u1_0.username 
    from
        user u1_0 
    where
        u1_0.username=?
2025-11-06 07:42:26 DEBUG SQL - 
    select
        u1_0.user_id,
        u1_0.email,
        u1_0.mobile_number,
        u1_0.password,
        u1_0.user_role,
        u1_0.username 
    from
        user u1_0
2025-11-06 07:42:26 DEBUG SQL - 
    select
        u1_0.user_id,
        u1_0.email,
        u1_0.mobile_number,
        u1_0.password,
        u1_0.user_role,
        u1_0.username 
    from
        user u1_0 
    where
        u1_0.username=?
2025-11-06 07:42:26 DEBUG SQL - 
    select
        f1_0.feedback_id,
        f1_0.message,
        f1_0.rating,
        f1_0.user_id 
    from
        feedback f1_0
2025-11-06 07:42:26 DEBUG SQL - 
    select
        u1_0.user_id,
        u1_0.email,
        u1_0.mobile_number,
        u1_0.password,
        u1_0.user_role,
        u1_0.username 
    from
        user u1_0 
    where
        u1_0.user_id=?
2025-11-06 07:42:26 DEBUG SQL - 
    select
        u1_0.user_id,
        u1_0.email,
        u1_0.mobile_number,
        u1_0.password,
        u1_0.user_role,
        u1_0.username 
    from
        user u1_0 
    where
        u1_0.user_id=?
2025-11-06 07:42:26 DEBUG SQL - 
    select
        u1_0.user_id,
        u1_0.email,
        u1_0.mobile_number,
        u1_0.password,
        u1_0.user_role,
        u1_0.username 
    from
        user u1_0 
    where
        u1_0.user_id=?
2025-11-06 07:42:29 DEBUG SQL - 
    select
        u1_0.user_id,
        u1_0.email,
        u1_0.mobile_number,
        u1_0.password,
        u1_0.user_role,
        u1_0.username 
    from
        user u1_0 
    where
        u1_0.username=?
2025-11-06 07:42:29 DEBUG SQL - 
    select
        f1_0.feedback_id,
        f1_0.message,
        f1_0.rating,
        f1_0.user_id 
    from
        feedback f1_0
2025-11-06 07:42:29 DEBUG SQL - 
    select
        u1_0.user_id,
        u1_0.email,
        u1_0.mobile_number,
        u1_0.password,
        u1_0.user_role,
        u1_0.username 
    from
        user u1_0 
    where
        u1_0.user_id=?
2025-11-06 07:42:29 DEBUG SQL - 
    select
        u1_0.user_id,
        u1_0.email,
        u1_0.mobile_number,
        u1_0.password,
        u1_0.user_role,
        u1_0.username 
    from
        user u1_0 
    where
        u1_0.user_id=?
2025-11-06 07:42:29 DEBUG SQL - 
    select
        u1_0.user_id,
        u1_0.email,
        u1_0.mobile_number,
        u1_0.password,
        u1_0.user_role,
        u1_0.username 
    from
        user u1_0 
    where
        u1_0.user_id=?
2025-11-06 07:42:36 DEBUG SQL - 
    select
        u1_0.user_id,
        u1_0.email,
        u1_0.mobile_number,
        u1_0.password,
        u1_0.user_role,
        u1_0.username 
    from
        user u1_0 
    where
        u1_0.username=?
2025-11-06 07:42:36 DEBUG SQL - 
    select
        u1_0.user_id,
        u1_0.email,
        u1_0.mobile_number,
        u1_0.password,
        u1_0.user_role,
        u1_0.username 
    from
        user u1_0 
    where
        u1_0.user_id=?
2025-11-06 07:42:39 DEBUG SQL - 
    select
        u1_0.user_id,
        u1_0.email,
        u1_0.mobile_number,
        u1_0.password,
        u1_0.user_role,
        u1_0.username 
    from
        user u1_0 
    where
        u1_0.username=?
2025-11-06 07:42:39 DEBUG SQL - 
    select
        p1_0.product_id,
        p1_0.category,
        p1_0.created_at,
        p1_0.description,
        p1_0.name,
        p1_0.photo_image,
        p1_0.price,
        p1_0.stock,
        p1_0.updated_at,
        p1_0.user_id 
    from
        product p1_0 
    where
        p1_0.user_id=?
2025-11-06 07:42:39 DEBUG SQL - 
    select
        u1_0.user_id,
        u1_0.email,
        u1_0.mobile_number,
        u1_0.password,
        u1_0.user_role,
        u1_0.username 
    from
        user u1_0 
    where
        u1_0.user_id=?
2025-11-06 07:43:13 DEBUG SQL - 
    select
        u1_0.user_id,
        u1_0.email,
        u1_0.mobile_number,
        u1_0.password,
        u1_0.user_role,
        u1_0.username 
    from
        user u1_0 
    where
        u1_0.username=?
2025-11-06 07:43:13 DEBUG SQL - 
    insert 
    into
        user
        (email, mobile_number, password, user_role, username, user_id) 
    values
        (?, ?, ?, ?, ?, ?)
2025-11-06 07:43:42 DEBUG SQL - 
    select
        u1_0.user_id,
        u1_0.email,
        u1_0.mobile_number,
        u1_0.password,
        u1_0.user_role,
        u1_0.username 
    from
        user u1_0 
    where
        u1_0.username=?
2025-11-06 07:43:42 DEBUG SQL - 
    select
        p1_0.product_id,
        p1_0.category,
        p1_0.created_at,
        p1_0.description,
        p1_0.name,
        p1_0.photo_image,
        p1_0.price,
        p1_0.stock,
        p1_0.updated_at,
        p1_0.user_id 
    from
        product p1_0
2025-11-06 07:43:42 DEBUG SQL - 
    select
        u1_0.user_id,
        u1_0.email,
        u1_0.mobile_number,
        u1_0.password,
        u1_0.user_role,
        u1_0.username 
    from
        user u1_0 
    where
        u1_0.user_id=?
2025-11-06 07:43:42 DEBUG SQL - 
    select
        u1_0.user_id,
        u1_0.email,
        u1_0.mobile_number,
        u1_0.password,
        u1_0.user_role,
        u1_0.username 
    from
        user u1_0 
    where
        u1_0.user_id=?
2025-11-06 07:43:49 DEBUG SQL - 
    select
        u1_0.user_id,
        u1_0.email,
        u1_0.mobile_number,
        u1_0.password,
        u1_0.user_role,
        u1_0.username 
    from
        user u1_0 
    where
        u1_0.username=?
2025-11-06 07:43:49 DEBUG SQL - 
    select
        f1_0.feedback_id,
        f1_0.message,
        f1_0.rating,
        f1_0.user_id 
    from
        feedback f1_0
2025-11-06 07:43:49 DEBUG SQL - 
    select
        u1_0.user_id,
        u1_0.email,
        u1_0.mobile_number,
        u1_0.password,
        u1_0.user_role,
        u1_0.username 
    from
        user u1_0 
    where
        u1_0.user_id=?
2025-11-06 07:43:49 DEBUG SQL - 
    select
        u1_0.user_id,
        u1_0.email,
        u1_0.mobile_number,
        u1_0.password,
        u1_0.user_role,
        u1_0.username 
    from
        user u1_0 
    where
        u1_0.user_id=?
2025-11-06 07:43:49 DEBUG SQL - 
    select
        u1_0.user_id,
        u1_0.email,
        u1_0.mobile_number,
        u1_0.password,
        u1_0.user_role,
        u1_0.username 
    from
        user u1_0 
    where
        u1_0.user_id=?
2025-11-06 07:44:21 DEBUG SQL - 
    select
        u1_0.user_id,
        u1_0.email,
        u1_0.mobile_number,
        u1_0.password,
        u1_0.user_role,
        u1_0.username 
    from
        user u1_0 
    where
        u1_0.username=?
2025-11-06 07:44:21 DEBUG SQL - 
    select
        u1_0.user_id,
        u1_0.email,
        u1_0.mobile_number,
        u1_0.password,
        u1_0.user_role,
        u1_0.username 
    from
        user u1_0 
    where
        u1_0.user_id=?
2025-11-06 07:44:40 DEBUG SQL - 
    select
        u1_0.user_id,
        u1_0.email,
        u1_0.mobile_number,
        u1_0.password,
        u1_0.user_role,
        u1_0.username 
    from
        user u1_0 
    where
        u1_0.username=?
2025-11-06 07:44:40 DEBUG SQL - 
    select
        u1_0.user_id,
        u1_0.email,
        u1_0.mobile_number,
        u1_0.password,
        u1_0.user_role,
        u1_0.username 
    from
        user u1_0 
    where
        u1_0.user_id=?
2025-11-06 07:44:48 DEBUG SQL - 
    select
        u1_0.user_id,
        u1_0.email,
        u1_0.mobile_number,
        u1_0.password,
        u1_0.user_role,
        u1_0.username 
    from
        user u1_0 
    where
        u1_0.username=?
2025-11-06 07:44:48 DEBUG SQL - 
    select
        u1_0.user_id,
        u1_0.email,
        u1_0.mobile_number,
        u1_0.password,
        u1_0.user_role,
        u1_0.username 
    from
        user u1_0 
    where
        u1_0.user_id=?
2025-11-06 07:44:48 DEBUG SQL - 
    select
        o1_0.order_id,
        o1_0.created_at,
        o1_0.quantity,
        o1_0.shipping_address,
        o1_0.status,
        o1_0.total_amount,
        o1_0.updated_at,
        o1_0.user_id 
    from
        orders o1_0 
    where
        o1_0.user_id=?
2025-11-06 07:44:48 DEBUG SQL - 
    select
        p1_0.order_id,
        p1_1.product_id,
        p1_1.category,
        p1_1.created_at,
        p1_1.description,
        p1_1.name,
        p1_1.photo_image,
        p1_1.price,
        p1_1.stock,
        p1_1.updated_at,
        u1_0.user_id,
        u1_0.email,
        u1_0.mobile_number,
        u1_0.password,
        u1_0.user_role,
        u1_0.username 
    from
        order_products p1_0 
    join
        product p1_1 
            on p1_1.product_id=p1_0.product_id 
    left join
        user u1_0 
            on u1_0.user_id=p1_1.user_id 
    where
        p1_0.order_id=?
2025-11-06 07:44:49 DEBUG SQL - 
    select
        u1_0.user_id,
        u1_0.email,
        u1_0.mobile_number,
        u1_0.password,
        u1_0.user_role,
        u1_0.username 
    from
        user u1_0 
    where
        u1_0.username=?
2025-11-06 07:44:49 DEBUG SQL - 
    select
        p1_0.product_id,
        p1_0.category,
        p1_0.created_at,
        p1_0.description,
        p1_0.name,
        p1_0.photo_image,
        p1_0.price,
        p1_0.stock,
        p1_0.updated_at,
        u1_0.user_id,
        u1_0.email,
        u1_0.mobile_number,
        u1_0.password,
        u1_0.user_role,
        u1_0.username 
    from
        product p1_0 
    left join
        user u1_0 
            on u1_0.user_id=p1_0.user_id 
    where
        p1_0.product_id=?
2025-11-06 07:44:51 DEBUG SQL - 
    select
        u1_0.user_id,
        u1_0.email,
        u1_0.mobile_number,
        u1_0.password,
        u1_0.user_role,
        u1_0.username 
    from
        user u1_0 
    where
        u1_0.username=?
2025-11-06 07:44:51 DEBUG SQL - 
    select
        f1_0.feedback_id,
        f1_0.message,
        f1_0.rating,
        f1_0.user_id 
    from
        feedback f1_0 
    where
        f1_0.user_id=?
2025-11-06 07:44:52 DEBUG SQL - 
    select
        u1_0.user_id,
        u1_0.email,
        u1_0.mobile_number,
        u1_0.password,
        u1_0.user_role,
        u1_0.username 
    from
        user u1_0 
    where
        u1_0.username=?
2025-11-06 07:44:52 DEBUG SQL - 
    select
        p1_0.product_id,
        p1_0.category,
        p1_0.created_at,
        p1_0.description,
        p1_0.name,
        p1_0.photo_image,
        p1_0.price,
        p1_0.stock,
        p1_0.updated_at,
        p1_0.user_id 
    from
        product p1_0 
    where
        p1_0.user_id=?
2025-11-06 07:44:52 DEBUG SQL - 
    select
        u1_0.user_id,
        u1_0.email,
        u1_0.mobile_number,
        u1_0.password,
        u1_0.user_role,
        u1_0.username 
    from
        user u1_0 
    where
        u1_0.user_id=?
2025-11-06 07:44:57 DEBUG SQL - 
    select
        u1_0.user_id,
        u1_0.email,
        u1_0.mobile_number,
        u1_0.password,
        u1_0.user_role,
        u1_0.username 
    from
        user u1_0 
    where
        u1_0.username=?
2025-11-06 07:44:57 DEBUG SQL - 
    select
        p1_0.product_id,
        p1_0.category,
        p1_0.created_at,
        p1_0.description,
        p1_0.name,
        p1_0.photo_image,
        p1_0.price,
        p1_0.stock,
        p1_0.updated_at,
        p1_0.user_id 
    from
        product p1_0
2025-11-06 07:44:57 DEBUG SQL - 
    select
        u1_0.user_id,
        u1_0.email,
        u1_0.mobile_number,
        u1_0.password,
        u1_0.user_role,
        u1_0.username 
    from
        user u1_0 
    where
        u1_0.user_id=?
2025-11-06 07:44:57 DEBUG SQL - 
    select
        u1_0.user_id,
        u1_0.email,
        u1_0.mobile_number,
        u1_0.password,
        u1_0.user_role,
        u1_0.username 
    from
        user u1_0 
    where
        u1_0.user_id=?
2025-11-06 07:46:18 DEBUG SQL - 
    select
        u1_0.user_id,
        u1_0.email,
        u1_0.mobile_number,
        u1_0.password,
        u1_0.user_role,
        u1_0.username 
    from
        user u1_0 
    where
        u1_0.username=?
2025-11-06 07:46:18 DEBUG SQL - 
    select
        o1_0.order_id,
        o1_0.created_at,
        o1_0.quantity,
        o1_0.shipping_address,
        o1_0.status,
        o1_0.total_amount,
        o1_0.updated_at,
        o1_0.user_id 
    from
        orders o1_0
2025-11-06 07:46:18 DEBUG SQL - 
    select
        u1_0.user_id,
        u1_0.email,
        u1_0.mobile_number,
        u1_0.password,
        u1_0.user_role,
        u1_0.username 
    from
        user u1_0 
    where
        u1_0.user_id=?
2025-11-06 07:46:18 DEBUG SQL - 
    select
        u1_0.user_id,
        u1_0.email,
        u1_0.mobile_number,
        u1_0.password,
        u1_0.user_role,
        u1_0.username 
    from
        user u1_0 
    where
        u1_0.user_id=?
2025-11-06 07:46:18 DEBUG SQL - 
    select
        u1_0.user_id,
        u1_0.email,
        u1_0.mobile_number,
        u1_0.password,
        u1_0.user_role,
        u1_0.username 
    from
        user u1_0 
    where
        u1_0.user_id=?
2025-11-06 07:46:18 DEBUG SQL - 
    select
        u1_0.user_id,
        u1_0.email,
        u1_0.mobile_number,
        u1_0.password,
        u1_0.user_role,
        u1_0.username 
    from
        user u1_0 
    where
        u1_0.user_id=?
2025-11-06 07:46:18 DEBUG SQL - 
    select
        p1_0.order_id,
        p1_1.product_id,
        p1_1.category,
        p1_1.created_at,
        p1_1.description,
        p1_1.name,
        p1_1.photo_image,
        p1_1.price,
        p1_1.stock,
        p1_1.updated_at,
        u1_0.user_id,
        u1_0.email,
        u1_0.mobile_number,
        u1_0.password,
        u1_0.user_role,
        u1_0.username 
    from
        order_products p1_0 
    join
        product p1_1 
            on p1_1.product_id=p1_0.product_id 
    left join
        user u1_0 
            on u1_0.user_id=p1_1.user_id 
    where
        p1_0.order_id=?
2025-11-06 07:46:18 DEBUG SQL - 
    select
        p1_0.order_id,
        p1_1.product_id,
        p1_1.category,
        p1_1.created_at,
        p1_1.description,
        p1_1.name,
        p1_1.photo_image,
        p1_1.price,
        p1_1.stock,
        p1_1.updated_at,
        u1_0.user_id,
        u1_0.email,
        u1_0.mobile_number,
        u1_0.password,
        u1_0.user_role,
        u1_0.username 
    from
        order_products p1_0 
    join
        product p1_1 
            on p1_1.product_id=p1_0.product_id 
    left join
        user u1_0 
            on u1_0.user_id=p1_1.user_id 
    where
        p1_0.order_id=?
2025-11-06 07:46:18 DEBUG SQL - 
    select
        p1_0.order_id,
        p1_1.product_id,
        p1_1.category,
        p1_1.created_at,
        p1_1.description,
        p1_1.name,
        p1_1.photo_image,
        p1_1.price,
        p1_1.stock,
        p1_1.updated_at,
        u1_0.user_id,
        u1_0.email,
        u1_0.mobile_number,
        u1_0.password,
        u1_0.user_role,
        u1_0.username 
    from
        order_products p1_0 
    join
        product p1_1 
            on p1_1.product_id=p1_0.product_id 
    left join
        user u1_0 
            on u1_0.user_id=p1_1.user_id 
    where
        p1_0.order_id=?
2025-11-06 07:46:18 DEBUG SQL - 
    select
        p1_0.order_id,
        p1_1.product_id,
        p1_1.category,
        p1_1.created_at,
        p1_1.description,
        p1_1.name,
        p1_1.photo_image,
        p1_1.price,
        p1_1.stock,
        p1_1.updated_at,
        u1_0.user_id,
        u1_0.email,
        u1_0.mobile_number,
        u1_0.password,
        u1_0.user_role,
        u1_0.username 
    from
        order_products p1_0 
    join
        product p1_1 
            on p1_1.product_id=p1_0.product_id 
    left join
        user u1_0 
            on u1_0.user_id=p1_1.user_id 
    where
        p1_0.order_id=?
2025-11-06 07:46:20 DEBUG SQL - 
    select
        u1_0.user_id,
        u1_0.email,
        u1_0.mobile_number,
        u1_0.password,
        u1_0.user_role,
        u1_0.username 
    from
        user u1_0 
    where
        u1_0.username=?
2025-11-06 07:46:20 DEBUG SQL - 
    select
        p1_0.product_id,
        p1_0.category,
        p1_0.created_at,
        p1_0.description,
        p1_0.name,
        p1_0.photo_image,
        p1_0.price,
        p1_0.stock,
        p1_0.updated_at,
        p1_0.user_id 
    from
        product p1_0
2025-11-06 07:46:20 DEBUG SQL - 
    select
        u1_0.user_id,
        u1_0.email,
        u1_0.mobile_number,
        u1_0.password,
        u1_0.user_role,
        u1_0.username 
    from
        user u1_0 
    where
        u1_0.user_id=?
2025-11-06 07:46:20 DEBUG SQL - 
    select
        u1_0.user_id,
        u1_0.email,
        u1_0.mobile_number,
        u1_0.password,
        u1_0.user_role,
        u1_0.username 
    from
        user u1_0 
    where
        u1_0.user_id=?
2025-11-06 07:46:21 DEBUG SQL - 
    select
        u1_0.user_id,
        u1_0.email,
        u1_0.mobile_number,
        u1_0.password,
        u1_0.user_role,
        u1_0.username 
    from
        user u1_0 
    where
        u1_0.username=?
2025-11-06 07:46:21 DEBUG SQL - 
    select
        u1_0.user_id,
        u1_0.email,
        u1_0.mobile_number,
        u1_0.password,
        u1_0.user_role,
        u1_0.username 
    from
        user u1_0 
    where
        u1_0.user_id=?
2025-11-06 07:48:46 DEBUG SQL - 
    select
        u1_0.user_id,
        u1_0.email,
        u1_0.mobile_number,
        u1_0.password,
        u1_0.user_role,
        u1_0.username 
    from
        user u1_0 
    where
        u1_0.username=?
2025-11-06 07:48:46 DEBUG SQL - 
    select
        u1_0.user_id,
        u1_0.email,
        u1_0.mobile_number,
        u1_0.password,
        u1_0.user_role,
        u1_0.username 
    from
        user u1_0 
    where
        u1_0.user_id=?
2025-11-06 07:48:46 DEBUG SQL - 
    select
        o1_0.order_id,
        o1_0.created_at,
        o1_0.quantity,
        o1_0.shipping_address,
        o1_0.status,
        o1_0.total_amount,
        o1_0.updated_at,
        o1_0.user_id 
    from
        orders o1_0 
    where
        o1_0.user_id=?
2025-11-06 07:48:46 DEBUG SQL - 
    select
        p1_0.order_id,
        p1_1.product_id,
        p1_1.category,
        p1_1.created_at,
        p1_1.description,
        p1_1.name,
        p1_1.photo_image,
        p1_1.price,
        p1_1.stock,
        p1_1.updated_at,
        u1_0.user_id,
        u1_0.email,
        u1_0.mobile_number,
        u1_0.password,
        u1_0.user_role,
        u1_0.username 
    from
        order_products p1_0 
    join
        product p1_1 
            on p1_1.product_id=p1_0.product_id 
    left join
        user u1_0 
            on u1_0.user_id=p1_1.user_id 
    where
        p1_0.order_id=?
2025-11-06 07:48:46 DEBUG SQL - 
    select
        u1_0.user_id,
        u1_0.email,
        u1_0.mobile_number,
        u1_0.password,
        u1_0.user_role,
        u1_0.username 
    from
        user u1_0 
    where
        u1_0.username=?
2025-11-06 07:48:46 DEBUG SQL - 
    select
        p1_0.product_id,
        p1_0.category,
        p1_0.created_at,
        p1_0.description,
        p1_0.name,
        p1_0.photo_image,
        p1_0.price,
        p1_0.stock,
        p1_0.updated_at,
        u1_0.user_id,
        u1_0.email,
        u1_0.mobile_number,
        u1_0.password,
        u1_0.user_role,
        u1_0.username 
    from
        product p1_0 
    left join
        user u1_0 
            on u1_0.user_id=p1_0.user_id 
    where
        p1_0.product_id=?
2025-11-06 07:48:54 DEBUG SQL - 
    select
        u1_0.user_id,
        u1_0.email,
        u1_0.mobile_number,
        u1_0.password,
        u1_0.user_role,
        u1_0.username 
    from
        user u1_0 
    where
        u1_0.username=?
2025-11-06 07:48:54 DEBUG SQL - 
    select
        f1_0.feedback_id,
        f1_0.message,
        f1_0.rating,
        f1_0.user_id 
    from
        feedback f1_0 
    where
        f1_0.user_id=?
2025-11-06 08:01:22 INFO  LocalContainerEntityManagerFactoryBean - Closing JPA EntityManagerFactory for persistence unit 'default'
2025-11-06 08:01:22 INFO  HikariDataSource - HikariPool-2 - Shutdown initiated...
2025-11-06 08:01:22 INFO  HikariDataSource - HikariPool-2 - Shutdown completed.
2025-11-06 08:08:36 INFO  Version - HV000001: Hibernate Validator 8.0.0.Final
2025-11-06 08:08:36 INFO  SpringappApplication - Starting SpringappApplication using Java 17.0.15 with PID 942 (/home/coder/project/workspace/springapp/target/classes started by coder in /home/coder/project/workspace/springapp)
2025-11-06 08:08:36 INFO  SpringappApplication - No active profile set, falling back to 1 default profile: "default"
2025-11-06 08:08:36 INFO  ChangeableUrls - The Class-Path manifest attribute in /home/coder/.m2/repository/com/sun/xml/bind/jaxb-impl/4.0.1/jaxb-impl-4.0.1.jar referenced one or more files that do not exist: file:/home/coder/.m2/repository/com/sun/xml/bind/jaxb-impl/4.0.1/jaxb-core.jar,file:/home/coder/.m2/repository/com/sun/xml/bind/jaxb-impl/4.0.1/angus-activation.jar
2025-11-06 08:08:36 INFO  ChangeableUrls - The Class-Path manifest attribute in /home/coder/.m2/repository/com/sun/xml/bind/jaxb-core/4.0.1/jaxb-core-4.0.1.jar referenced one or more files that do not exist: file:/home/coder/.m2/repository/com/sun/xml/bind/jaxb-core/4.0.1/jakarta.activation-api.jar,file:/home/coder/.m2/repository/com/sun/xml/bind/jaxb-core/4.0.1/jakarta.xml.bind-api.jar
2025-11-06 08:08:36 INFO  DevToolsPropertyDefaultsPostProcessor - Devtools property defaults active! Set 'spring.devtools.add-properties' to 'false' to disable
2025-11-06 08:08:36 INFO  DevToolsPropertyDefaultsPostProcessor - For additional web related logging consider setting the 'logging.level.web' property to 'DEBUG'
2025-11-06 08:08:37 INFO  RepositoryConfigurationDelegate - Bootstrapping Spring Data JPA repositories in DEFAULT mode.
2025-11-06 08:08:37 INFO  RepositoryConfigurationDelegate - Finished Spring Data repository scanning in 40 ms. Found 4 JPA repository interfaces.
2025-11-06 08:08:37 INFO  PostProcessorRegistrationDelegate$BeanPostProcessorChecker - Bean 'org.springframework.ws.config.annotation.DelegatingWsConfiguration' of type [org.springframework.ws.config.annotation.DelegatingWsConfiguration$$SpringCGLIB$$0] is not eligible for getting processed by all BeanPostProcessors (for example: not eligible for auto-proxying)
2025-11-06 08:08:37 INFO  AnnotationActionEndpointMapping - Supporting [WS-Addressing August 2004, WS-Addressing 1.0]
2025-11-06 08:08:37 INFO  TomcatWebServer - Tomcat initialized with port(s): 8080 (http)
2025-11-06 08:08:37 INFO  Http11NioProtocol - Initializing ProtocolHandler ["http-nio-8080"]
2025-11-06 08:08:37 INFO  StandardService - Starting service [Tomcat]
2025-11-06 08:08:37 INFO  StandardEngine - Starting Servlet engine: [Apache Tomcat/10.1.4]
2025-11-06 08:08:37 INFO  [/] - Initializing Spring embedded WebApplicationContext
2025-11-06 08:08:37 INFO  ServletWebServerApplicationContext - Root WebApplicationContext: initialization completed in 1107 ms
2025-11-06 08:08:37 INFO  LogHelper - HHH000204: Processing PersistenceUnitInfo [name: default]
2025-11-06 08:08:37 INFO  Version - HHH000412: Hibernate ORM core version 6.1.6.Final
2025-11-06 08:08:37 WARN  deprecation - HHH90000021: Encountered deprecated setting [javax.persistence.sharedCache.mode], use [jakarta.persistence.sharedCache.mode] instead
2025-11-06 08:08:38 INFO  HikariDataSource - HikariPool-1 - Starting...
2025-11-06 08:08:38 INFO  HikariPool - HikariPool-1 - Added connection com.mysql.cj.jdbc.ConnectionImpl@654c296
2025-11-06 08:08:38 INFO  HikariDataSource - HikariPool-1 - Start completed.
2025-11-06 08:08:38 INFO  SQL dialect - HHH000400: Using dialect: org.hibernate.dialect.MySQL8Dialect
2025-11-06 08:08:38 WARN  deprecation - HHH90000026: MySQL8Dialect has been deprecated; use org.hibernate.dialect.MySQLDialect instead
2025-11-06 08:08:39 INFO  JtaPlatformInitiator - HHH000490: Using JtaPlatform implementation: [org.hibernate.engine.transaction.jta.platform.internal.NoJtaPlatform]
2025-11-06 08:08:39 INFO  LocalContainerEntityManagerFactoryBean - Initialized JPA EntityManagerFactory for persistence unit 'default'
2025-11-06 08:08:39 WARN  JpaBaseConfiguration$JpaWebConfiguration - spring.jpa.open-in-view is enabled by default. Therefore, database queries may be performed during view rendering. Explicitly configure spring.jpa.open-in-view to disable this warning
2025-11-06 08:08:39 INFO  DefaultSecurityFilterChain - Will secure any request with [org.springframework.security.web.session.DisableEncodeUrlFilter@295ed3d1, org.springframework.security.web.context.request.async.WebAsyncManagerIntegrationFilter@6288cb50, org.springframework.security.web.context.SecurityContextHolderFilter@224ee368, org.springframework.security.web.header.HeaderWriterFilter@72a87fe, org.springframework.web.filter.CorsFilter@185dc756, org.springframework.security.web.authentication.logout.LogoutFilter@5c0fd12a, com.examly.springapp.config.JwtAuthenticationFilter@5a56213a, org.springframework.security.web.authentication.www.BasicAuthenticationFilter@2d1cd02a, org.springframework.security.web.savedrequest.RequestCacheAwareFilter@259b8f41, org.springframework.security.web.servletapi.SecurityContextHolderAwareRequestFilter@609fd679, org.springframework.security.web.authentication.AnonymousAuthenticationFilter@7e1273df, org.springframework.security.web.session.SessionManagementFilter@3b232b32, org.springframework.security.web.access.ExceptionTranslationFilter@167798ad, org.springframework.security.web.access.intercept.AuthorizationFilter@53ca84c5]
2025-11-06 08:08:40 INFO  OptionalLiveReloadServer - LiveReload server is running on port 35729
2025-11-06 08:08:40 INFO  Http11NioProtocol - Starting ProtocolHandler ["http-nio-8080"]
2025-11-06 08:08:40 INFO  TomcatWebServer - Tomcat started on port(s): 8080 (http) with context path ''
2025-11-06 08:08:40 INFO  SpringappApplication - Started SpringappApplication in 3.952 seconds (process running for 4.893)
2025-11-06 08:08:40 INFO  SpringappApplication - Application started successfully!
2025-11-06 08:08:53 INFO  [/] - Initializing Spring DispatcherServlet 'dispatcherServlet'
2025-11-06 08:08:53 INFO  DispatcherServlet - Initializing Servlet 'dispatcherServlet'
2025-11-06 08:08:53 INFO  DispatcherServlet - Completed initialization in 1 ms
2025-11-06 08:08:54 DEBUG SQL - 
    select
        u1_0.user_id,
        u1_0.email,
        u1_0.mobile_number,
        u1_0.password,
        u1_0.user_role,
        u1_0.username 
    from
        user u1_0 
    where
        u1_0.username=?
2025-11-06 08:08:54 DEBUG SQL - 
    select
        f1_0.feedback_id,
        f1_0.message,
        f1_0.rating,
        f1_0.user_id 
    from
        feedback f1_0
2025-11-06 08:08:54 DEBUG SQL - 
    select
        u1_0.user_id,
        u1_0.email,
        u1_0.mobile_number,
        u1_0.password,
        u1_0.user_role,
        u1_0.username 
    from
        user u1_0 
    where
        u1_0.user_id=?
2025-11-06 08:08:54 DEBUG SQL - 
    select
        u1_0.user_id,
        u1_0.email,
        u1_0.mobile_number,
        u1_0.password,
        u1_0.user_role,
        u1_0.username 
    from
        user u1_0 
    where
        u1_0.user_id=?
2025-11-06 08:08:54 DEBUG SQL - 
    select
        u1_0.user_id,
        u1_0.email,
        u1_0.mobile_number,
        u1_0.password,
        u1_0.user_role,
        u1_0.username 
    from
        user u1_0 
    where
        u1_0.user_id=?
2025-11-06 08:08:55 DEBUG SQL - 
    select
        u1_0.user_id,
        u1_0.email,
        u1_0.mobile_number,
        u1_0.password,
        u1_0.user_role,
        u1_0.username 
    from
        user u1_0 
    where
        u1_0.username=?
2025-11-06 08:08:55 DEBUG SQL - 
    select
        o1_0.order_id,
        o1_0.created_at,
        o1_0.quantity,
        o1_0.shipping_address,
        o1_0.status,
        o1_0.total_amount,
        o1_0.updated_at,
        o1_0.user_id 
    from
        orders o1_0
2025-11-06 08:08:55 DEBUG SQL - 
    select
        u1_0.user_id,
        u1_0.email,
        u1_0.mobile_number,
        u1_0.password,
        u1_0.user_role,
        u1_0.username 
    from
        user u1_0 
    where
        u1_0.username=?
2025-11-06 08:08:55 DEBUG SQL - 
    select
        u1_0.user_id,
        u1_0.email,
        u1_0.mobile_number,
        u1_0.password,
        u1_0.user_role,
        u1_0.username 
    from
        user u1_0 
    where
        u1_0.user_id=?
2025-11-06 08:08:55 DEBUG SQL - 
    select
        u1_0.user_id,
        u1_0.email,
        u1_0.mobile_number,
        u1_0.password,
        u1_0.user_role,
        u1_0.username 
    from
        user u1_0 
    where
        u1_0.user_id=?
2025-11-06 08:08:55 DEBUG SQL - 
    select
        u1_0.user_id,
        u1_0.email,
        u1_0.mobile_number,
        u1_0.password,
        u1_0.user_role,
        u1_0.username 
    from
        user u1_0 
    where
        u1_0.user_id=?
2025-11-06 08:08:55 DEBUG SQL - 
    select
        u1_0.user_id,
        u1_0.email,
        u1_0.mobile_number,
        u1_0.password,
        u1_0.user_role,
        u1_0.username 
    from
        user u1_0 
    where
        u1_0.user_id=?
2025-11-06 08:08:55 DEBUG SQL - 
    select
        u1_0.user_id,
        u1_0.email,
        u1_0.mobile_number,
        u1_0.password,
        u1_0.user_role,
        u1_0.username 
    from
        user u1_0
2025-11-06 08:08:55 DEBUG SQL - 
    select
        p1_0.order_id,
        p1_1.product_id,
        p1_1.category,
        p1_1.created_at,
        p1_1.description,
        p1_1.name,
        p1_1.photo_image,
        p1_1.price,
        p1_1.stock,
        p1_1.updated_at,
        u1_0.user_id,
        u1_0.email,
        u1_0.mobile_number,
        u1_0.password,
        u1_0.user_role,
        u1_0.username 
    from
        order_products p1_0 
    join
        product p1_1 
            on p1_1.product_id=p1_0.product_id 
    left join
        user u1_0 
            on u1_0.user_id=p1_1.user_id 
    where
        p1_0.order_id=?
2025-11-06 08:08:55 DEBUG SQL - 
    select
        p1_0.order_id,
        p1_1.product_id,
        p1_1.category,
        p1_1.created_at,
        p1_1.description,
        p1_1.name,
        p1_1.photo_image,
        p1_1.price,
        p1_1.stock,
        p1_1.updated_at,
        u1_0.user_id,
        u1_0.email,
        u1_0.mobile_number,
        u1_0.password,
        u1_0.user_role,
        u1_0.username 
    from
        order_products p1_0 
    join
        product p1_1 
            on p1_1.product_id=p1_0.product_id 
    left join
        user u1_0 
            on u1_0.user_id=p1_1.user_id 
    where
        p1_0.order_id=?
2025-11-06 08:08:55 DEBUG SQL - 
    select
        p1_0.order_id,
        p1_1.product_id,
        p1_1.category,
        p1_1.created_at,
        p1_1.description,
        p1_1.name,
        p1_1.photo_image,
        p1_1.price,
        p1_1.stock,
        p1_1.updated_at,
        u1_0.user_id,
        u1_0.email,
        u1_0.mobile_number,
        u1_0.password,
        u1_0.user_role,
        u1_0.username 
    from
        order_products p1_0 
    join
        product p1_1 
            on p1_1.product_id=p1_0.product_id 
    left join
        user u1_0 
            on u1_0.user_id=p1_1.user_id 
    where
        p1_0.order_id=?
2025-11-06 08:08:55 DEBUG SQL - 
    select
        p1_0.order_id,
        p1_1.product_id,
        p1_1.category,
        p1_1.created_at,
        p1_1.description,
        p1_1.name,
        p1_1.photo_image,
        p1_1.price,
        p1_1.stock,
        p1_1.updated_at,
        u1_0.user_id,
        u1_0.email,
        u1_0.mobile_number,
        u1_0.password,
        u1_0.user_role,
        u1_0.username 
    from
        order_products p1_0 
    join
        product p1_1 
            on p1_1.product_id=p1_0.product_id 
    left join
        user u1_0 
            on u1_0.user_id=p1_1.user_id 
    where
        p1_0.order_id=?
2025-11-06 08:09:24 DEBUG SQL - 
    select
        u1_0.user_id,
        u1_0.email,
        u1_0.mobile_number,
        u1_0.password,
        u1_0.user_role,
        u1_0.username 
    from
        user u1_0 
    where
        u1_0.username=?
2025-11-06 08:09:24 DEBUG SQL - 
    select
        u1_0.user_id,
        u1_0.email,
        u1_0.mobile_number,
        u1_0.password,
        u1_0.user_role,
        u1_0.username 
    from
        user u1_0 
    where
        u1_0.username=?
2025-11-06 08:09:40 DEBUG SQL - 
    select
        u1_0.user_id,
        u1_0.email,
        u1_0.mobile_number,
        u1_0.password,
        u1_0.user_role,
        u1_0.username 
    from
        user u1_0 
    where
        u1_0.username=?
2025-11-06 08:09:40 DEBUG SQL - 
    select
        p1_0.product_id,
        p1_0.category,
        p1_0.created_at,
        p1_0.description,
        p1_0.name,
        p1_0.photo_image,
        p1_0.price,
        p1_0.stock,
        p1_0.updated_at,
        p1_0.user_id 
    from
        product p1_0
2025-11-06 08:09:41 DEBUG SQL - 
    select
        u1_0.user_id,
        u1_0.email,
        u1_0.mobile_number,
        u1_0.password,
        u1_0.user_role,
        u1_0.username 
    from
        user u1_0 
    where
        u1_0.user_id=?
2025-11-06 08:09:41 DEBUG SQL - 
    select
        u1_0.user_id,
        u1_0.email,
        u1_0.mobile_number,
        u1_0.password,
        u1_0.user_role,
        u1_0.username 
    from
        user u1_0 
    where
        u1_0.user_id=?
2025-11-06 08:09:57 DEBUG SQL - 
    select
        u1_0.user_id,
        u1_0.email,
        u1_0.mobile_number,
        u1_0.password,
        u1_0.user_role,
        u1_0.username 
    from
        user u1_0 
    where
        u1_0.username=?
2025-11-06 08:09:57 DEBUG SQL - 
    select
        u1_0.user_id,
        u1_0.email,
        u1_0.mobile_number,
        u1_0.password,
        u1_0.user_role,
        u1_0.username 
    from
        user u1_0 
    where
        u1_0.user_id=?
2025-11-06 08:09:57 DEBUG SQL - 
    select
        o1_0.order_id,
        o1_0.created_at,
        o1_0.quantity,
        o1_0.shipping_address,
        o1_0.status,
        o1_0.total_amount,
        o1_0.updated_at,
        o1_0.user_id 
    from
        orders o1_0 
    where
        o1_0.user_id=?
2025-11-06 08:09:57 DEBUG SQL - 
    select
        p1_0.order_id,
        p1_1.product_id,
        p1_1.category,
        p1_1.created_at,
        p1_1.description,
        p1_1.name,
        p1_1.photo_image,
        p1_1.price,
        p1_1.stock,
        p1_1.updated_at,
        u1_0.user_id,
        u1_0.email,
        u1_0.mobile_number,
        u1_0.password,
        u1_0.user_role,
        u1_0.username 
    from
        order_products p1_0 
    join
        product p1_1 
            on p1_1.product_id=p1_0.product_id 
    left join
        user u1_0 
            on u1_0.user_id=p1_1.user_id 
    where
        p1_0.order_id=?
2025-11-06 08:09:58 DEBUG SQL - 
    select
        u1_0.user_id,
        u1_0.email,
        u1_0.mobile_number,
        u1_0.password,
        u1_0.user_role,
        u1_0.username 
    from
        user u1_0 
    where
        u1_0.username=?
2025-11-06 08:09:58 DEBUG SQL - 
    select
        p1_0.product_id,
        p1_0.category,
        p1_0.created_at,
        p1_0.description,
        p1_0.name,
        p1_0.photo_image,
        p1_0.price,
        p1_0.stock,
        p1_0.updated_at,
        u1_0.user_id,
        u1_0.email,
        u1_0.mobile_number,
        u1_0.password,
        u1_0.user_role,
        u1_0.username 
    from
        product p1_0 
    left join
        user u1_0 
            on u1_0.user_id=p1_0.user_id 
    where
        p1_0.product_id=?
2025-11-06 08:10:05 DEBUG SQL - 
    select
        u1_0.user_id,
        u1_0.email,
        u1_0.mobile_number,
        u1_0.password,
        u1_0.user_role,
        u1_0.username 
    from
        user u1_0 
    where
        u1_0.username=?
2025-11-06 08:10:05 DEBUG SQL - 
    select
        p1_0.product_id,
        p1_0.category,
        p1_0.created_at,
        p1_0.description,
        p1_0.name,
        p1_0.photo_image,
        p1_0.price,
        p1_0.stock,
        p1_0.updated_at,
        p1_0.user_id 
    from
        product p1_0
2025-11-06 08:10:05 DEBUG SQL - 
    select
        u1_0.user_id,
        u1_0.email,
        u1_0.mobile_number,
        u1_0.password,
        u1_0.user_role,
        u1_0.username 
    from
        user u1_0 
    where
        u1_0.user_id=?
2025-11-06 08:10:05 DEBUG SQL - 
    select
        u1_0.user_id,
        u1_0.email,
        u1_0.mobile_number,
        u1_0.password,
        u1_0.user_role,
        u1_0.username 
    from
        user u1_0 
    where
        u1_0.user_id=?
2025-11-06 08:10:19 DEBUG SQL - 
    select
        u1_0.user_id,
        u1_0.email,
        u1_0.mobile_number,
        u1_0.password,
        u1_0.user_role,
        u1_0.username 
    from
        user u1_0 
    where
        u1_0.username=?
2025-11-06 08:10:19 DEBUG SQL - 
    select
        f1_0.feedback_id,
        f1_0.message,
        f1_0.rating,
        f1_0.user_id 
    from
        feedback f1_0 
    where
        f1_0.user_id=?
2025-11-06 08:10:27 DEBUG SQL - 
    select
        u1_0.user_id,
        u1_0.email,
        u1_0.mobile_number,
        u1_0.password,
        u1_0.user_role,
        u1_0.username 
    from
        user u1_0 
    where
        u1_0.username=?
2025-11-06 08:10:27 DEBUG SQL - 
    select
        p1_0.product_id,
        p1_0.category,
        p1_0.created_at,
        p1_0.description,
        p1_0.name,
        p1_0.photo_image,
        p1_0.price,
        p1_0.stock,
        p1_0.updated_at,
        p1_0.user_id 
    from
        product p1_0
2025-11-06 08:10:27 DEBUG SQL - 
    select
        u1_0.user_id,
        u1_0.email,
        u1_0.mobile_number,
        u1_0.password,
        u1_0.user_role,
        u1_0.username 
    from
        user u1_0 
    where
        u1_0.user_id=?
2025-11-06 08:10:27 DEBUG SQL - 
    select
        u1_0.user_id,
        u1_0.email,
        u1_0.mobile_number,
        u1_0.password,
        u1_0.user_role,
        u1_0.username 
    from
        user u1_0 
    where
        u1_0.user_id=?
2025-11-06 08:10:36 DEBUG SQL - 
    select
        u1_0.user_id,
        u1_0.email,
        u1_0.mobile_number,
        u1_0.password,
        u1_0.user_role,
        u1_0.username 
    from
        user u1_0 
    where
        u1_0.username=?
2025-11-06 08:10:36 DEBUG SQL - 
    select
        u1_0.user_id,
        u1_0.email,
        u1_0.mobile_number,
        u1_0.password,
        u1_0.user_role,
        u1_0.username 
    from
        user u1_0 
    where
        u1_0.user_id=?
2025-11-06 08:10:36 DEBUG SQL - 
    select
        o1_0.order_id,
        o1_0.created_at,
        o1_0.quantity,
        o1_0.shipping_address,
        o1_0.status,
        o1_0.total_amount,
        o1_0.updated_at,
        o1_0.user_id 
    from
        orders o1_0 
    where
        o1_0.user_id=?
2025-11-06 08:10:36 DEBUG SQL - 
    select
        p1_0.order_id,
        p1_1.product_id,
        p1_1.category,
        p1_1.created_at,
        p1_1.description,
        p1_1.name,
        p1_1.photo_image,
        p1_1.price,
        p1_1.stock,
        p1_1.updated_at,
        u1_0.user_id,
        u1_0.email,
        u1_0.mobile_number,
        u1_0.password,
        u1_0.user_role,
        u1_0.username 
    from
        order_products p1_0 
    join
        product p1_1 
            on p1_1.product_id=p1_0.product_id 
    left join
        user u1_0 
            on u1_0.user_id=p1_1.user_id 
    where
        p1_0.order_id=?
2025-11-06 08:10:37 DEBUG SQL - 
    select
        u1_0.user_id,
        u1_0.email,
        u1_0.mobile_number,
        u1_0.password,
        u1_0.user_role,
        u1_0.username 
    from
        user u1_0 
    where
        u1_0.username=?
2025-11-06 08:10:37 DEBUG SQL - 
    select
        p1_0.product_id,
        p1_0.category,
        p1_0.created_at,
        p1_0.description,
        p1_0.name,
        p1_0.photo_image,
        p1_0.price,
        p1_0.stock,
        p1_0.updated_at,
        u1_0.user_id,
        u1_0.email,
        u1_0.mobile_number,
        u1_0.password,
        u1_0.user_role,
        u1_0.username 
    from
        product p1_0 
    left join
        user u1_0 
            on u1_0.user_id=p1_0.user_id 
    where
        p1_0.product_id=?
2025-11-06 08:10:40 DEBUG SQL - 
    select
        u1_0.user_id,
        u1_0.email,
        u1_0.mobile_number,
        u1_0.password,
        u1_0.user_role,
        u1_0.username 
    from
        user u1_0 
    where
        u1_0.username=?
2025-11-06 08:10:40 DEBUG SQL - 
    select
        p1_0.product_id,
        p1_0.category,
        p1_0.created_at,
        p1_0.description,
        p1_0.name,
        p1_0.photo_image,
        p1_0.price,
        p1_0.stock,
        p1_0.updated_at,
        p1_0.user_id 
    from
        product p1_0
2025-11-06 08:10:40 DEBUG SQL - 
    select
        u1_0.user_id,
        u1_0.email,
        u1_0.mobile_number,
        u1_0.password,
        u1_0.user_role,
        u1_0.username 
    from
        user u1_0 
    where
        u1_0.user_id=?
2025-11-06 08:10:40 DEBUG SQL - 
    select
        u1_0.user_id,
        u1_0.email,
        u1_0.mobile_number,
        u1_0.password,
        u1_0.user_role,
        u1_0.username 
    from
        user u1_0 
    where
        u1_0.user_id=?
2025-11-06 08:11:33 DEBUG SQL - 
    select
        u1_0.user_id,
        u1_0.email,
        u1_0.mobile_number,
        u1_0.password,
        u1_0.user_role,
        u1_0.username 
    from
        user u1_0 
    where
        u1_0.username=?
2025-11-06 08:11:33 DEBUG SQL - 
    select
        u1_0.user_id,
        u1_0.email,
        u1_0.mobile_number,
        u1_0.password,
        u1_0.user_role,
        u1_0.username 
    from
        user u1_0 
    where
        u1_0.user_id=?
2025-11-06 08:11:33 DEBUG SQL - 
    select
        o1_0.order_id,
        o1_0.created_at,
        o1_0.quantity,
        o1_0.shipping_address,
        o1_0.status,
        o1_0.total_amount,
        o1_0.updated_at,
        o1_0.user_id 
    from
        orders o1_0 
    where
        o1_0.user_id=?
2025-11-06 08:11:33 DEBUG SQL - 
    select
        p1_0.order_id,
        p1_1.product_id,
        p1_1.category,
        p1_1.created_at,
        p1_1.description,
        p1_1.name,
        p1_1.photo_image,
        p1_1.price,
        p1_1.stock,
        p1_1.updated_at,
        u1_0.user_id,
        u1_0.email,
        u1_0.mobile_number,
        u1_0.password,
        u1_0.user_role,
        u1_0.username 
    from
        order_products p1_0 
    join
        product p1_1 
            on p1_1.product_id=p1_0.product_id 
    left join
        user u1_0 
            on u1_0.user_id=p1_1.user_id 
    where
        p1_0.order_id=?
2025-11-06 08:11:33 DEBUG SQL - 
    select
        u1_0.user_id,
        u1_0.email,
        u1_0.mobile_number,
        u1_0.password,
        u1_0.user_role,
        u1_0.username 
    from
        user u1_0 
    where
        u1_0.username=?
2025-11-06 08:11:33 DEBUG SQL - 
    select
        p1_0.product_id,
        p1_0.category,
        p1_0.created_at,
        p1_0.description,
        p1_0.name,
        p1_0.photo_image,
        p1_0.price,
        p1_0.stock,
        p1_0.updated_at,
        u1_0.user_id,
        u1_0.email,
        u1_0.mobile_number,
        u1_0.password,
        u1_0.user_role,
        u1_0.username 
    from
        product p1_0 
    left join
        user u1_0 
            on u1_0.user_id=p1_0.user_id 
    where
        p1_0.product_id=?
2025-11-06 08:11:38 DEBUG SQL - 
    select
        u1_0.user_id,
        u1_0.email,
        u1_0.mobile_number,
        u1_0.password,
        u1_0.user_role,
        u1_0.username 
    from
        user u1_0 
    where
        u1_0.username=?
2025-11-06 08:11:38 DEBUG SQL - 
    select
        p1_0.product_id,
        p1_0.category,
        p1_0.created_at,
        p1_0.description,
        p1_0.name,
        p1_0.photo_image,
        p1_0.price,
        p1_0.stock,
        p1_0.updated_at,
        p1_0.user_id 
    from
        product p1_0
2025-11-06 08:11:38 DEBUG SQL - 
    select
        u1_0.user_id,
        u1_0.email,
        u1_0.mobile_number,
        u1_0.password,
        u1_0.user_role,
        u1_0.username 
    from
        user u1_0 
    where
        u1_0.user_id=?
2025-11-06 08:11:38 DEBUG SQL - 
    select
        u1_0.user_id,
        u1_0.email,
        u1_0.mobile_number,
        u1_0.password,
        u1_0.user_role,
        u1_0.username 
    from
        user u1_0 
    where
        u1_0.user_id=?
2025-11-06 08:12:33 DEBUG SQL - 
    select
        u1_0.user_id,
        u1_0.email,
        u1_0.mobile_number,
        u1_0.password,
        u1_0.user_role,
        u1_0.username 
    from
        user u1_0 
    where
        u1_0.username=?
2025-11-06 08:12:33 DEBUG SQL - 
    select
        o1_0.order_id,
        o1_0.created_at,
        o1_0.quantity,
        o1_0.shipping_address,
        o1_0.status,
        o1_0.total_amount,
        o1_0.updated_at,
        o1_0.user_id 
    from
        orders o1_0
2025-11-06 08:12:33 DEBUG SQL - 
    select
        u1_0.user_id,
        u1_0.email,
        u1_0.mobile_number,
        u1_0.password,
        u1_0.user_role,
        u1_0.username 
    from
        user u1_0 
    where
        u1_0.user_id=?
2025-11-06 08:12:33 DEBUG SQL - 
    select
        u1_0.user_id,
        u1_0.email,
        u1_0.mobile_number,
        u1_0.password,
        u1_0.user_role,
        u1_0.username 
    from
        user u1_0 
    where
        u1_0.user_id=?
2025-11-06 08:12:33 DEBUG SQL - 
    select
        u1_0.user_id,
        u1_0.email,
        u1_0.mobile_number,
        u1_0.password,
        u1_0.user_role,
        u1_0.username 
    from
        user u1_0 
    where
        u1_0.user_id=?
2025-11-06 08:12:33 DEBUG SQL - 
    select
        u1_0.user_id,
        u1_0.email,
        u1_0.mobile_number,
        u1_0.password,
        u1_0.user_role,
        u1_0.username 
    from
        user u1_0 
    where
        u1_0.user_id=?
2025-11-06 08:12:33 DEBUG SQL - 
    select
        p1_0.order_id,
        p1_1.product_id,
        p1_1.category,
        p1_1.created_at,
        p1_1.description,
        p1_1.name,
        p1_1.photo_image,
        p1_1.price,
        p1_1.stock,
        p1_1.updated_at,
        u1_0.user_id,
        u1_0.email,
        u1_0.mobile_number,
        u1_0.password,
        u1_0.user_role,
        u1_0.username 
    from
        order_products p1_0 
    join
        product p1_1 
            on p1_1.product_id=p1_0.product_id 
    left join
        user u1_0 
            on u1_0.user_id=p1_1.user_id 
    where
        p1_0.order_id=?
2025-11-06 08:12:33 DEBUG SQL - 
    select
        p1_0.order_id,
        p1_1.product_id,
        p1_1.category,
        p1_1.created_at,
        p1_1.description,
        p1_1.name,
        p1_1.photo_image,
        p1_1.price,
        p1_1.stock,
        p1_1.updated_at,
        u1_0.user_id,
        u1_0.email,
        u1_0.mobile_number,
        u1_0.password,
        u1_0.user_role,
        u1_0.username 
    from
        order_products p1_0 
    join
        product p1_1 
            on p1_1.product_id=p1_0.product_id 
    left join
        user u1_0 
            on u1_0.user_id=p1_1.user_id 
    where
        p1_0.order_id=?
2025-11-06 08:12:33 DEBUG SQL - 
    select
        p1_0.order_id,
        p1_1.product_id,
        p1_1.category,
        p1_1.created_at,
        p1_1.description,
        p1_1.name,
        p1_1.photo_image,
        p1_1.price,
        p1_1.stock,
        p1_1.updated_at,
        u1_0.user_id,
        u1_0.email,
        u1_0.mobile_number,
        u1_0.password,
        u1_0.user_role,
        u1_0.username 
    from
        order_products p1_0 
    join
        product p1_1 
            on p1_1.product_id=p1_0.product_id 
    left join
        user u1_0 
            on u1_0.user_id=p1_1.user_id 
    where
        p1_0.order_id=?
2025-11-06 08:12:33 DEBUG SQL - 
    select
        p1_0.order_id,
        p1_1.product_id,
        p1_1.category,
        p1_1.created_at,
        p1_1.description,
        p1_1.name,
        p1_1.photo_image,
        p1_1.price,
        p1_1.stock,
        p1_1.updated_at,
        u1_0.user_id,
        u1_0.email,
        u1_0.mobile_number,
        u1_0.password,
        u1_0.user_role,
        u1_0.username 
    from
        order_products p1_0 
    join
        product p1_1 
            on p1_1.product_id=p1_0.product_id 
    left join
        user u1_0 
            on u1_0.user_id=p1_1.user_id 
    where
        p1_0.order_id=?
2025-11-06 08:16:50 DEBUG SQL - 
    select
        u1_0.user_id,
        u1_0.email,
        u1_0.mobile_number,
        u1_0.password,
        u1_0.user_role,
        u1_0.username 
    from
        user u1_0 
    where
        u1_0.username=?
2025-11-06 08:16:50 DEBUG SQL - 
    select
        o1_0.order_id,
        o1_0.created_at,
        o1_0.quantity,
        o1_0.shipping_address,
        o1_0.status,
        o1_0.total_amount,
        o1_0.updated_at,
        o1_0.user_id 
    from
        orders o1_0
2025-11-06 08:16:50 DEBUG SQL - 
    select
        u1_0.user_id,
        u1_0.email,
        u1_0.mobile_number,
        u1_0.password,
        u1_0.user_role,
        u1_0.username 
    from
        user u1_0 
    where
        u1_0.user_id=?
2025-11-06 08:16:50 DEBUG SQL - 
    select
        u1_0.user_id,
        u1_0.email,
        u1_0.mobile_number,
        u1_0.password,
        u1_0.user_role,
        u1_0.username 
    from
        user u1_0 
    where
        u1_0.user_id=?
2025-11-06 08:16:50 DEBUG SQL - 
    select
        u1_0.user_id,
        u1_0.email,
        u1_0.mobile_number,
        u1_0.password,
        u1_0.user_role,
        u1_0.username 
    from
        user u1_0 
    where
        u1_0.user_id=?
2025-11-06 08:16:50 DEBUG SQL - 
    select
        u1_0.user_id,
        u1_0.email,
        u1_0.mobile_number,
        u1_0.password,
        u1_0.user_role,
        u1_0.username 
    from
        user u1_0 
    where
        u1_0.user_id=?
2025-11-06 08:16:50 DEBUG SQL - 
    select
        p1_0.order_id,
        p1_1.product_id,
        p1_1.category,
        p1_1.created_at,
        p1_1.description,
        p1_1.name,
        p1_1.photo_image,
        p1_1.price,
        p1_1.stock,
        p1_1.updated_at,
        u1_0.user_id,
        u1_0.email,
        u1_0.mobile_number,
        u1_0.password,
        u1_0.user_role,
        u1_0.username 
    from
        order_products p1_0 
    join
        product p1_1 
            on p1_1.product_id=p1_0.product_id 
    left join
        user u1_0 
            on u1_0.user_id=p1_1.user_id 
    where
        p1_0.order_id=?
2025-11-06 08:16:50 DEBUG SQL - 
    select
        p1_0.order_id,
        p1_1.product_id,
        p1_1.category,
        p1_1.created_at,
        p1_1.description,
        p1_1.name,
        p1_1.photo_image,
        p1_1.price,
        p1_1.stock,
        p1_1.updated_at,
        u1_0.user_id,
        u1_0.email,
        u1_0.mobile_number,
        u1_0.password,
        u1_0.user_role,
        u1_0.username 
    from
        order_products p1_0 
    join
        product p1_1 
            on p1_1.product_id=p1_0.product_id 
    left join
        user u1_0 
            on u1_0.user_id=p1_1.user_id 
    where
        p1_0.order_id=?
2025-11-06 08:16:50 DEBUG SQL - 
    select
        p1_0.order_id,
        p1_1.product_id,
        p1_1.category,
        p1_1.created_at,
        p1_1.description,
        p1_1.name,
        p1_1.photo_image,
        p1_1.price,
        p1_1.stock,
        p1_1.updated_at,
        u1_0.user_id,
        u1_0.email,
        u1_0.mobile_number,
        u1_0.password,
        u1_0.user_role,
        u1_0.username 
    from
        order_products p1_0 
    join
        product p1_1 
            on p1_1.product_id=p1_0.product_id 
    left join
        user u1_0 
            on u1_0.user_id=p1_1.user_id 
    where
        p1_0.order_id=?
2025-11-06 08:16:50 DEBUG SQL - 
    select
        p1_0.order_id,
        p1_1.product_id,
        p1_1.category,
        p1_1.created_at,
        p1_1.description,
        p1_1.name,
        p1_1.photo_image,
        p1_1.price,
        p1_1.stock,
        p1_1.updated_at,
        u1_0.user_id,
        u1_0.email,
        u1_0.mobile_number,
        u1_0.password,
        u1_0.user_role,
        u1_0.username 
    from
        order_products p1_0 
    join
        product p1_1 
            on p1_1.product_id=p1_0.product_id 
    left join
        user u1_0 
            on u1_0.user_id=p1_1.user_id 
    where
        p1_0.order_id=?
2025-11-06 08:21:07 DEBUG SQL - 
    select
        u1_0.user_id,
        u1_0.email,
        u1_0.mobile_number,
        u1_0.password,
        u1_0.user_role,
        u1_0.username 
    from
        user u1_0 
    where
        u1_0.username=?
2025-11-06 08:21:07 DEBUG SQL - 
    select
        o1_0.order_id,
        o1_0.created_at,
        o1_0.quantity,
        o1_0.shipping_address,
        o1_0.status,
        o1_0.total_amount,
        o1_0.updated_at,
        o1_0.user_id 
    from
        orders o1_0
2025-11-06 08:21:07 DEBUG SQL - 
    select
        u1_0.user_id,
        u1_0.email,
        u1_0.mobile_number,
        u1_0.password,
        u1_0.user_role,
        u1_0.username 
    from
        user u1_0 
    where
        u1_0.user_id=?
2025-11-06 08:21:07 DEBUG SQL - 
    select
        u1_0.user_id,
        u1_0.email,
        u1_0.mobile_number,
        u1_0.password,
        u1_0.user_role,
        u1_0.username 
    from
        user u1_0 
    where
        u1_0.user_id=?
2025-11-06 08:21:07 DEBUG SQL - 
    select
        u1_0.user_id,
        u1_0.email,
        u1_0.mobile_number,
        u1_0.password,
        u1_0.user_role,
        u1_0.username 
    from
        user u1_0 
    where
        u1_0.user_id=?
2025-11-06 08:21:07 DEBUG SQL - 
    select
        u1_0.user_id,
        u1_0.email,
        u1_0.mobile_number,
        u1_0.password,
        u1_0.user_role,
        u1_0.username 
    from
        user u1_0 
    where
        u1_0.user_id=?
2025-11-06 08:21:07 DEBUG SQL - 
    select
        p1_0.order_id,
        p1_1.product_id,
        p1_1.category,
        p1_1.created_at,
        p1_1.description,
        p1_1.name,
        p1_1.photo_image,
        p1_1.price,
        p1_1.stock,
        p1_1.updated_at,
        u1_0.user_id,
        u1_0.email,
        u1_0.mobile_number,
        u1_0.password,
        u1_0.user_role,
        u1_0.username 
    from
        order_products p1_0 
    join
        product p1_1 
            on p1_1.product_id=p1_0.product_id 
    left join
        user u1_0 
            on u1_0.user_id=p1_1.user_id 
    where
        p1_0.order_id=?
2025-11-06 08:21:07 DEBUG SQL - 
    select
        p1_0.order_id,
        p1_1.product_id,
        p1_1.category,
        p1_1.created_at,
        p1_1.description,
        p1_1.name,
        p1_1.photo_image,
        p1_1.price,
        p1_1.stock,
        p1_1.updated_at,
        u1_0.user_id,
        u1_0.email,
        u1_0.mobile_number,
        u1_0.password,
        u1_0.user_role,
        u1_0.username 
    from
        order_products p1_0 
    join
        product p1_1 
            on p1_1.product_id=p1_0.product_id 
    left join
        user u1_0 
            on u1_0.user_id=p1_1.user_id 
    where
        p1_0.order_id=?
2025-11-06 08:21:07 DEBUG SQL - 
    select
        p1_0.order_id,
        p1_1.product_id,
        p1_1.category,
        p1_1.created_at,
        p1_1.description,
        p1_1.name,
        p1_1.photo_image,
        p1_1.price,
        p1_1.stock,
        p1_1.updated_at,
        u1_0.user_id,
        u1_0.email,
        u1_0.mobile_number,
        u1_0.password,
        u1_0.user_role,
        u1_0.username 
    from
        order_products p1_0 
    join
        product p1_1 
            on p1_1.product_id=p1_0.product_id 
    left join
        user u1_0 
            on u1_0.user_id=p1_1.user_id 
    where
        p1_0.order_id=?
2025-11-06 08:21:07 DEBUG SQL - 
    select
        p1_0.order_id,
        p1_1.product_id,
        p1_1.category,
        p1_1.created_at,
        p1_1.description,
        p1_1.name,
        p1_1.photo_image,
        p1_1.price,
        p1_1.stock,
        p1_1.updated_at,
        u1_0.user_id,
        u1_0.email,
        u1_0.mobile_number,
        u1_0.password,
        u1_0.user_role,
        u1_0.username 
    from
        order_products p1_0 
    join
        product p1_1 
            on p1_1.product_id=p1_0.product_id 
    left join
        user u1_0 
            on u1_0.user_id=p1_1.user_id 
    where
        p1_0.order_id=?
2025-11-06 08:25:18 DEBUG SQL - 
    select
        u1_0.user_id,
        u1_0.email,
        u1_0.mobile_number,
        u1_0.password,
        u1_0.user_role,
        u1_0.username 
    from
        user u1_0 
    where
        u1_0.username=?
2025-11-06 08:25:18 DEBUG SQL - 
    select
        o1_0.order_id,
        o1_0.created_at,
        o1_0.quantity,
        o1_0.shipping_address,
        o1_0.status,
        o1_0.total_amount,
        o1_0.updated_at,
        o1_0.user_id 
    from
        orders o1_0
2025-11-06 08:25:18 DEBUG SQL - 
    select
        u1_0.user_id,
        u1_0.email,
        u1_0.mobile_number,
        u1_0.password,
        u1_0.user_role,
        u1_0.username 
    from
        user u1_0 
    where
        u1_0.user_id=?
2025-11-06 08:25:18 DEBUG SQL - 
    select
        u1_0.user_id,
        u1_0.email,
        u1_0.mobile_number,
        u1_0.password,
        u1_0.user_role,
        u1_0.username 
    from
        user u1_0 
    where
        u1_0.user_id=?
2025-11-06 08:25:18 DEBUG SQL - 
    select
        u1_0.user_id,
        u1_0.email,
        u1_0.mobile_number,
        u1_0.password,
        u1_0.user_role,
        u1_0.username 
    from
        user u1_0 
    where
        u1_0.user_id=?
2025-11-06 08:25:18 DEBUG SQL - 
    select
        u1_0.user_id,
        u1_0.email,
        u1_0.mobile_number,
        u1_0.password,
        u1_0.user_role,
        u1_0.username 
    from
        user u1_0 
    where
        u1_0.user_id=?
2025-11-06 08:25:18 DEBUG SQL - 
    select
        p1_0.order_id,
        p1_1.product_id,
        p1_1.category,
        p1_1.created_at,
        p1_1.description,
        p1_1.name,
        p1_1.photo_image,
        p1_1.price,
        p1_1.stock,
        p1_1.updated_at,
        u1_0.user_id,
        u1_0.email,
        u1_0.mobile_number,
        u1_0.password,
        u1_0.user_role,
        u1_0.username 
    from
        order_products p1_0 
    join
        product p1_1 
            on p1_1.product_id=p1_0.product_id 
    left join
        user u1_0 
            on u1_0.user_id=p1_1.user_id 
    where
        p1_0.order_id=?
2025-11-06 08:25:18 DEBUG SQL - 
    select
        p1_0.order_id,
        p1_1.product_id,
        p1_1.category,
        p1_1.created_at,
        p1_1.description,
        p1_1.name,
        p1_1.photo_image,
        p1_1.price,
        p1_1.stock,
        p1_1.updated_at,
        u1_0.user_id,
        u1_0.email,
        u1_0.mobile_number,
        u1_0.password,
        u1_0.user_role,
        u1_0.username 
    from
        order_products p1_0 
    join
        product p1_1 
            on p1_1.product_id=p1_0.product_id 
    left join
        user u1_0 
            on u1_0.user_id=p1_1.user_id 
    where
        p1_0.order_id=?
2025-11-06 08:25:18 DEBUG SQL - 
    select
        p1_0.order_id,
        p1_1.product_id,
        p1_1.category,
        p1_1.created_at,
        p1_1.description,
        p1_1.name,
        p1_1.photo_image,
        p1_1.price,
        p1_1.stock,
        p1_1.updated_at,
        u1_0.user_id,
        u1_0.email,
        u1_0.mobile_number,
        u1_0.password,
        u1_0.user_role,
        u1_0.username 
    from
        order_products p1_0 
    join
        product p1_1 
            on p1_1.product_id=p1_0.product_id 
    left join
        user u1_0 
            on u1_0.user_id=p1_1.user_id 
    where
        p1_0.order_id=?
2025-11-06 08:25:18 DEBUG SQL - 
    select
        p1_0.order_id,
        p1_1.product_id,
        p1_1.category,
        p1_1.created_at,
        p1_1.description,
        p1_1.name,
        p1_1.photo_image,
        p1_1.price,
        p1_1.stock,
        p1_1.updated_at,
        u1_0.user_id,
        u1_0.email,
        u1_0.mobile_number,
        u1_0.password,
        u1_0.user_role,
        u1_0.username 
    from
        order_products p1_0 
    join
        product p1_1 
            on p1_1.product_id=p1_0.product_id 
    left join
        user u1_0 
            on u1_0.user_id=p1_1.user_id 
    where
        p1_0.order_id=?
2025-11-06 08:29:36 DEBUG SQL - 
    select
        u1_0.user_id,
        u1_0.email,
        u1_0.mobile_number,
        u1_0.password,
        u1_0.user_role,
        u1_0.username 
    from
        user u1_0 
    where
        u1_0.username=?
2025-11-06 08:29:36 DEBUG SQL - 
    select
        o1_0.order_id,
        o1_0.created_at,
        o1_0.quantity,
        o1_0.shipping_address,
        o1_0.status,
        o1_0.total_amount,
        o1_0.updated_at,
        o1_0.user_id 
    from
        orders o1_0
2025-11-06 08:29:36 DEBUG SQL - 
    select
        u1_0.user_id,
        u1_0.email,
        u1_0.mobile_number,
        u1_0.password,
        u1_0.user_role,
        u1_0.username 
    from
        user u1_0 
    where
        u1_0.user_id=?
2025-11-06 08:29:36 DEBUG SQL - 
    select
        u1_0.user_id,
        u1_0.email,
        u1_0.mobile_number,
        u1_0.password,
        u1_0.user_role,
        u1_0.username 
    from
        user u1_0 
    where
        u1_0.user_id=?
2025-11-06 08:29:36 DEBUG SQL - 
    select
        u1_0.user_id,
        u1_0.email,
        u1_0.mobile_number,
        u1_0.password,
        u1_0.user_role,
        u1_0.username 
    from
        user u1_0 
    where
        u1_0.user_id=?
2025-11-06 08:29:36 DEBUG SQL - 
    select
        u1_0.user_id,
        u1_0.email,
        u1_0.mobile_number,
        u1_0.password,
        u1_0.user_role,
        u1_0.username 
    from
        user u1_0 
    where
        u1_0.user_id=?
2025-11-06 08:29:36 DEBUG SQL - 
    select
        p1_0.order_id,
        p1_1.product_id,
        p1_1.category,
        p1_1.created_at,
        p1_1.description,
        p1_1.name,
        p1_1.photo_image,
        p1_1.price,
        p1_1.stock,
        p1_1.updated_at,
        u1_0.user_id,
        u1_0.email,
        u1_0.mobile_number,
        u1_0.password,
        u1_0.user_role,
        u1_0.username 
    from
        order_products p1_0 
    join
        product p1_1 
            on p1_1.product_id=p1_0.product_id 
    left join
        user u1_0 
            on u1_0.user_id=p1_1.user_id 
    where
        p1_0.order_id=?
2025-11-06 08:29:36 DEBUG SQL - 
    select
        p1_0.order_id,
        p1_1.product_id,
        p1_1.category,
        p1_1.created_at,
        p1_1.description,
        p1_1.name,
        p1_1.photo_image,
        p1_1.price,
        p1_1.stock,
        p1_1.updated_at,
        u1_0.user_id,
        u1_0.email,
        u1_0.mobile_number,
        u1_0.password,
        u1_0.user_role,
        u1_0.username 
    from
        order_products p1_0 
    join
        product p1_1 
            on p1_1.product_id=p1_0.product_id 
    left join
        user u1_0 
            on u1_0.user_id=p1_1.user_id 
    where
        p1_0.order_id=?
2025-11-06 08:29:36 DEBUG SQL - 
    select
        p1_0.order_id,
        p1_1.product_id,
        p1_1.category,
        p1_1.created_at,
        p1_1.description,
        p1_1.name,
        p1_1.photo_image,
        p1_1.price,
        p1_1.stock,
        p1_1.updated_at,
        u1_0.user_id,
        u1_0.email,
        u1_0.mobile_number,
        u1_0.password,
        u1_0.user_role,
        u1_0.username 
    from
        order_products p1_0 
    join
        product p1_1 
            on p1_1.product_id=p1_0.product_id 
    left join
        user u1_0 
            on u1_0.user_id=p1_1.user_id 
    where
        p1_0.order_id=?
2025-11-06 08:29:36 DEBUG SQL - 
    select
        p1_0.order_id,
        p1_1.product_id,
        p1_1.category,
        p1_1.created_at,
        p1_1.description,
        p1_1.name,
        p1_1.photo_image,
        p1_1.price,
        p1_1.stock,
        p1_1.updated_at,
        u1_0.user_id,
        u1_0.email,
        u1_0.mobile_number,
        u1_0.password,
        u1_0.user_role,
        u1_0.username 
    from
        order_products p1_0 
    join
        product p1_1 
            on p1_1.product_id=p1_0.product_id 
    left join
        user u1_0 
            on u1_0.user_id=p1_1.user_id 
    where
        p1_0.order_id=?
